place_id,place,place_type,code,series,validated,model,issued_at,origin,target,horizon,forecast,low_80,high_80,low_95,high_95
478,Abruzzo,region,ITF1,tourism_nights,no,POOL_GR,2026-09-27T17:58:57.344071+00:00,2025-12,2026-01,1,392522,356495,433216,325779,474414
478,Abruzzo,region,ITF1,tourism_nights,no,POOL_GR,2026-09-27T17:58:57.344071+00:00,2025-12,2026-02,2,351591,318102,389291,292290,426129
478,Abruzzo,region,ITF1,tourism_nights,no,POOL_GR,2026-09-27T17:58:57.344071+00:00,2025-12,2026-03,3,272409,245900,302701,225253,332605
478,Abruzzo,region,ITF1,tourism_nights,no,POOL_GR,2026-09-27T17:58:57.344071+00:00,2025-12,2026-04,4,343570,309464,382234,283878,419843
478,Abruzzo,region,ITF1,tourism_nights,no,POOL_GR,2026-09-27T17:58:57.344071+00:00,2025-12,2026-05,5,484184,435634,540008,398601,594106
478,Abruzzo,region,ITF1,tourism_nights,no,POOL_GR,2026-09-27T17:58:57.344071+00:00,2025-12,2026-06,6,1158072,1041117,1291989,951263,1424454
478,Abruzzo,region,ITF1,tourism_nights,no,POOL_GR,2026-09-27T17:58:57.344071+00:00,2025-12,2026-07,7,1951543,1752163,2183974,1594141,2407655
478,Abruzzo,region,ITF1,tourism_nights,no,POOL_GR,2026-09-27T17:58:57.344071+00:00,2025-12,2026-08,8,2535765,2275511,2835390,2065790,3137276
478,Abruzzo,region,ITF1,tourism_nights,no,POOL_GR,2026-09-27T17:58:57.344071+00:00,2025-12,2026-09,9,821069,735722,919404,668482,1017761
478,Abruzzo,region,ITF1,tourism_nights,no,POOL_GR,2026-09-27T17:58:57.344071+00:00,2025-12,2026-10,10,390210,349251,437721,318140,487866
478,Abruzzo,region,ITF1,tourism_nights,no,POOL_GR,2026-09-27T17:58:57.344071+00:00,2025-12,2026-11,11,258318,230818,289960,209701,322801
478,Abruzzo,region,ITF1,tourism_nights,no,POOL_GR,2026-09-27T17:58:57.344071+00:00,2025-12,2026-12,12,343636,306917,386391,278465,430982
395,Åland,region,FI20,tourism_nights,no,POOL_GR,2026-09-27T17:58:57.344071+00:00,2025-12,2026-01,1,6431,5840,7097,5337,7772
395,Åland,region,FI20,tourism_nights,no,POOL_GR,2026-09-27T17:58:57.344071+00:00,2025-12,2026-02,2,6119,5536,6775,5087,7416
395,Åland,region,FI20,tourism_nights,no,POOL_GR,2026-09-27T17:58:57.344071+00:00,2025-12,2026-03,3,7088,6399,7877,5861,8655
395,Åland,region,FI20,tourism_nights,no,POOL_GR,2026-09-27T17:58:57.344071+00:00,2025-12,2026-04,4,14059,12663,15641,11616,17180
395,Åland,region,FI20,tourism_nights,no,POOL_GR,2026-09-27T17:58:57.344071+00:00,2025-12,2026-05,5,42392,38141,47280,34899,52016
395,Åland,region,FI20,tourism_nights,no,POOL_GR,2026-09-27T17:58:57.344071+00:00,2025-12,2026-06,6,70928,63765,79130,58262,87243
395,Åland,region,FI20,tourism_nights,no,POOL_GR,2026-09-27T17:58:57.344071+00:00,2025-12,2026-07,7,121154,108776,135584,98966,149470
395,Åland,region,FI20,tourism_nights,no,POOL_GR,2026-09-27T17:58:57.344071+00:00,2025-12,2026-08,8,68182,61184,76239,55545,84356
395,Åland,region,FI20,tourism_nights,no,POOL_GR,2026-09-27T17:58:57.344071+00:00,2025-12,2026-09,9,32071,28737,35912,26111,39753
395,Åland,region,FI20,tourism_nights,no,POOL_GR,2026-09-27T17:58:57.344071+00:00,2025-12,2026-10,10,17424,15595,19545,14206,21784
395,Åland,region,FI20,tourism_nights,no,POOL_GR,2026-09-27T17:58:57.344071+00:00,2025-12,2026-11,11,9304,8313,10443,7553,11626
395,Åland,region,FI20,tourism_nights,no,POOL_GR,2026-09-27T17:58:57.344071+00:00,2025-12,2026-12,12,5675,5069,6382,4599,7118
609,Alentejo,region,PT1C,tourism_nights,no,POOL_GR,2026-09-27T17:58:57.344071+00:00,2025-12,2026-01,1,170715,155046,188413,141687,206331
609,Alentejo,region,PT1C,tourism_nights,no,POOL_GR,2026-09-27T17:58:57.344071+00:00,2025-12,2026-02,2,193221,174817,213940,160632,234185
609,Alentejo,region,PT1C,tourism_nights,no,POOL_GR,2026-09-27T17:58:57.344071+00:00,2025-12,2026-03,3,248628,224434,276275,205589,303569
609,Alentejo,region,PT1C,tourism_nights,no,POOL_GR,2026-09-27T17:58:57.344071+00:00,2025-12,2026-04,4,354585,319385,394488,292979,433303
609,Alentejo,region,PT1C,tourism_nights,no,POOL_GR,2026-09-27T17:58:57.344071+00:00,2025-12,2026-05,5,401043,360830,447281,330156,492090
609,Alentejo,region,PT1C,tourism_nights,no,POOL_GR,2026-09-27T17:58:57.344071+00:00,2025-12,2026-06,6,479537,431108,534990,393901,589842
609,Alentejo,region,PT1C,tourism_nights,no,POOL_GR,2026-09-27T17:58:57.344071+00:00,2025-12,2026-07,7,628488,564278,703342,513388,775378
609,Alentejo,region,PT1C,tourism_nights,no,POOL_GR,2026-09-27T17:58:57.344071+00:00,2025-12,2026-08,8,901127,808641,1007604,734113,1114884
609,Alentejo,region,PT1C,tourism_nights,no,POOL_GR,2026-09-27T17:58:57.344071+00:00,2025-12,2026-09,9,534812,479221,598864,435423,662930
609,Alentejo,region,PT1C,tourism_nights,no,POOL_GR,2026-09-27T17:58:57.344071+00:00,2025-12,2026-10,10,378154,338460,424197,308311,472793
609,Alentejo,region,PT1C,tourism_nights,no,POOL_GR,2026-09-27T17:58:57.344071+00:00,2025-12,2026-11,11,251612,224825,282432,204256,314420
609,Alentejo,region,PT1C,tourism_nights,no,POOL_GR,2026-09-27T17:58:57.344071+00:00,2025-12,2026-12,12,206746,184654,232469,167536,259297
555,Algarve,region,PT15,tourism_nights,no,POOL_GR,2026-09-27T17:58:57.344071+00:00,2025-12,2026-01,1,718739,652770,793252,596527,868689
555,Algarve,region,PT15,tourism_nights,no,POOL_GR,2026-09-27T17:58:57.344071+00:00,2025-12,2026-02,2,931694,842950,1031596,774549,1129217
555,Algarve,region,PT15,tourism_nights,no,POOL_GR,2026-09-27T17:58:57.344071+00:00,2025-12,2026-03,3,1296802,1170609,1441007,1072317,1583365
555,Algarve,region,PT15,tourism_nights,no,POOL_GR,2026-09-27T17:58:57.344071+00:00,2025-12,2026-04,4,2008870,1809452,2234940,1659847,2454842
555,Algarve,region,PT15,tourism_nights,no,POOL_GR,2026-09-27T17:58:57.344071+00:00,2025-12,2026-05,5,2198773,1978300,2452282,1810125,2697952
555,Algarve,region,PT15,tourism_nights,no,POOL_GR,2026-09-27T17:58:57.344071+00:00,2025-12,2026-06,6,2595975,2333805,2896169,2132384,3193107
555,Algarve,region,PT15,tourism_nights,no,POOL_GR,2026-09-27T17:58:57.344071+00:00,2025-12,2026-07,7,3259617,2926598,3647841,2662656,4021450
555,Algarve,region,PT15,tourism_nights,no,POOL_GR,2026-09-27T17:58:57.344071+00:00,2025-12,2026-08,8,3801756,3411570,4250970,3097143,4703574
555,Algarve,region,PT15,tourism_nights,no,POOL_GR,2026-09-27T17:58:57.344071+00:00,2025-12,2026-09,9,2657586,2381341,2975870,2163703,3294227
555,Algarve,region,PT15,tourism_nights,no,POOL_GR,2026-09-27T17:58:57.344071+00:00,2025-12,2026-10,10,2251541,2015204,2525683,1835693,2815024
555,Algarve,region,PT15,tourism_nights,no,POOL_GR,2026-09-27T17:58:57.344071+00:00,2025-12,2026-11,11,1006164,899048,1129409,816796,1257328
555,Algarve,region,PT15,tourism_nights,no,POOL_GR,2026-09-27T17:58:57.344071+00:00,2025-12,2026-12,12,795289,710310,894240,644461,997438
485,Alsace,region,FRF1,tourism_nights,no,POOL_GR,2026-09-27T17:58:57.344071+00:00,2025-12,2026-01,1,462521,420069,510471,383876,559016
485,Alsace,region,FRF1,tourism_nights,no,POOL_GR,2026-09-27T17:58:57.344071+00:00,2025-12,2026-02,2,483602,437539,535457,402035,586128
485,Alsace,region,FRF1,tourism_nights,no,POOL_GR,2026-09-27T17:58:57.344071+00:00,2025-12,2026-03,3,586939,529824,652207,485336,716639
485,Alsace,region,FRF1,tourism_nights,no,POOL_GR,2026-09-27T17:58:57.344071+00:00,2025-12,2026-04,4,935150,842319,1040388,772676,1142754
485,Alsace,region,FRF1,tourism_nights,no,POOL_GR,2026-09-27T17:58:57.344071+00:00,2025-12,2026-05,5,1095559,985707,1221873,901912,1344280
485,Alsace,region,FRF1,tourism_nights,no,POOL_GR,2026-09-27T17:58:57.344071+00:00,2025-12,2026-06,6,1150126,1033973,1283124,944735,1414680
485,Alsace,region,FRF1,tourism_nights,no,POOL_GR,2026-09-27T17:58:57.344071+00:00,2025-12,2026-07,7,1346644,1209064,1507031,1100022,1661380
485,Alsace,region,FRF1,tourism_nights,no,POOL_GR,2026-09-27T17:58:57.344071+00:00,2025-12,2026-08,8,1512042,1356856,1690704,1231802,1870715
485,Alsace,region,FRF1,tourism_nights,no,POOL_GR,2026-09-27T17:58:57.344071+00:00,2025-12,2026-09,9,1043841,935338,1168856,849855,1293899
485,Alsace,region,FRF1,tourism_nights,no,POOL_GR,2026-09-27T17:58:57.344071+00:00,2025-12,2026-10,10,942715,843761,1057497,768600,1178644
485,Alsace,region,FRF1,tourism_nights,no,POOL_GR,2026-09-27T17:58:57.344071+00:00,2025-12,2026-11,11,742360,663328,833292,602642,927671
485,Alsace,region,FRF1,tourism_nights,no,POOL_GR,2026-09-27T17:58:57.344071+00:00,2025-12,2026-12,12,1225322,1094392,1377779,992938,1536778
443,"Anatoliki Makedonia, Thraki",region,EL51,tourism_nights,no,POOL_GR,2026-09-27T17:58:57.344071+00:00,2025-12,2026-01,1,67900,61668,74939,56354,82065
443,"Anatoliki Makedonia, Thraki",region,EL51,tourism_nights,no,POOL_GR,2026-09-27T17:58:57.344071+00:00,2025-12,2026-02,2,55963,50633,61964,46524,67828
443,"Anatoliki Makedonia, Thraki",region,EL51,tourism_nights,no,POOL_GR,2026-09-27T17:58:57.344071+00:00,2025-12,2026-03,3,87858,79309,97628,72649,107273
443,"Anatoliki Makedonia, Thraki",region,EL51,tourism_nights,no,POOL_GR,2026-09-27T17:58:57.344071+00:00,2025-12,2026-04,4,115387,103932,128372,95339,141003
443,"Anatoliki Makedonia, Thraki",region,EL51,tourism_nights,no,POOL_GR,2026-09-27T17:58:57.344071+00:00,2025-12,2026-05,5,231258,208069,257921,190381,283759
443,"Anatoliki Makedonia, Thraki",region,EL51,tourism_nights,no,POOL_GR,2026-09-27T17:58:57.344071+00:00,2025-12,2026-06,6,636718,572415,710347,523013,783178
443,"Anatoliki Makedonia, Thraki",region,EL51,tourism_nights,no,POOL_GR,2026-09-27T17:58:57.344071+00:00,2025-12,2026-07,7,973667,874192,1089631,795351,1201230
443,"Anatoliki Makedonia, Thraki",region,EL51,tourism_nights,no,POOL_GR,2026-09-27T17:58:57.344071+00:00,2025-12,2026-08,8,1071367,961409,1197959,872801,1325506
443,"Anatoliki Makedonia, Thraki",region,EL51,tourism_nights,no,POOL_GR,2026-09-27T17:58:57.344071+00:00,2025-12,2026-09,9,570114,510853,638393,464165,706688
443,"Anatoliki Makedonia, Thraki",region,EL51,tourism_nights,no,POOL_GR,2026-09-27T17:58:57.344071+00:00,2025-12,2026-10,10,130062,116410,145898,106040,162612
443,"Anatoliki Makedonia, Thraki",region,EL51,tourism_nights,no,POOL_GR,2026-09-27T17:58:57.344071+00:00,2025-12,2026-11,11,87736,78395,98483,71223,109637
443,"Anatoliki Makedonia, Thraki",region,EL51,tourism_nights,no,POOL_GR,2026-09-27T17:58:57.344071+00:00,2025-12,2026-12,12,88520,79061,99534,71732,111020
405,Andalucía,region,ES61,tourism_nights,no,POOL_GR,2026-09-27T17:58:57.344071+00:00,2025-12,2026-01,1,3412770,3099533,3766577,2832477,4124774
405,Andalucía,region,ES61,tourism_nights,no,POOL_GR,2026-09-27T17:58:57.344071+00:00,2025-12,2026-02,2,4194533,3795002,4644297,3487060,5083789
405,Andalucía,region,ES61,tourism_nights,no,POOL_GR,2026-09-27T17:58:57.344071+00:00,2025-12,2026-03,3,5118343,4620274,5687507,4232324,6249379
405,Andalucía,region,ES61,tourism_nights,no,POOL_GR,2026-09-27T17:58:57.344071+00:00,2025-12,2026-04,4,6817341,6140592,7584536,5632889,8330800
405,Andalucía,region,ES61,tourism_nights,no,POOL_GR,2026-09-27T17:58:57.344071+00:00,2025-12,2026-05,5,7535781,6780162,8404625,6203780,9246599
405,Andalucía,region,ES61,tourism_nights,no,POOL_GR,2026-09-27T17:58:57.344071+00:00,2025-12,2026-06,6,8240102,7407925,9192972,6768578,10135509
405,Andalucía,region,ES61,tourism_nights,no,POOL_GR,2026-09-27T17:58:57.344071+00:00,2025-12,2026-07,7,9848810,8842603,11021814,8045114,12150659
405,Andalucía,region,ES61,tourism_nights,no,POOL_GR,2026-09-27T17:58:57.344071+00:00,2025-12,2026-08,8,11141497,9998010,12457974,9076547,13784383
405,Andalucía,region,ES61,tourism_nights,no,POOL_GR,2026-09-27T17:58:57.344071+00:00,2025-12,2026-09,9,8406899,7533036,9413746,6844569,10420823
405,Andalucía,region,ES61,tourism_nights,no,POOL_GR,2026-09-27T17:58:57.344071+00:00,2025-12,2026-10,10,7048889,6308990,7907144,5746997,8812982
405,Andalucía,region,ES61,tourism_nights,no,POOL_GR,2026-09-27T17:58:57.344071+00:00,2025-12,2026-11,11,4436627,3964302,4980070,3601619,5544120
405,Andalucía,region,ES61,tourism_nights,no,POOL_GR,2026-09-27T17:58:57.344071+00:00,2025-12,2026-12,12,3972438,3547971,4466696,3219061,4982166
487,Aquitaine,region,FRI1,tourism_nights,no,POOL_GR,2026-09-27T17:58:57.344071+00:00,2025-12,2026-01,1,701172,636816,773863,581948,847457
487,Aquitaine,region,FRI1,tourism_nights,no,POOL_GR,2026-09-27T17:58:57.344071+00:00,2025-12,2026-02,2,827959,749096,916738,688311,1003489
487,Aquitaine,region,FRI1,tourism_nights,no,POOL_GR,2026-09-27T17:58:57.344071+00:00,2025-12,2026-03,3,1067912,963993,1186665,883049,1303896
487,Aquitaine,region,FRI1,tourism_nights,no,POOL_GR,2026-09-27T17:58:57.344071+00:00,2025-12,2026-04,4,2532622,2281212,2817633,2092602,3094868
487,Aquitaine,region,FRI1,tourism_nights,no,POOL_GR,2026-09-27T17:58:57.344071+00:00,2025-12,2026-05,5,3009741,2707952,3356752,2477749,3693031
487,Aquitaine,region,FRI1,tourism_nights,no,POOL_GR,2026-09-27T17:58:57.344071+00:00,2025-12,2026-06,6,3853105,3463976,4298671,3165015,4739405
487,Aquitaine,region,FRI1,tourism_nights,no,POOL_GR,2026-09-27T17:58:57.344071+00:00,2025-12,2026-07,7,8720015,7829132,9758578,7123045,10758044
487,Aquitaine,region,FRI1,tourism_nights,no,POOL_GR,2026-09-27T17:58:57.344071+00:00,2025-12,2026-08,8,10724423,9623742,11991618,8736773,13268374
487,Aquitaine,region,FRI1,tourism_nights,no,POOL_GR,2026-09-27T17:58:57.344071+00:00,2025-12,2026-09,9,3509486,3144690,3929798,2857287,4350205
487,Aquitaine,region,FRI1,tourism_nights,no,POOL_GR,2026-09-27T17:58:57.344071+00:00,2025-12,2026-10,10,1921715,1719999,2155698,1566785,2402654
487,Aquitaine,region,FRI1,tourism_nights,no,POOL_GR,2026-09-27T17:58:57.344071+00:00,2025-12,2026-11,11,965668,862863,1083953,783922,1206723
487,Aquitaine,region,FRI1,tourism_nights,no,POOL_GR,2026-09-27T17:58:57.344071+00:00,2025-12,2026-12,12,944915,843948,1062483,765711,1185097
390,Aragón,region,ES24,tourism_nights,no,POOL_GR,2026-09-27T17:58:57.344071+00:00,2025-12,2026-01,1,469522,426427,518198,389686,567478
390,Aragón,region,ES24,tourism_nights,no,POOL_GR,2026-09-27T17:58:57.344071+00:00,2025-12,2026-02,2,585991,530175,648824,487154,710223
390,Aragón,region,ES24,tourism_nights,no,POOL_GR,2026-09-27T17:58:57.344071+00:00,2025-12,2026-03,3,593050,535340,658997,490389,724100
390,Aragón,region,ES24,tourism_nights,no,POOL_GR,2026-09-27T17:58:57.344071+00:00,2025-12,2026-04,4,725235,653241,806849,599232,886238
390,Aragón,region,ES24,tourism_nights,no,POOL_GR,2026-09-27T17:58:57.344071+00:00,2025-12,2026-05,5,732524,659073,816981,603045,898826
390,Aragón,region,ES24,tourism_nights,no,POOL_GR,2026-09-27T17:58:57.344071+00:00,2025-12,2026-06,6,809225,727500,902802,664713,995364
390,Aragón,region,ES24,tourism_nights,no,POOL_GR,2026-09-27T17:58:57.344071+00:00,2025-12,2026-07,7,1149109,1031710,1285969,938663,1417677
390,Aragón,region,ES24,tourism_nights,no,POOL_GR,2026-09-27T17:58:57.344071+00:00,2025-12,2026-08,8,1557872,1397983,1741950,1269138,1927417
390,Aragón,region,ES24,tourism_nights,no,POOL_GR,2026-09-27T17:58:57.344071+00:00,2025-12,2026-09,9,836445,749500,936622,681001,1036821
390,Aragón,region,ES24,tourism_nights,no,POOL_GR,2026-09-27T17:58:57.344071+00:00,2025-12,2026-10,10,722485,646648,810453,589046,903298
390,Aragón,region,ES24,tourism_nights,no,POOL_GR,2026-09-27T17:58:57.344071+00:00,2025-12,2026-11,11,502805,449276,564393,408173,628317
390,Aragón,region,ES24,tourism_nights,no,POOL_GR,2026-09-27T17:58:57.344071+00:00,2025-12,2026-12,12,581996,519808,654410,471620,729930
423,Arnsberg,region,DEA5,tourism_nights,no,POOL_GR,2026-09-27T17:58:57.344071+00:00,2025-12,2026-01,1,623356,566142,687980,517363,753406
423,Arnsberg,region,DEA5,tourism_nights,no,POOL_GR,2026-09-27T17:58:57.344071+00:00,2025-12,2026-02,2,666071,602628,737492,553728,807281
423,Arnsberg,region,DEA5,tourism_nights,no,POOL_GR,2026-09-27T17:58:57.344071+00:00,2025-12,2026-03,3,695276,627618,772591,574919,848916
423,Arnsberg,region,DEA5,tourism_nights,no,POOL_GR,2026-09-27T17:58:57.344071+00:00,2025-12,2026-04,4,777671,700473,865187,642558,950315
423,Arnsberg,region,DEA5,tourism_nights,no,POOL_GR,2026-09-27T17:58:57.344071+00:00,2025-12,2026-05,5,861801,775388,961163,709472,1057453
423,Arnsberg,region,DEA5,tourism_nights,no,POOL_GR,2026-09-27T17:58:57.344071+00:00,2025-12,2026-06,6,841983,756950,939349,691621,1035658
423,Arnsberg,region,DEA5,tourism_nights,no,POOL_GR,2026-09-27T17:58:57.344071+00:00,2025-12,2026-07,7,894119,802771,1000609,730371,1103091
423,Arnsberg,region,DEA5,tourism_nights,no,POOL_GR,2026-09-27T17:58:57.344071+00:00,2025-12,2026-08,8,955825,857725,1068765,778673,1182557
423,Arnsberg,region,DEA5,tourism_nights,no,POOL_GR,2026-09-27T17:58:57.344071+00:00,2025-12,2026-09,9,863702,773924,967143,703192,1070607
423,Arnsberg,region,DEA5,tourism_nights,no,POOL_GR,2026-09-27T17:58:57.344071+00:00,2025-12,2026-10,10,911802,816093,1022820,743397,1139994
423,Arnsberg,region,DEA5,tourism_nights,no,POOL_GR,2026-09-27T17:58:57.344071+00:00,2025-12,2026-11,11,695305,621282,780473,564443,868870
423,Arnsberg,region,DEA5,tourism_nights,no,POOL_GR,2026-09-27T17:58:57.344071+00:00,2025-12,2026-12,12,721001,643960,810709,584262,904267
463,Attiki,region,EL30,tourism_nights,no,POOL_GR,2026-09-27T17:58:57.344071+00:00,2025-12,2026-01,1,577371,524378,637228,479197,697828
463,Attiki,region,EL30,tourism_nights,no,POOL_GR,2026-09-27T17:58:57.344071+00:00,2025-12,2026-02,2,620347,561259,686865,515716,751863
463,Attiki,region,EL30,tourism_nights,no,POOL_GR,2026-09-27T17:58:57.344071+00:00,2025-12,2026-03,3,842264,760303,935925,696463,1028385
463,Attiki,region,EL30,tourism_nights,no,POOL_GR,2026-09-27T17:58:57.344071+00:00,2025-12,2026-04,4,1018259,917178,1132849,841346,1244314
463,Attiki,region,EL30,tourism_nights,no,POOL_GR,2026-09-27T17:58:57.344071+00:00,2025-12,2026-05,5,1223732,1101027,1364823,1007429,1501551
463,Attiki,region,EL30,tourism_nights,no,POOL_GR,2026-09-27T17:58:57.344071+00:00,2025-12,2026-06,6,1482768,1333022,1654233,1217974,1823838
463,Attiki,region,EL30,tourism_nights,no,POOL_GR,2026-09-27T17:58:57.344071+00:00,2025-12,2026-07,7,1671676,1500888,1870774,1365528,2062377
463,Attiki,region,EL30,tourism_nights,no,POOL_GR,2026-09-27T17:58:57.344071+00:00,2025-12,2026-08,8,1752931,1573022,1960056,1428045,2168745
463,Attiki,region,EL30,tourism_nights,no,POOL_GR,2026-09-27T17:58:57.344071+00:00,2025-12,2026-09,9,1465148,1312852,1640621,1192866,1816133
463,Attiki,region,EL30,tourism_nights,no,POOL_GR,2026-09-27T17:58:57.344071+00:00,2025-12,2026-10,10,1033088,924648,1158874,842282,1291635
463,Attiki,region,EL30,tourism_nights,no,POOL_GR,2026-09-27T17:58:57.344071+00:00,2025-12,2026-11,11,684266,611419,768082,555482,855076
463,Attiki,region,EL30,tourism_nights,no,POOL_GR,2026-09-27T17:58:57.344071+00:00,2025-12,2026-12,12,719506,642625,809029,583051,902393
319,Austria,country,AT,tourism_nights,yes,POOL_GR_WG,2026-09-27T17:58:57.344071+00:00,2026-06,2026-07,1,15931944,14833576,17131953,13782519,18222168
319,Austria,country,AT,tourism_nights,yes,POOL_GR_WG,2026-09-27T17:58:57.344071+00:00,2026-06,2026-08,2,18328950,17086300,19776112,16000607,20979360
319,Austria,country,AT,tourism_nights,yes,POOL_GR_WG,2026-09-27T17:58:57.344071+00:00,2026-06,2026-09,3,11188787,10399602,12150333,9763500,12797285
319,Austria,country,AT,tourism_nights,yes,POOL_GR_WG,2026-09-27T17:58:57.344071+00:00,2026-06,2026-10,4,8591631,7981981,9317122,7463026,9836528
319,Austria,country,AT,tourism_nights,yes,POOL_GR_WG,2026-09-27T17:58:57.344071+00:00,2026-06,2026-11,5,5542568,5144233,6023106,4825540,6356349
319,Austria,country,AT,tourism_nights,yes,POOL_GR_WG,2026-09-27T17:58:57.344071+00:00,2026-06,2026-12,6,12233776,11342062,13280497,10580259,14023501
319,Austria,country,AT,tourism_nights,yes,POOL_GR_WG,2026-09-27T17:58:57.344071+00:00,2026-06,2027-01,7,14126526,13081128,15359997,12237586,16213795
319,Austria,country,AT,tourism_nights,yes,POOL_GR_WG,2026-09-27T17:58:57.344071+00:00,2026-06,2027-02,8,15098416,13961942,16411697,13021786,17363920
319,Austria,country,AT,tourism_nights,yes,POOL_GR_WG,2026-09-27T17:58:57.344071+00:00,2026-06,2027-03,9,10809988,9998437,11746741,9354981,12408724
319,Austria,country,AT,tourism_nights,yes,POOL_GR_WG,2026-09-27T17:58:57.344071+00:00,2026-06,2027-04,10,7270026,6711419,7932536,6282241,8380612
319,Austria,country,AT,tourism_nights,yes,POOL_GR_WG,2026-09-27T17:58:57.344071+00:00,2026-06,2027-05,11,8931411,8245910,9727769,7693564,10271329
319,Austria,country,AT,tourism_nights,yes,POOL_GR_WG,2026-09-27T17:58:57.344071+00:00,2026-06,2027-06,12,11766441,10866305,12856302,10121525,13646941
542,Auvergne,region,FRK1,tourism_nights,no,POOL_GR,2026-09-27T17:58:57.344071+00:00,2025-12,2026-01,1,234568,213038,258886,194683,283505
542,Auvergne,region,FRK1,tourism_nights,no,POOL_GR,2026-09-27T17:58:57.344071+00:00,2025-12,2026-02,2,331155,299612,366664,275301,401361
542,Auvergne,region,FRK1,tourism_nights,no,POOL_GR,2026-09-27T17:58:57.344071+00:00,2025-12,2026-03,3,265629,239780,295167,219647,324327
542,Auvergne,region,FRK1,tourism_nights,no,POOL_GR,2026-09-27T17:58:57.344071+00:00,2025-12,2026-04,4,420210,378496,467498,347202,513497
542,Auvergne,region,FRK1,tourism_nights,no,POOL_GR,2026-09-27T17:58:57.344071+00:00,2025-12,2026-05,5,639458,575339,713185,526430,784632
542,Auvergne,region,FRK1,tourism_nights,no,POOL_GR,2026-09-27T17:58:57.344071+00:00,2025-12,2026-06,6,750624,674817,837424,616577,923284
542,Auvergne,region,FRK1,tourism_nights,no,POOL_GR,2026-09-27T17:58:57.344071+00:00,2025-12,2026-07,7,1373645,1233306,1537247,1122077,1694691
542,Auvergne,region,FRK1,tourism_nights,no,POOL_GR,2026-09-27T17:58:57.344071+00:00,2025-12,2026-08,8,1703040,1528252,1904271,1387401,2107020
542,Auvergne,region,FRK1,tourism_nights,no,POOL_GR,2026-09-27T17:58:57.344071+00:00,2025-12,2026-09,9,616223,552169,690025,501705,763843
542,Auvergne,region,FRK1,tourism_nights,no,POOL_GR,2026-09-27T17:58:57.344071+00:00,2025-12,2026-10,10,400333,358312,449077,326394,500523
542,Auvergne,region,FRK1,tourism_nights,no,POOL_GR,2026-09-27T17:58:57.344071+00:00,2025-12,2026-11,11,225613,201594,253248,183151,281932
542,Auvergne,region,FRK1,tourism_nights,no,POOL_GR,2026-09-27T17:58:57.344071+00:00,2025-12,2026-12,12,262065,234062,294672,212364,328677
520,Basilicata,region,ITF5,tourism_nights,no,POOL_GR,2026-09-27T17:58:57.344071+00:00,2025-12,2026-01,1,72871,66183,80426,60480,88074
520,Basilicata,region,ITF5,tourism_nights,no,POOL_GR,2026-09-27T17:58:57.344071+00:00,2025-12,2026-02,2,60919,55116,67451,50644,73833
520,Basilicata,region,ITF5,tourism_nights,no,POOL_GR,2026-09-27T17:58:57.344071+00:00,2025-12,2026-03,3,92989,83940,103330,76892,113538
520,Basilicata,region,ITF5,tourism_nights,no,POOL_GR,2026-09-27T17:58:57.344071+00:00,2025-12,2026-04,4,164516,148184,183030,135933,201038
520,Basilicata,region,ITF5,tourism_nights,no,POOL_GR,2026-09-27T17:58:57.344071+00:00,2025-12,2026-05,5,238101,214227,265553,196015,292156
520,Basilicata,region,ITF5,tourism_nights,no,POOL_GR,2026-09-27T17:58:57.344071+00:00,2025-12,2026-06,6,393884,354105,439432,323544,484486
520,Basilicata,region,ITF5,tourism_nights,no,POOL_GR,2026-09-27T17:58:57.344071+00:00,2025-12,2026-07,7,577223,518251,645971,471512,712131
520,Basilicata,region,ITF5,tourism_nights,no,POOL_GR,2026-09-27T17:58:57.344071+00:00,2025-12,2026-08,8,696694,625190,779016,567570,861958
520,Basilicata,region,ITF5,tourism_nights,no,POOL_GR,2026-09-27T17:58:57.344071+00:00,2025-12,2026-09,9,339559,304263,380226,276456,420902
520,Basilicata,region,ITF5,tourism_nights,no,POOL_GR,2026-09-27T17:58:57.344071+00:00,2025-12,2026-10,10,158574,141929,177881,129286,198259
520,Basilicata,region,ITF5,tourism_nights,no,POOL_GR,2026-09-27T17:58:57.344071+00:00,2025-12,2026-11,11,84029,75083,94322,68214,105005
520,Basilicata,region,ITF5,tourism_nights,no,POOL_GR,2026-09-27T17:58:57.344071+00:00,2025-12,2026-12,12,86650,77391,97431,70217,108675
380,Basse-Normandie ,region,FRD1,tourism_nights,no,POOL_GR,2026-09-27T17:58:57.344071+00:00,2025-12,2026-01,1,238139,216282,262827,197647,287822
380,Basse-Normandie ,region,FRD1,tourism_nights,no,POOL_GR,2026-09-27T17:58:57.344071+00:00,2025-12,2026-02,2,337876,305693,374105,280888,409507
380,Basse-Normandie ,region,FRD1,tourism_nights,no,POOL_GR,2026-09-27T17:58:57.344071+00:00,2025-12,2026-03,3,407855,368166,453209,337253,497982
380,Basse-Normandie ,region,FRD1,tourism_nights,no,POOL_GR,2026-09-27T17:58:57.344071+00:00,2025-12,2026-04,4,1083555,975992,1205494,895297,1324106
380,Basse-Normandie ,region,FRD1,tourism_nights,no,POOL_GR,2026-09-27T17:58:57.344071+00:00,2025-12,2026-05,5,1256597,1130597,1401477,1034485,1541877
380,Basse-Normandie ,region,FRD1,tourism_nights,no,POOL_GR,2026-09-27T17:58:57.344071+00:00,2025-12,2026-06,6,1292182,1161683,1441607,1061423,1589412
380,Basse-Normandie ,region,FRD1,tourism_nights,no,POOL_GR,2026-09-27T17:58:57.344071+00:00,2025-12,2026-07,7,2164501,1943364,2422296,1768098,2670385
380,Basse-Normandie ,region,FRD1,tourism_nights,no,POOL_GR,2026-09-27T17:58:57.344071+00:00,2025-12,2026-08,8,2561174,2298313,2863802,2086490,3168713
380,Basse-Normandie ,region,FRD1,tourism_nights,no,POOL_GR,2026-09-27T17:58:57.344071+00:00,2025-12,2026-09,9,1052120,942757,1178127,856595,1304162
380,Basse-Normandie ,region,FRD1,tourism_nights,no,POOL_GR,2026-09-27T17:58:57.344071+00:00,2025-12,2026-10,10,731661,654861,820746,596527,914771
380,Basse-Normandie ,region,FRD1,tourism_nights,no,POOL_GR,2026-09-27T17:58:57.344071+00:00,2025-12,2026-11,11,355021,317225,398508,288203,443643
380,Basse-Normandie ,region,FRD1,tourism_nights,no,POOL_GR,2026-09-27T17:58:57.344071+00:00,2025-12,2026-12,12,322394,287945,362507,261252,404341
345,Belgium,country,BE,tourism_nights,yes,POOL_GR_WG,2026-09-27T17:58:57.344071+00:00,2026-06,2026-07,1,6244270,5813782,6714594,5401837,7141886
345,Belgium,country,BE,tourism_nights,yes,POOL_GR_WG,2026-09-27T17:58:57.344071+00:00,2026-06,2026-08,2,6059871,5649029,6538328,5290080,6936143
345,Belgium,country,BE,tourism_nights,yes,POOL_GR_WG,2026-09-27T17:58:57.344071+00:00,2026-06,2026-09,3,3876085,3602691,4209189,3382329,4433310
345,Belgium,country,BE,tourism_nights,yes,POOL_GR_WG,2026-09-27T17:58:57.344071+00:00,2026-06,2026-10,4,4110603,3818920,4457708,3570630,4706214
345,Belgium,country,BE,tourism_nights,yes,POOL_GR_WG,2026-09-27T17:58:57.344071+00:00,2026-06,2026-11,5,2962605,2749688,3219462,2579340,3397586
345,Belgium,country,BE,tourism_nights,yes,POOL_GR_WG,2026-09-27T17:58:57.344071+00:00,2026-06,2026-12,6,3232127,2996538,3508667,2795272,3704967
345,Belgium,country,BE,tourism_nights,yes,POOL_GR_WG,2026-09-27T17:58:57.344071+00:00,2026-06,2027-01,7,2085619,1931278,2267726,1806738,2393780
345,Belgium,country,BE,tourism_nights,yes,POOL_GR_WG,2026-09-27T17:58:57.344071+00:00,2026-06,2027-02,8,2533871,2343144,2754270,2185363,2914076
345,Belgium,country,BE,tourism_nights,yes,POOL_GR_WG,2026-09-27T17:58:57.344071+00:00,2026-06,2027-03,9,2975034,2751686,3232839,2574599,3415024
345,Belgium,country,BE,tourism_nights,yes,POOL_GR_WG,2026-09-27T17:58:57.344071+00:00,2026-06,2027-04,10,4352135,4017730,4748741,3760807,5016978
345,Belgium,country,BE,tourism_nights,yes,POOL_GR_WG,2026-09-27T17:58:57.344071+00:00,2026-06,2027-05,11,4742238,4378263,5165073,4084988,5453683
345,Belgium,country,BE,tourism_nights,yes,POOL_GR_WG,2026-09-27T17:58:57.344071+00:00,2026-06,2027-06,12,4029613,3721346,4402854,3466284,4673621
468,Berlin,region,DE30,tourism_nights,no,POOL_GR,2026-09-27T17:58:57.344071+00:00,2025-12,2026-01,1,1706862,1550200,1883815,1416634,2062964
468,Berlin,region,DE30,tourism_nights,no,POOL_GR,2026-09-27T17:58:57.344071+00:00,2025-12,2026-02,2,1974200,1786156,2185886,1641220,2392737
468,Berlin,region,DE30,tourism_nights,no,POOL_GR,2026-09-27T17:58:57.344071+00:00,2025-12,2026-03,3,2274715,2053361,2527665,1880947,2777375
468,Berlin,region,DE30,tourism_nights,no,POOL_GR,2026-09-27T17:58:57.344071+00:00,2025-12,2026-04,4,2559565,2305480,2847608,2114863,3127792
468,Berlin,region,DE30,tourism_nights,no,POOL_GR,2026-09-27T17:58:57.344071+00:00,2025-12,2026-05,5,2732300,2458330,3047323,2249348,3352604
468,Berlin,region,DE30,tourism_nights,no,POOL_GR,2026-09-27T17:58:57.344071+00:00,2025-12,2026-06,6,2709360,2435739,3022666,2225521,3332574
468,Berlin,region,DE30,tourism_nights,no,POOL_GR,2026-09-27T17:58:57.344071+00:00,2025-12,2026-07,7,2955157,2653242,3307119,2413954,3645832
468,Berlin,region,DE30,tourism_nights,no,POOL_GR,2026-09-27T17:58:57.344071+00:00,2025-12,2026-08,8,2659226,2386302,2973440,2166369,3290024
468,Berlin,region,DE30,tourism_nights,no,POOL_GR,2026-09-27T17:58:57.344071+00:00,2025-12,2026-09,9,2610803,2339421,2923485,2125614,3236237
468,Berlin,region,DE30,tourism_nights,no,POOL_GR,2026-09-27T17:58:57.344071+00:00,2025-12,2026-10,10,2778193,2486575,3116459,2265076,3473479
468,Berlin,region,DE30,tourism_nights,no,POOL_GR,2026-09-27T17:58:57.344071+00:00,2025-12,2026-11,11,2383638,2129875,2675610,1935019,2978654
468,Berlin,region,DE30,tourism_nights,no,POOL_GR,2026-09-27T17:58:57.344071+00:00,2025-12,2026-12,12,2405876,2148801,2705220,1949599,3017410
506,Bourgogne,region,FRC1,tourism_nights,no,POOL_GR,2026-09-27T17:58:57.344071+00:00,2025-12,2026-01,1,295928,268766,326607,245610,357667
506,Bourgogne,region,FRC1,tourism_nights,no,POOL_GR,2026-09-27T17:58:57.344071+00:00,2025-12,2026-02,2,332615,300933,368280,276514,403130
506,Bourgogne,region,FRC1,tourism_nights,no,POOL_GR,2026-09-27T17:58:57.344071+00:00,2025-12,2026-03,3,362187,326943,402463,299490,442223
506,Bourgogne,region,FRC1,tourism_nights,no,POOL_GR,2026-09-27T17:58:57.344071+00:00,2025-12,2026-04,4,570280,513669,634456,471199,696882
506,Bourgogne,region,FRC1,tourism_nights,no,POOL_GR,2026-09-27T17:58:57.344071+00:00,2025-12,2026-05,5,732577,659121,817040,603089,898891
506,Bourgogne,region,FRC1,tourism_nights,no,POOL_GR,2026-09-27T17:58:57.344071+00:00,2025-12,2026-06,6,848609,762907,946740,697064,1043808
506,Bourgogne,region,FRC1,tourism_nights,no,POOL_GR,2026-09-27T17:58:57.344071+00:00,2025-12,2026-07,7,1131260,1015684,1265994,924083,1395656
506,Bourgogne,region,FRC1,tourism_nights,no,POOL_GR,2026-09-27T17:58:57.344071+00:00,2025-12,2026-08,8,1268099,1137950,1417938,1033072,1568907
506,Bourgogne,region,FRC1,tourism_nights,no,POOL_GR,2026-09-27T17:58:57.344071+00:00,2025-12,2026-09,9,754507,676079,844870,614290,935254
506,Bourgogne,region,FRC1,tourism_nights,no,POOL_GR,2026-09-27T17:58:57.344071+00:00,2025-12,2026-10,10,550248,492490,617245,448620,687956
506,Bourgogne,region,FRC1,tourism_nights,no,POOL_GR,2026-09-27T17:58:57.344071+00:00,2025-12,2026-11,11,355371,317538,398900,288487,444080
506,Bourgogne,region,FRC1,tourism_nights,no,POOL_GR,2026-09-27T17:58:57.344071+00:00,2025-12,2026-12,12,349359,312029,392827,283103,438160
475,Brandenburg,region,DE40,tourism_nights,no,POOL_GR,2026-09-27T17:58:57.344071+00:00,2025-12,2026-01,1,513532,466398,566770,426213,620670
475,Brandenburg,region,DE40,tourism_nights,no,POOL_GR,2026-09-27T17:58:57.344071+00:00,2025-12,2026-02,2,578923,523780,640999,481279,701657
475,Brandenburg,region,DE40,tourism_nights,no,POOL_GR,2026-09-27T17:58:57.344071+00:00,2025-12,2026-03,3,709129,640123,787984,586374,865830
475,Brandenburg,region,DE40,tourism_nights,no,POOL_GR,2026-09-27T17:58:57.344071+00:00,2025-12,2026-04,4,1032985,930442,1149233,853513,1262309
475,Brandenburg,region,DE40,tourism_nights,no,POOL_GR,2026-09-27T17:58:57.344071+00:00,2025-12,2026-05,5,1332507,1198895,1486139,1096977,1635021
475,Brandenburg,region,DE40,tourism_nights,no,POOL_GR,2026-09-27T17:58:57.344071+00:00,2025-12,2026-06,6,1453499,1306708,1621579,1193932,1787836
475,Brandenburg,region,DE40,tourism_nights,no,POOL_GR,2026-09-27T17:58:57.344071+00:00,2025-12,2026-07,7,1707452,1533010,1910811,1394752,2106515
475,Brandenburg,region,DE40,tourism_nights,no,POOL_GR,2026-09-27T17:58:57.344071+00:00,2025-12,2026-08,8,1718146,1541808,1921162,1399707,2125710
475,Brandenburg,region,DE40,tourism_nights,no,POOL_GR,2026-09-27T17:58:57.344071+00:00,2025-12,2026-09,9,1279467,1146471,1432701,1041692,1585971
475,Brandenburg,region,DE40,tourism_nights,no,POOL_GR,2026-09-27T17:58:57.344071+00:00,2025-12,2026-10,10,1166426,1043990,1308447,950994,1458342
475,Brandenburg,region,DE40,tourism_nights,no,POOL_GR,2026-09-27T17:58:57.344071+00:00,2025-12,2026-11,11,734067,655918,823984,595910,917309
475,Brandenburg,region,DE40,tourism_nights,no,POOL_GR,2026-09-27T17:58:57.344071+00:00,2025-12,2026-12,12,650702,581172,731663,527295,816099
601,Bratislavský kraj,region,SK01,tourism_nights,no,POOL_GR,2026-09-27T17:58:57.344071+00:00,2025-12,2026-01,1,149591,135861,165099,124155,180800
601,Bratislavský kraj,region,SK01,tourism_nights,no,POOL_GR,2026-09-27T17:58:57.344071+00:00,2025-12,2026-02,2,145876,131981,161518,121272,176802
601,Bratislavský kraj,region,SK01,tourism_nights,no,POOL_GR,2026-09-27T17:58:57.344071+00:00,2025-12,2026-03,3,186536,168384,207279,154245,227756
601,Bratislavský kraj,region,SK01,tourism_nights,no,POOL_GR,2026-09-27T17:58:57.344071+00:00,2025-12,2026-04,4,225383,203009,250746,186225,275418
601,Bratislavský kraj,region,SK01,tourism_nights,no,POOL_GR,2026-09-27T17:58:57.344071+00:00,2025-12,2026-05,5,253452,228038,282674,208652,310992
601,Bratislavský kraj,region,SK01,tourism_nights,no,POOL_GR,2026-09-27T17:58:57.344071+00:00,2025-12,2026-06,6,274368,246659,306095,225371,337478
601,Bratislavský kraj,region,SK01,tourism_nights,no,POOL_GR,2026-09-27T17:58:57.344071+00:00,2025-12,2026-07,7,333287,299236,372982,272249,411182
601,Bratislavský kraj,region,SK01,tourism_nights,no,POOL_GR,2026-09-27T17:58:57.344071+00:00,2025-12,2026-08,8,352691,316493,394365,287324,436353
601,Bratislavský kraj,region,SK01,tourism_nights,no,POOL_GR,2026-09-27T17:58:57.344071+00:00,2025-12,2026-09,9,260535,233453,291738,212117,322948
601,Bratislavský kraj,region,SK01,tourism_nights,no,POOL_GR,2026-09-27T17:58:57.344071+00:00,2025-12,2026-10,10,246068,220239,276029,200621,307651
601,Bratislavský kraj,region,SK01,tourism_nights,no,POOL_GR,2026-09-27T17:58:57.344071+00:00,2025-12,2026-11,11,226869,202717,254659,184171,283501
601,Bratislavský kraj,region,SK01,tourism_nights,no,POOL_GR,2026-09-27T17:58:57.344071+00:00,2025-12,2026-12,12,249592,222922,280647,202257,313034
501,Braunschweig,region,DE91,tourism_nights,no,POOL_GR,2026-09-27T17:58:57.344071+00:00,2025-12,2026-01,1,377282,342653,416395,313130,455994
501,Braunschweig,region,DE91,tourism_nights,no,POOL_GR,2026-09-27T17:58:57.344071+00:00,2025-12,2026-02,2,412021,372775,456200,342527,499370
501,Braunschweig,region,DE91,tourism_nights,no,POOL_GR,2026-09-27T17:58:57.344071+00:00,2025-12,2026-03,3,445552,402195,495097,368424,544008
501,Braunschweig,region,DE91,tourism_nights,no,POOL_GR,2026-09-27T17:58:57.344071+00:00,2025-12,2026-04,4,559963,504376,622979,462674,684275
501,Braunschweig,region,DE91,tourism_nights,no,POOL_GR,2026-09-27T17:58:57.344071+00:00,2025-12,2026-05,5,643105,578621,717253,529432,789107
501,Braunschweig,region,DE91,tourism_nights,no,POOL_GR,2026-09-27T17:58:57.344071+00:00,2025-12,2026-06,6,622306,559458,694268,511174,765450
501,Braunschweig,region,DE91,tourism_nights,no,POOL_GR,2026-09-27T17:58:57.344071+00:00,2025-12,2026-07,7,687878,617601,769805,561901,848648
501,Braunschweig,region,DE91,tourism_nights,no,POOL_GR,2026-09-27T17:58:57.344071+00:00,2025-12,2026-08,8,712055,638974,796191,580083,880962
501,Braunschweig,region,DE91,tourism_nights,no,POOL_GR,2026-09-27T17:58:57.344071+00:00,2025-12,2026-09,9,644005,577063,721133,524323,798280
501,Braunschweig,region,DE91,tourism_nights,no,POOL_GR,2026-09-27T17:58:57.344071+00:00,2025-12,2026-10,10,668899,598686,750342,545357,836301
501,Braunschweig,region,DE91,tourism_nights,no,POOL_GR,2026-09-27T17:58:57.344071+00:00,2025-12,2026-11,11,491594,439259,551810,399072,614308
501,Braunschweig,region,DE91,tourism_nights,no,POOL_GR,2026-09-27T17:58:57.344071+00:00,2025-12,2026-12,12,496423,443379,558189,402276,622606
476,Bremen,region,DE50,tourism_nights,no,POOL_GR,2026-09-27T17:58:57.344071+00:00,2025-12,2026-01,1,170318,154686,187975,141358,205852
476,Bremen,region,DE50,tourism_nights,no,POOL_GR,2026-09-27T17:58:57.344071+00:00,2025-12,2026-02,2,179665,162552,198930,149362,217754
476,Bremen,region,DE50,tourism_nights,no,POOL_GR,2026-09-27T17:58:57.344071+00:00,2025-12,2026-03,3,220171,198746,244655,182058,268824
476,Bremen,region,DE50,tourism_nights,no,POOL_GR,2026-09-27T17:58:57.344071+00:00,2025-12,2026-04,4,243865,219657,271308,201495,298003
476,Bremen,region,DE50,tourism_nights,no,POOL_GR,2026-09-27T17:58:57.344071+00:00,2025-12,2026-05,5,278974,251001,311138,229663,342308
476,Bremen,region,DE50,tourism_nights,no,POOL_GR,2026-09-27T17:58:57.344071+00:00,2025-12,2026-06,6,267780,240737,298746,219960,329376
476,Bremen,region,DE50,tourism_nights,no,POOL_GR,2026-09-27T17:58:57.344071+00:00,2025-12,2026-07,7,285596,256418,319610,233292,352345
476,Bremen,region,DE50,tourism_nights,no,POOL_GR,2026-09-27T17:58:57.344071+00:00,2025-12,2026-08,8,301855,270875,337522,245909,373458
476,Bremen,region,DE50,tourism_nights,no,POOL_GR,2026-09-27T17:58:57.344071+00:00,2025-12,2026-09,9,272156,243867,304751,221579,337353
476,Bremen,region,DE50,tourism_nights,no,POOL_GR,2026-09-27T17:58:57.344071+00:00,2025-12,2026-10,10,280159,250751,314270,228415,350273
476,Bremen,region,DE50,tourism_nights,no,POOL_GR,2026-09-27T17:58:57.344071+00:00,2025-12,2026-11,11,247939,221544,278310,201275,309831
476,Bremen,region,DE50,tourism_nights,no,POOL_GR,2026-09-27T17:58:57.344071+00:00,2025-12,2026-12,12,243809,217758,274145,197571,305782
386,Bretagne,region,FRH0,tourism_nights,no,POOL_GR,2026-09-27T17:58:57.344071+00:00,2025-12,2026-01,1,482863,438544,532923,400759,583603
386,Bretagne,region,FRH0,tourism_nights,no,POOL_GR,2026-09-27T17:58:57.344071+00:00,2025-12,2026-02,2,596778,539935,660769,496122,723297
386,Bretagne,region,FRH0,tourism_nights,no,POOL_GR,2026-09-27T17:58:57.344071+00:00,2025-12,2026-03,3,723799,653366,804286,598505,883742
386,Bretagne,region,FRH0,tourism_nights,no,POOL_GR,2026-09-27T17:58:57.344071+00:00,2025-12,2026-04,4,2028430,1827070,2256701,1676008,2478744
386,Bretagne,region,FRH0,tourism_nights,no,POOL_GR,2026-09-27T17:58:57.344071+00:00,2025-12,2026-05,5,2619516,2356855,2921535,2156499,3214214
386,Bretagne,region,FRH0,tourism_nights,no,POOL_GR,2026-09-27T17:58:57.344071+00:00,2025-12,2026-06,6,2976693,2676074,3320913,2445113,3661399
386,Bretagne,region,FRH0,tourism_nights,no,POOL_GR,2026-09-27T17:58:57.344071+00:00,2025-12,2026-07,7,5713397,5129686,6393868,4667054,7048723
386,Bretagne,region,FRH0,tourism_nights,no,POOL_GR,2026-09-27T17:58:57.344071+00:00,2025-12,2026-08,8,7118287,6387715,7959382,5798993,8806823
386,Bretagne,region,FRH0,tourism_nights,no,POOL_GR,2026-09-27T17:58:57.344071+00:00,2025-12,2026-09,9,2443926,2189890,2736622,1989749,3029384
386,Bretagne,region,FRH0,tourism_nights,no,POOL_GR,2026-09-27T17:58:57.344071+00:00,2025-12,2026-10,10,1265767,1132904,1419884,1031987,1582545
386,Bretagne,region,FRH0,tourism_nights,no,POOL_GR,2026-09-27T17:58:57.344071+00:00,2025-12,2026-11,11,629670,562635,706798,511161,786851
386,Bretagne,region,FRH0,tourism_nights,no,POOL_GR,2026-09-27T17:58:57.344071+00:00,2025-12,2026-12,12,617161,551216,693950,500116,774033
607,Bucureşti-Ilfov,region,RO32,tourism_nights,no,POOL_GR,2026-09-27T17:58:57.344071+00:00,2025-12,2026-01,1,301794,274094,333082,250478,364757
607,Bucureşti-Ilfov,region,RO32,tourism_nights,no,POOL_GR,2026-09-27T17:58:57.344071+00:00,2025-12,2026-02,2,324068,293200,358816,269409,392771
607,Bucureşti-Ilfov,region,RO32,tourism_nights,no,POOL_GR,2026-09-27T17:58:57.344071+00:00,2025-12,2026-03,3,376462,339828,418325,311294,459652
607,Bucureşti-Ilfov,region,RO32,tourism_nights,no,POOL_GR,2026-09-27T17:58:57.344071+00:00,2025-12,2026-04,4,353723,318610,393530,292267,432250
607,Bucureşti-Ilfov,region,RO32,tourism_nights,no,POOL_GR,2026-09-27T17:58:57.344071+00:00,2025-12,2026-05,5,426928,384120,476151,351466,523852
607,Bucureşti-Ilfov,region,RO32,tourism_nights,no,POOL_GR,2026-09-27T17:58:57.344071+00:00,2025-12,2026-06,6,394479,354640,440096,324033,485218
607,Bucureşti-Ilfov,region,RO32,tourism_nights,no,POOL_GR,2026-09-27T17:58:57.344071+00:00,2025-12,2026-07,7,365466,328128,408994,298535,450883
607,Bucureşti-Ilfov,region,RO32,tourism_nights,no,POOL_GR,2026-09-27T17:58:57.344071+00:00,2025-12,2026-08,8,387683,347894,433491,315830,479646
607,Bucureşti-Ilfov,region,RO32,tourism_nights,no,POOL_GR,2026-09-27T17:58:57.344071+00:00,2025-12,2026-09,9,434127,389002,486120,353450,538125
607,Bucureşti-Ilfov,region,RO32,tourism_nights,no,POOL_GR,2026-09-27T17:58:57.344071+00:00,2025-12,2026-10,10,472068,422516,529546,384879,590210
607,Bucureşti-Ilfov,region,RO32,tourism_nights,no,POOL_GR,2026-09-27T17:58:57.344071+00:00,2025-12,2026-11,11,412787,368842,463350,335098,515829
607,Bucureşti-Ilfov,region,RO32,tourism_nights,no,POOL_GR,2026-09-27T17:58:57.344071+00:00,2025-12,2026-12,12,400224,357459,450021,324321,501954
541,Budapest,region,HU11,tourism_nights,no,POOL_GR,2026-09-27T17:58:57.344071+00:00,2025-12,2026-01,1,739834,671929,816534,614036,894185
541,Budapest,region,HU11,tourism_nights,no,POOL_GR,2026-09-27T17:58:57.344071+00:00,2025-12,2026-02,2,738527,668182,817716,613963,895097
541,Budapest,region,HU11,tourism_nights,no,POOL_GR,2026-09-27T17:58:57.344071+00:00,2025-12,2026-03,3,899746,812191,999798,743994,1098569
541,Budapest,region,HU11,tourism_nights,no,POOL_GR,2026-09-27T17:58:57.344071+00:00,2025-12,2026-04,4,1025419,923627,1140816,847262,1253064
541,Budapest,region,HU11,tourism_nights,no,POOL_GR,2026-09-27T17:58:57.344071+00:00,2025-12,2026-05,5,1065791,958924,1188672,877405,1307754
541,Budapest,region,HU11,tourism_nights,no,POOL_GR,2026-09-27T17:58:57.344071+00:00,2025-12,2026-06,6,1000015,899023,1115655,821432,1230041
541,Budapest,region,HU11,tourism_nights,no,POOL_GR,2026-09-27T17:58:57.344071+00:00,2025-12,2026-07,7,1063980,955278,1190701,869124,1312652
541,Budapest,region,HU11,tourism_nights,no,POOL_GR,2026-09-27T17:58:57.344071+00:00,2025-12,2026-08,8,1230691,1104382,1376110,1002597,1522625
541,Budapest,region,HU11,tourism_nights,no,POOL_GR,2026-09-27T17:58:57.344071+00:00,2025-12,2026-09,9,1075589,963786,1204407,875703,1333253
541,Budapest,region,HU11,tourism_nights,no,POOL_GR,2026-09-27T17:58:57.344071+00:00,2025-12,2026-10,10,1118680,1001256,1254888,912066,1398647
541,Budapest,region,HU11,tourism_nights,no,POOL_GR,2026-09-27T17:58:57.344071+00:00,2025-12,2026-11,11,1022629,913759,1147891,830162,1277902
541,Budapest,region,HU11,tourism_nights,no,POOL_GR,2026-09-27T17:58:57.344071+00:00,2025-12,2026-12,12,1193238,1065737,1341703,966939,1496539
355,Bulgaria,country,BG,tourism_nights,yes,POOL_GR_WG,2026-09-27T17:58:57.344071+00:00,2026-06,2026-07,1,6146556,5722805,6609520,5317306,7030126
355,Bulgaria,country,BG,tourism_nights,yes,POOL_GR_WG,2026-09-27T17:58:57.344071+00:00,2026-06,2026-08,2,6512473,6070946,7026665,5685187,7454192
355,Bulgaria,country,BG,tourism_nights,yes,POOL_GR_WG,2026-09-27T17:58:57.344071+00:00,2026-06,2026-09,3,3237958,3009573,3516222,2825489,3703446
355,Bulgaria,country,BG,tourism_nights,yes,POOL_GR_WG,2026-09-27T17:58:57.344071+00:00,2026-06,2026-10,4,1210563,1124664,1312785,1051543,1385970
355,Bulgaria,country,BG,tourism_nights,yes,POOL_GR_WG,2026-09-27T17:58:57.344071+00:00,2026-06,2026-11,5,1060392,984184,1152328,923212,1216083
355,Bulgaria,country,BG,tourism_nights,yes,POOL_GR_WG,2026-09-27T17:58:57.344071+00:00,2026-06,2026-12,6,1114393,1033166,1209741,963772,1277422
355,Bulgaria,country,BG,tourism_nights,yes,POOL_GR_WG,2026-09-27T17:58:57.344071+00:00,2026-06,2027-01,7,1165793,1079521,1267585,1009908,1338045
355,Bulgaria,country,BG,tourism_nights,yes,POOL_GR_WG,2026-09-27T17:58:57.344071+00:00,2026-06,2027-02,8,1208867,1117874,1314016,1042600,1390257
355,Bulgaria,country,BG,tourism_nights,yes,POOL_GR_WG,2026-09-27T17:58:57.344071+00:00,2026-06,2027-03,9,1112499,1028979,1208904,962759,1277032
355,Bulgaria,country,BG,tourism_nights,yes,POOL_GR_WG,2026-09-27T17:58:57.344071+00:00,2026-06,2027-04,10,1085683,1002262,1184620,938170,1251535
355,Bulgaria,country,BG,tourism_nights,yes,POOL_GR_WG,2026-09-27T17:58:57.344071+00:00,2026-06,2027-05,11,1632863,1507538,1778455,1406556,1877830
355,Bulgaria,country,BG,tourism_nights,yes,POOL_GR_WG,2026-09-27T17:58:57.344071+00:00,2026-06,2027-06,12,3856318,3561309,4213508,3317216,4472631
374,Burgenland,region,AT11,tourism_nights,no,POOL_GR,2026-09-27T17:58:57.344071+00:00,2025-12,2026-01,1,152431,138441,168234,126513,184233
374,Burgenland,region,AT11,tourism_nights,no,POOL_GR,2026-09-27T17:58:57.344071+00:00,2025-12,2026-02,2,154840,140091,171443,128724,187667
374,Burgenland,region,AT11,tourism_nights,no,POOL_GR,2026-09-27T17:58:57.344071+00:00,2025-12,2026-03,3,155505,140373,172797,128586,189868
374,Burgenland,region,AT11,tourism_nights,no,POOL_GR,2026-09-27T17:58:57.344071+00:00,2025-12,2026-04,4,233463,210288,259736,192901,285292
374,Burgenland,region,AT11,tourism_nights,no,POOL_GR,2026-09-27T17:58:57.344071+00:00,2025-12,2026-05,5,275049,247470,306762,226433,337493
374,Burgenland,region,AT11,tourism_nights,no,POOL_GR,2026-09-27T17:58:57.344071+00:00,2025-12,2026-06,6,445025,400082,496487,365552,547391
374,Burgenland,region,AT11,tourism_nights,no,POOL_GR,2026-09-27T17:58:57.344071+00:00,2025-12,2026-07,7,391102,351145,437683,319476,482510
374,Burgenland,region,AT11,tourism_nights,no,POOL_GR,2026-09-27T17:58:57.344071+00:00,2025-12,2026-08,8,469904,421676,525428,382812,581370
374,Burgenland,region,AT11,tourism_nights,no,POOL_GR,2026-09-27T17:58:57.344071+00:00,2025-12,2026-09,9,282644,253265,316495,230118,350354
374,Burgenland,region,AT11,tourism_nights,no,POOL_GR,2026-09-27T17:58:57.344071+00:00,2025-12,2026-10,10,232186,207814,260456,189302,290294
374,Burgenland,region,AT11,tourism_nights,no,POOL_GR,2026-09-27T17:58:57.344071+00:00,2025-12,2026-11,11,185000,165305,207660,150181,231180
374,Burgenland,region,AT11,tourism_nights,no,POOL_GR,2026-09-27T17:58:57.344071+00:00,2025-12,2026-12,12,163039,145617,183324,132118,204480
523,Calabria,region,ITF6,tourism_nights,no,POOL_GR,2026-09-27T17:58:57.344071+00:00,2025-12,2026-01,1,114703,104175,126595,95200,138634
523,Calabria,region,ITF6,tourism_nights,no,POOL_GR,2026-09-27T17:58:57.344071+00:00,2025-12,2026-02,2,108940,98563,120621,90565,132035
523,Calabria,region,ITF6,tourism_nights,no,POOL_GR,2026-09-27T17:58:57.344071+00:00,2025-12,2026-03,3,126992,114635,141114,105009,155055
523,Calabria,region,ITF6,tourism_nights,no,POOL_GR,2026-09-27T17:58:57.344071+00:00,2025-12,2026-04,4,235530,212150,262036,194609,287819
523,Calabria,region,ITF6,tourism_nights,no,POOL_GR,2026-09-27T17:58:57.344071+00:00,2025-12,2026-05,5,453729,408233,506042,373529,556737
523,Calabria,region,ITF6,tourism_nights,no,POOL_GR,2026-09-27T17:58:57.344071+00:00,2025-12,2026-06,6,1375775,1236834,1534868,1130088,1692235
523,Calabria,region,ITF6,tourism_nights,no,POOL_GR,2026-09-27T17:58:57.344071+00:00,2025-12,2026-07,7,2485521,2231587,2781550,2030327,3066434
523,Calabria,region,ITF6,tourism_nights,no,POOL_GR,2026-09-27T17:58:57.344071+00:00,2025-12,2026-08,8,3106956,2788079,3474073,2531117,3843960
523,Calabria,region,ITF6,tourism_nights,no,POOL_GR,2026-09-27T17:58:57.344071+00:00,2025-12,2026-09,9,1214836,1088559,1360330,989072,1505857
523,Calabria,region,ITF6,tourism_nights,no,POOL_GR,2026-09-27T17:58:57.344071+00:00,2025-12,2026-10,10,382544,342389,429121,311890,478281
523,Calabria,region,ITF6,tourism_nights,no,POOL_GR,2026-09-27T17:58:57.344071+00:00,2025-12,2026-11,11,119487,106766,134123,96998,149314
523,Calabria,region,ITF6,tourism_nights,no,POOL_GR,2026-09-27T17:58:57.344071+00:00,2025-12,2026-12,12,113092,101007,127163,91644,141838
517,Campania,region,ITF3,tourism_nights,no,POOL_GR,2026-09-27T17:58:57.344071+00:00,2025-12,2026-01,1,716458,650698,790734,594634,865932
517,Campania,region,ITF3,tourism_nights,no,POOL_GR,2026-09-27T17:58:57.344071+00:00,2025-12,2026-02,2,707411,640030,783265,588096,857385
517,Campania,region,ITF3,tourism_nights,no,POOL_GR,2026-09-27T17:58:57.344071+00:00,2025-12,2026-03,3,1100974,993838,1223403,910388,1344264
517,Campania,region,ITF3,tourism_nights,no,POOL_GR,2026-09-27T17:58:57.344071+00:00,2025-12,2026-04,4,1776119,1599806,1975996,1467535,2170420
517,Campania,region,ITF3,tourism_nights,no,POOL_GR,2026-09-27T17:58:57.344071+00:00,2025-12,2026-05,5,2446584,2201263,2728664,2014133,3002022
517,Campania,region,ITF3,tourism_nights,no,POOL_GR,2026-09-27T17:58:57.344071+00:00,2025-12,2026-06,6,3183135,2861667,3551227,2614689,3915327
517,Campania,region,ITF3,tourism_nights,no,POOL_GR,2026-09-27T17:58:57.344071+00:00,2025-12,2026-07,7,3769733,3384597,4218712,3079350,4650789
517,Campania,region,ITF3,tourism_nights,no,POOL_GR,2026-09-27T17:58:57.344071+00:00,2025-12,2026-08,8,4129182,3705391,4617085,3363885,5108669
517,Campania,region,ITF3,tourism_nights,no,POOL_GR,2026-09-27T17:58:57.344071+00:00,2025-12,2026-09,9,3242298,2905274,3630610,2639752,4019010
517,Campania,region,ITF3,tourism_nights,no,POOL_GR,2026-09-27T17:58:57.344071+00:00,2025-12,2026-10,10,2455925,2198135,2754953,2002329,3070559
517,Campania,region,ITF3,tourism_nights,no,POOL_GR,2026-09-27T17:58:57.344071+00:00,2025-12,2026-11,11,1073638,959338,1205149,871571,1341645
517,Campania,region,ITF3,tourism_nights,no,POOL_GR,2026-09-27T17:58:57.344071+00:00,2025-12,2026-12,12,1001419,894414,1126018,811499,1255963
427,Canarias,region,ES70,tourism_nights,no,POOL_GR,2026-09-27T17:58:57.344071+00:00,2025-12,2026-01,1,9071588,8238963,10012054,7529094,10964189
427,Canarias,region,ES70,tourism_nights,no,POOL_GR,2026-09-27T17:58:57.344071+00:00,2025-12,2026-02,2,8621515,7800313,9545970,7167363,10449308
427,Canarias,region,ES70,tourism_nights,no,POOL_GR,2026-09-27T17:58:57.344071+00:00,2025-12,2026-03,3,8906087,8039431,9896451,7364384,10874128
427,Canarias,region,ES70,tourism_nights,no,POOL_GR,2026-09-27T17:58:57.344071+00:00,2025-12,2026-04,4,8179735,7367743,9100249,6758580,9995649
427,Canarias,region,ES70,tourism_nights,no,POOL_GR,2026-09-27T17:58:57.344071+00:00,2025-12,2026-05,5,7569280,6810302,8441986,6231358,9287703
427,Canarias,region,ES70,tourism_nights,no,POOL_GR,2026-09-27T17:58:57.344071+00:00,2025-12,2026-06,6,7917065,7117513,8832581,6503230,9738168
427,Canarias,region,ES70,tourism_nights,no,POOL_GR,2026-09-27T17:58:57.344071+00:00,2025-12,2026-07,7,9561912,8585016,10700746,7810758,11796708
427,Canarias,region,ES70,tourism_nights,no,POOL_GR,2026-09-27T17:58:57.344071+00:00,2025-12,2026-08,8,10143804,9102714,11342394,8263765,12550026
427,Canarias,region,ES70,tourism_nights,no,POOL_GR,2026-09-27T17:58:57.344071+00:00,2025-12,2026-09,9,8426950,7551003,9436199,6860894,10445677
427,Canarias,region,ES70,tourism_nights,no,POOL_GR,2026-09-27T17:58:57.344071+00:00,2025-12,2026-10,10,9128367,8170191,10239814,7442406,11412882
427,Canarias,region,ES70,tourism_nights,no,POOL_GR,2026-09-27T17:58:57.344071+00:00,2025-12,2026-11,11,8651628,7730572,9711368,7023324,10811290
427,Canarias,region,ES70,tourism_nights,no,POOL_GR,2026-09-27T17:58:57.344071+00:00,2025-12,2026-12,12,8611714,7691525,9683199,6978493,10800668
404,Cantabria,region,ES13,tourism_nights,no,POOL_GR,2026-09-27T17:58:57.344071+00:00,2025-12,2026-01,1,103753,94230,114509,86111,125399
404,Cantabria,region,ES13,tourism_nights,no,POOL_GR,2026-09-27T17:58:57.344071+00:00,2025-12,2026-02,2,120639,109148,133575,100291,146215
404,Cantabria,region,ES13,tourism_nights,no,POOL_GR,2026-09-27T17:58:57.344071+00:00,2025-12,2026-03,3,196539,177414,218395,162517,239970
404,Cantabria,region,ES13,tourism_nights,no,POOL_GR,2026-09-27T17:58:57.344071+00:00,2025-12,2026-04,4,453726,408685,504786,374895,554454
404,Cantabria,region,ES13,tourism_nights,no,POOL_GR,2026-09-27T17:58:57.344071+00:00,2025-12,2026-05,5,508921,457891,567597,418966,624459
404,Cantabria,region,ES13,tourism_nights,no,POOL_GR,2026-09-27T17:58:57.344071+00:00,2025-12,2026-06,6,729264,655615,813595,599031,897011
404,Cantabria,region,ES13,tourism_nights,no,POOL_GR,2026-09-27T17:58:57.344071+00:00,2025-12,2026-07,7,1251430,1123577,1400477,1022245,1543913
404,Cantabria,region,ES13,tourism_nights,no,POOL_GR,2026-09-27T17:58:57.344071+00:00,2025-12,2026-08,8,1590093,1426897,1777978,1295387,1967280
404,Cantabria,region,ES13,tourism_nights,no,POOL_GR,2026-09-27T17:58:57.344071+00:00,2025-12,2026-09,9,686726,615343,768971,559105,851235
404,Cantabria,region,ES13,tourism_nights,no,POOL_GR,2026-09-27T17:58:57.344071+00:00,2025-12,2026-10,10,325495,291329,365127,265378,406956
404,Cantabria,region,ES13,tourism_nights,no,POOL_GR,2026-09-27T17:58:57.344071+00:00,2025-12,2026-11,11,209732,187403,235422,170258,262086
404,Cantabria,region,ES13,tourism_nights,no,POOL_GR,2026-09-27T17:58:57.344071+00:00,2025-12,2026-12,12,178046,159021,200199,144279,223302
425,Castilla-La Mancha,region,ES42,tourism_nights,no,POOL_GR,2026-09-27T17:58:57.344071+00:00,2025-12,2026-01,1,275266,250001,303804,228461,332695
425,Castilla-La Mancha,region,ES42,tourism_nights,no,POOL_GR,2026-09-27T17:58:57.344071+00:00,2025-12,2026-02,2,341491,308964,378108,283893,413888
425,Castilla-La Mancha,region,ES42,tourism_nights,no,POOL_GR,2026-09-27T17:58:57.344071+00:00,2025-12,2026-03,3,400580,361599,445124,331237,489099
425,Castilla-La Mancha,region,ES42,tourism_nights,no,POOL_GR,2026-09-27T17:58:57.344071+00:00,2025-12,2026-04,4,588984,530516,655266,486653,719739
425,Castilla-La Mancha,region,ES42,tourism_nights,no,POOL_GR,2026-09-27T17:58:57.344071+00:00,2025-12,2026-05,5,605131,544454,674900,498170,742511
425,Castilla-La Mancha,region,ES42,tourism_nights,no,POOL_GR,2026-09-27T17:58:57.344071+00:00,2025-12,2026-06,6,633470,569495,706723,520344,779182
425,Castilla-La Mancha,region,ES42,tourism_nights,no,POOL_GR,2026-09-27T17:58:57.344071+00:00,2025-12,2026-07,7,655513,588543,733586,535464,808719
425,Castilla-La Mancha,region,ES42,tourism_nights,no,POOL_GR,2026-09-27T17:58:57.344071+00:00,2025-12,2026-08,8,772929,693601,864259,629676,956277
425,Castilla-La Mancha,region,ES42,tourism_nights,no,POOL_GR,2026-09-27T17:58:57.344071+00:00,2025-12,2026-09,9,643505,576615,720574,523917,797661
425,Castilla-La Mancha,region,ES42,tourism_nights,no,POOL_GR,2026-09-27T17:58:57.344071+00:00,2025-12,2026-10,10,603331,540001,676791,491899,754323
425,Castilla-La Mancha,region,ES42,tourism_nights,no,POOL_GR,2026-09-27T17:58:57.344071+00:00,2025-12,2026-11,11,466479,416817,523618,378684,582923
425,Castilla-La Mancha,region,ES42,tourism_nights,no,POOL_GR,2026-09-27T17:58:57.344071+00:00,2025-12,2026-12,12,437810,391029,492284,354779,549094
401,Castilla y León,region,ES41,tourism_nights,no,POOL_GR,2026-09-27T17:58:57.344071+00:00,2025-12,2026-01,1,563985,512220,622454,468087,681649
401,Castilla y León,region,ES41,tourism_nights,no,POOL_GR,2026-09-27T17:58:57.344071+00:00,2025-12,2026-02,2,653913,591628,724030,543620,792545
401,Castilla y León,region,ES41,tourism_nights,no,POOL_GR,2026-09-27T17:58:57.344071+00:00,2025-12,2026-03,3,844734,762532,938669,698505,1031401
401,Castilla y León,region,ES41,tourism_nights,no,POOL_GR,2026-09-27T17:58:57.344071+00:00,2025-12,2026-04,4,1174492,1057902,1306665,970435,1435231
401,Castilla y León,region,ES41,tourism_nights,no,POOL_GR,2026-09-27T17:58:57.344071+00:00,2025-12,2026-05,5,1279766,1151443,1427318,1053559,1570307
401,Castilla y León,region,ES41,tourism_nights,no,POOL_GR,2026-09-27T17:58:57.344071+00:00,2025-12,2026-06,6,1286075,1156193,1434795,1056407,1581902
401,Castilla y León,region,ES41,tourism_nights,no,POOL_GR,2026-09-27T17:58:57.344071+00:00,2025-12,2026-07,7,1661965,1492170,1859907,1357595,2050397
401,Castilla y León,region,ES41,tourism_nights,no,POOL_GR,2026-09-27T17:58:57.344071+00:00,2025-12,2026-08,8,1984403,1780738,2218880,1616617,2455126
401,Castilla y León,region,ES41,tourism_nights,no,POOL_GR,2026-09-27T17:58:57.344071+00:00,2025-12,2026-09,9,1316784,1179910,1474488,1072074,1632228
401,Castilla y León,region,ES41,tourism_nights,no,POOL_GR,2026-09-27T17:58:57.344071+00:00,2025-12,2026-10,10,1234349,1104783,1384640,1006371,1543264
401,Castilla y León,region,ES41,tourism_nights,no,POOL_GR,2026-09-27T17:58:57.344071+00:00,2025-12,2026-11,11,908689,811950,1019994,737666,1135520
401,Castilla y León,region,ES41,tourism_nights,no,POOL_GR,2026-09-27T17:58:57.344071+00:00,2025-12,2026-12,12,871480,778360,979911,706203,1092996
431,Cataluña,region,ES51,tourism_nights,no,POOL_GR,2026-09-27T17:58:57.344071+00:00,2025-12,2026-01,1,2826118,2566727,3119107,2345577,3415730
431,Cataluña,region,ES51,tourism_nights,no,POOL_GR,2026-09-27T17:58:57.344071+00:00,2025-12,2026-02,2,3138129,2839221,3474619,2608834,3803423
431,Cataluña,region,ES51,tourism_nights,no,POOL_GR,2026-09-27T17:58:57.344071+00:00,2025-12,2026-03,3,4026792,3634942,4474574,3329727,4916620
431,Cataluña,region,ES51,tourism_nights,no,POOL_GR,2026-09-27T17:58:57.344071+00:00,2025-12,2026-04,4,7232756,6514769,8046700,5976130,8838438
431,Cataluña,region,ES51,tourism_nights,no,POOL_GR,2026-09-27T17:58:57.344071+00:00,2025-12,2026-05,5,8663881,7795146,9662790,7132481,10630807
431,Cataluña,region,ES51,tourism_nights,no,POOL_GR,2026-09-27T17:58:57.344071+00:00,2025-12,2026-06,6,11243822,10108297,12544038,9235892,13830152
431,Cataluña,region,ES51,tourism_nights,no,POOL_GR,2026-09-27T17:58:57.344071+00:00,2025-12,2026-07,7,14581256,13091557,16317899,11910867,17989166
431,Cataluña,region,ES51,tourism_nights,no,POOL_GR,2026-09-27T17:58:57.344071+00:00,2025-12,2026-08,8,16567492,14867118,18525103,13496895,20497483
431,Cataluña,region,ES51,tourism_nights,no,POOL_GR,2026-09-27T17:58:57.344071+00:00,2025-12,2026-09,9,10310155,9238456,11544945,8394126,12780016
431,Cataluña,region,ES51,tourism_nights,no,POOL_GR,2026-09-27T17:58:57.344071+00:00,2025-12,2026-10,10,7118207,6371032,7984903,5803512,8899649
431,Cataluña,region,ES51,tourism_nights,no,POOL_GR,2026-09-27T17:58:57.344071+00:00,2025-12,2026-11,11,3391709,3030627,3807161,2753363,4238365
431,Cataluña,region,ES51,tourism_nights,no,POOL_GR,2026-09-27T17:58:57.344071+00:00,2025-12,2026-12,12,3304444,2951353,3715588,2677752,4144378
484,Centre — Val de Loire,region,FRB0,tourism_nights,no,POOL_GR,2026-09-27T17:58:57.344071+00:00,2025-12,2026-01,1,406477,369169,448617,337361,491280
484,Centre — Val de Loire,region,FRB0,tourism_nights,no,POOL_GR,2026-09-27T17:58:57.344071+00:00,2025-12,2026-02,2,480136,434403,531619,399154,581926
484,Centre — Val de Loire,region,FRB0,tourism_nights,no,POOL_GR,2026-09-27T17:58:57.344071+00:00,2025-12,2026-03,3,535599,483480,595158,442883,653954
484,Centre — Val de Loire,region,FRB0,tourism_nights,no,POOL_GR,2026-09-27T17:58:57.344071+00:00,2025-12,2026-04,4,917097,826058,1020304,757760,1120694
484,Centre — Val de Loire,region,FRB0,tourism_nights,no,POOL_GR,2026-09-27T17:58:57.344071+00:00,2025-12,2026-05,5,1085840,976962,1211033,893911,1332354
484,Centre — Val de Loire,region,FRB0,tourism_nights,no,POOL_GR,2026-09-27T17:58:57.344071+00:00,2025-12,2026-06,6,1190212,1070011,1327846,977663,1463987
484,Centre — Val de Loire,region,FRB0,tourism_nights,no,POOL_GR,2026-09-27T17:58:57.344071+00:00,2025-12,2026-07,7,1679118,1507570,1879102,1371607,2071559
484,Centre — Val de Loire,region,FRB0,tourism_nights,no,POOL_GR,2026-09-27T17:58:57.344071+00:00,2025-12,2026-08,8,1863577,1672312,2083777,1518184,2305638
484,Centre — Val de Loire,region,FRB0,tourism_nights,no,POOL_GR,2026-09-27T17:58:57.344071+00:00,2025-12,2026-09,9,973533,872338,1090127,792612,1206749
484,Centre — Val de Loire,region,FRB0,tourism_nights,no,POOL_GR,2026-09-27T17:58:57.344071+00:00,2025-12,2026-10,10,783229,701016,878593,638570,979244
484,Centre — Val de Loire,region,FRB0,tourism_nights,no,POOL_GR,2026-09-27T17:58:57.344071+00:00,2025-12,2026-11,11,491376,439064,551565,398896,614036
484,Centre — Val de Loire,region,FRB0,tourism_nights,no,POOL_GR,2026-09-27T17:58:57.344071+00:00,2025-12,2026-12,12,489699,437373,550628,396827,614172
559,Centro (PT),region,PT19,tourism_nights,no,POOL_GR,2026-09-27T17:58:57.344071+00:00,2025-12,2026-01,1,305299,277277,336950,253387,368993
559,Centro (PT),region,PT19,tourism_nights,no,POOL_GR,2026-09-27T17:58:57.344071+00:00,2025-12,2026-02,2,325885,294845,360829,270920,394974
559,Centro (PT),region,PT19,tourism_nights,no,POOL_GR,2026-09-27T17:58:57.344071+00:00,2025-12,2026-03,3,401847,362743,446533,332285,490646
559,Centro (PT),region,PT19,tourism_nights,no,POOL_GR,2026-09-27T17:58:57.344071+00:00,2025-12,2026-04,4,510105,459467,567510,421479,623349
559,Centro (PT),region,PT19,tourism_nights,no,POOL_GR,2026-09-27T17:58:57.344071+00:00,2025-12,2026-05,5,538417,484430,600494,443248,660652
559,Centro (PT),region,PT19,tourism_nights,no,POOL_GR,2026-09-27T17:58:57.344071+00:00,2025-12,2026-06,6,571616,513888,637717,469537,703101
559,Centro (PT),region,PT19,tourism_nights,no,POOL_GR,2026-09-27T17:58:57.344071+00:00,2025-12,2026-07,7,790626,709851,884790,645832,975410
559,Centro (PT),region,PT19,tourism_nights,no,POOL_GR,2026-09-27T17:58:57.344071+00:00,2025-12,2026-08,8,1121274,1006194,1253763,913458,1387252
559,Centro (PT),region,PT19,tourism_nights,no,POOL_GR,2026-09-27T17:58:57.344071+00:00,2025-12,2026-09,9,620295,555818,694584,505020,768890
559,Centro (PT),region,PT19,tourism_nights,no,POOL_GR,2026-09-27T17:58:57.344071+00:00,2025-12,2026-10,10,499893,447421,560759,407565,624999
559,Centro (PT),region,PT19,tourism_nights,no,POOL_GR,2026-09-27T17:58:57.344071+00:00,2025-12,2026-11,11,386517,345368,433862,313772,483001
559,Centro (PT),region,PT19,tourism_nights,no,POOL_GR,2026-09-27T17:58:57.344071+00:00,2025-12,2026-12,12,408232,364611,459025,330810,511997
624,Centru,region,RO12,tourism_nights,no,POOL_GR,2026-09-27T17:58:57.344071+00:00,2025-12,2026-01,1,456825,414896,504185,379149,552133
624,Centru,region,RO12,tourism_nights,no,POOL_GR,2026-09-27T17:58:57.344071+00:00,2025-12,2026-02,2,418043,378224,462868,347533,506669
624,Centru,region,RO12,tourism_nights,no,POOL_GR,2026-09-27T17:58:57.344071+00:00,2025-12,2026-03,3,342810,309451,380931,283468,418563
624,Centru,region,RO12,tourism_nights,no,POOL_GR,2026-09-27T17:58:57.344071+00:00,2025-12,2026-04,4,388763,350171,432513,321219,475069
624,Centru,region,RO12,tourism_nights,no,POOL_GR,2026-09-27T17:58:57.344071+00:00,2025-12,2026-05,5,501506,451220,559327,412861,615361
624,Centru,region,RO12,tourism_nights,no,POOL_GR,2026-09-27T17:58:57.344071+00:00,2025-12,2026-06,6,517624,465348,577481,425186,636689
624,Centru,region,RO12,tourism_nights,no,POOL_GR,2026-09-27T17:58:57.344071+00:00,2025-12,2026-07,7,679791,610340,760754,555295,838670
624,Centru,region,RO12,tourism_nights,no,POOL_GR,2026-09-27T17:58:57.344071+00:00,2025-12,2026-08,8,784902,704345,877646,639429,971090
624,Centru,region,RO12,tourism_nights,no,POOL_GR,2026-09-27T17:58:57.344071+00:00,2025-12,2026-09,9,540023,483890,604698,439665,669388
624,Centru,region,RO12,tourism_nights,no,POOL_GR,2026-09-27T17:58:57.344071+00:00,2025-12,2026-10,10,548501,490927,615285,447196,685772
624,Centru,region,RO12,tourism_nights,no,POOL_GR,2026-09-27T17:58:57.344071+00:00,2025-12,2026-11,11,431029,385141,483826,349906,538624
624,Centru,region,RO12,tourism_nights,no,POOL_GR,2026-09-27T17:58:57.344071+00:00,2025-12,2026-12,12,470716,420419,529284,381444,590364
488,Champagne-Ardenne,region,FRF2,tourism_nights,no,POOL_GR,2026-09-27T17:58:57.344071+00:00,2025-12,2026-01,1,185427,168408,204651,153898,224113
488,Champagne-Ardenne,region,FRF2,tourism_nights,no,POOL_GR,2026-09-27T17:58:57.344071+00:00,2025-12,2026-02,2,194039,175557,214845,161311,235176
488,Champagne-Ardenne,region,FRF2,tourism_nights,no,POOL_GR,2026-09-27T17:58:57.344071+00:00,2025-12,2026-03,3,237227,214143,263607,196162,289649
488,Champagne-Ardenne,region,FRF2,tourism_nights,no,POOL_GR,2026-09-27T17:58:57.344071+00:00,2025-12,2026-04,4,348391,313807,387598,287861,425734
488,Champagne-Ardenne,region,FRF2,tourism_nights,no,POOL_GR,2026-09-27T17:58:57.344071+00:00,2025-12,2026-05,5,452263,406914,504407,372323,554939
488,Champagne-Ardenne,region,FRF2,tourism_nights,no,POOL_GR,2026-09-27T17:58:57.344071+00:00,2025-12,2026-06,6,514076,462159,573523,422272,632325
488,Champagne-Ardenne,region,FRF2,tourism_nights,no,POOL_GR,2026-09-27T17:58:57.344071+00:00,2025-12,2026-07,7,637855,572688,713824,521039,786933
488,Champagne-Ardenne,region,FRF2,tourism_nights,no,POOL_GR,2026-09-27T17:58:57.344071+00:00,2025-12,2026-08,8,708367,635665,792068,577079,876400
488,Champagne-Ardenne,region,FRF2,tourism_nights,no,POOL_GR,2026-09-27T17:58:57.344071+00:00,2025-12,2026-09,9,435700,390411,487881,354730,540075
488,Champagne-Ardenne,region,FRF2,tourism_nights,no,POOL_GR,2026-09-27T17:58:57.344071+00:00,2025-12,2026-10,10,341046,305247,382570,278056,426398
488,Champagne-Ardenne,region,FRF2,tourism_nights,no,POOL_GR,2026-09-27T17:58:57.344071+00:00,2025-12,2026-11,11,239521,214022,268860,194441,299312
488,Champagne-Ardenne,region,FRF2,tourism_nights,no,POOL_GR,2026-09-27T17:58:57.344071+00:00,2025-12,2026-12,12,252701,225699,284142,204776,316933
437,Chemnitz,region,DED4,tourism_nights,no,POOL_GR,2026-09-27T17:58:57.344071+00:00,2025-12,2026-01,1,245040,222550,270444,203375,296163
437,Chemnitz,region,DED4,tourism_nights,no,POOL_GR,2026-09-27T17:58:57.344071+00:00,2025-12,2026-02,2,275017,248822,304506,228631,333322
437,Chemnitz,region,DED4,tourism_nights,no,POOL_GR,2026-09-27T17:58:57.344071+00:00,2025-12,2026-03,3,246110,222161,273478,203507,300495
437,Chemnitz,region,DED4,tourism_nights,no,POOL_GR,2026-09-27T17:58:57.344071+00:00,2025-12,2026-04,4,299862,270095,333607,247764,366432
437,Chemnitz,region,DED4,tourism_nights,no,POOL_GR,2026-09-27T17:58:57.344071+00:00,2025-12,2026-05,5,385431,346784,429870,317303,472934
437,Chemnitz,region,DED4,tourism_nights,no,POOL_GR,2026-09-27T17:58:57.344071+00:00,2025-12,2026-06,6,381680,343134,425817,313519,469475
437,Chemnitz,region,DED4,tourism_nights,no,POOL_GR,2026-09-27T17:58:57.344071+00:00,2025-12,2026-07,7,371563,333602,415817,303516,458404
437,Chemnitz,region,DED4,tourism_nights,no,POOL_GR,2026-09-27T17:58:57.344071+00:00,2025-12,2026-08,8,427296,383441,477785,348101,528655
437,Chemnitz,region,DED4,tourism_nights,no,POOL_GR,2026-09-27T17:58:57.344071+00:00,2025-12,2026-09,9,378811,339435,424179,308413,469558
437,Chemnitz,region,DED4,tourism_nights,no,POOL_GR,2026-09-27T17:58:57.344071+00:00,2025-12,2026-10,10,374044,334782,419587,304960,467654
437,Chemnitz,region,DED4,tourism_nights,no,POOL_GR,2026-09-27T17:58:57.344071+00:00,2025-12,2026-11,11,279582,249818,313829,226963,349373
437,Chemnitz,region,DED4,tourism_nights,no,POOL_GR,2026-09-27T17:58:57.344071+00:00,2025-12,2026-12,12,331921,296454,373219,268972,416290
407,Ciudad de Ceuta,region,ES63,tourism_nights,no,POOL_GR,2026-09-27T17:58:57.344071+00:00,2025-12,2026-01,1,9371,8511,10342,7777,11326
407,Ciudad de Ceuta,region,ES63,tourism_nights,no,POOL_GR,2026-09-27T17:58:57.344071+00:00,2025-12,2026-02,2,9799,8866,10850,8146,11876
407,Ciudad de Ceuta,region,ES63,tourism_nights,no,POOL_GR,2026-09-27T17:58:57.344071+00:00,2025-12,2026-03,3,9757,8808,10842,8068,11913
407,Ciudad de Ceuta,region,ES63,tourism_nights,no,POOL_GR,2026-09-27T17:58:57.344071+00:00,2025-12,2026-04,4,12009,10816,13360,9922,14674
407,Ciudad de Ceuta,region,ES63,tourism_nights,no,POOL_GR,2026-09-27T17:58:57.344071+00:00,2025-12,2026-05,5,14046,12638,15666,11564,17235
407,Ciudad de Ceuta,region,ES63,tourism_nights,no,POOL_GR,2026-09-27T17:58:57.344071+00:00,2025-12,2026-06,6,13821,12425,15419,11353,17000
407,Ciudad de Ceuta,region,ES63,tourism_nights,no,POOL_GR,2026-09-27T17:58:57.344071+00:00,2025-12,2026-07,7,15517,13932,17365,12675,19143
407,Ciudad de Ceuta,region,ES63,tourism_nights,no,POOL_GR,2026-09-27T17:58:57.344071+00:00,2025-12,2026-08,8,17612,15804,19693,14348,21790
407,Ciudad de Ceuta,region,ES63,tourism_nights,no,POOL_GR,2026-09-27T17:58:57.344071+00:00,2025-12,2026-09,9,14425,12926,16153,11744,17881
407,Ciudad de Ceuta,region,ES63,tourism_nights,no,POOL_GR,2026-09-27T17:58:57.344071+00:00,2025-12,2026-10,10,13132,11754,14731,10707,16419
407,Ciudad de Ceuta,region,ES63,tourism_nights,no,POOL_GR,2026-09-27T17:58:57.344071+00:00,2025-12,2026-11,11,11686,10442,13118,9487,14604
407,Ciudad de Ceuta,region,ES63,tourism_nights,no,POOL_GR,2026-09-27T17:58:57.344071+00:00,2025-12,2026-12,12,8603,7683,9673,6971,10789
424,Ciudad de Melilla,region,ES64,tourism_nights,no,POOL_GR,2026-09-27T17:58:57.344071+00:00,2025-12,2026-01,1,8367,7599,9235,6944,10113
424,Ciudad de Melilla,region,ES64,tourism_nights,no,POOL_GR,2026-09-27T17:58:57.344071+00:00,2025-12,2026-02,2,9881,8940,10940,8214,11976
424,Ciudad de Melilla,region,ES64,tourism_nights,no,POOL_GR,2026-09-27T17:58:57.344071+00:00,2025-12,2026-03,3,9548,8619,10610,7895,11658
424,Ciudad de Melilla,region,ES64,tourism_nights,no,POOL_GR,2026-09-27T17:58:57.344071+00:00,2025-12,2026-04,4,10711,9648,11917,8850,13089
424,Ciudad de Melilla,region,ES64,tourism_nights,no,POOL_GR,2026-09-27T17:58:57.344071+00:00,2025-12,2026-05,5,13370,12030,14912,11007,16406
424,Ciudad de Melilla,region,ES64,tourism_nights,no,POOL_GR,2026-09-27T17:58:57.344071+00:00,2025-12,2026-06,6,12724,11439,14195,10452,15651
424,Ciudad de Melilla,region,ES64,tourism_nights,no,POOL_GR,2026-09-27T17:58:57.344071+00:00,2025-12,2026-07,7,12801,11493,14325,10456,15793
424,Ciudad de Melilla,region,ES64,tourism_nights,no,POOL_GR,2026-09-27T17:58:57.344071+00:00,2025-12,2026-08,8,15390,13811,17209,12538,19041
424,Ciudad de Melilla,region,ES64,tourism_nights,no,POOL_GR,2026-09-27T17:58:57.344071+00:00,2025-12,2026-09,9,14661,13137,16417,11936,18173
424,Ciudad de Melilla,region,ES64,tourism_nights,no,POOL_GR,2026-09-27T17:58:57.344071+00:00,2025-12,2026-10,10,13684,12247,15350,11156,17108
424,Ciudad de Melilla,region,ES64,tourism_nights,no,POOL_GR,2026-09-27T17:58:57.344071+00:00,2025-12,2026-11,11,11316,10111,12702,9186,14141
424,Ciudad de Melilla,region,ES64,tourism_nights,no,POOL_GR,2026-09-27T17:58:57.344071+00:00,2025-12,2026-12,12,9892,8835,11122,8016,12406
396,Comunidad de Madrid,region,ES30,tourism_nights,no,POOL_GR,2026-09-27T17:58:57.344071+00:00,2025-12,2026-01,1,2362201,2145389,2607094,1960543,2855026
396,Comunidad de Madrid,region,ES30,tourism_nights,no,POOL_GR,2026-09-27T17:58:57.344071+00:00,2025-12,2026-02,2,2305157,2085590,2552330,1916356,2793858
396,Comunidad de Madrid,region,ES30,tourism_nights,no,POOL_GR,2026-09-27T17:58:57.344071+00:00,2025-12,2026-03,3,2687615,2426082,2986480,2222371,3281516
396,Comunidad de Madrid,region,ES30,tourism_nights,no,POOL_GR,2026-09-27T17:58:57.344071+00:00,2025-12,2026-04,4,3035517,2734185,3377122,2508123,3709406
396,Comunidad de Madrid,region,ES30,tourism_nights,no,POOL_GR,2026-09-27T17:58:57.344071+00:00,2025-12,2026-05,5,3103886,2792657,3461751,2555253,3808549
396,Comunidad de Madrid,region,ES30,tourism_nights,no,POOL_GR,2026-09-27T17:58:57.344071+00:00,2025-12,2026-06,6,3013723,2709364,3362225,2475530,3706947
396,Comunidad de Madrid,region,ES30,tourism_nights,no,POOL_GR,2026-09-27T17:58:57.344071+00:00,2025-12,2026-07,7,2910975,2613574,3257675,2377863,3591324
396,Comunidad de Madrid,region,ES30,tourism_nights,no,POOL_GR,2026-09-27T17:58:57.344071+00:00,2025-12,2026-08,8,2757986,2474925,3083868,2246824,3412210
396,Comunidad de Madrid,region,ES30,tourism_nights,no,POOL_GR,2026-09-27T17:58:57.344071+00:00,2025-12,2026-09,9,2960298,2652587,3314836,2410159,3669455
396,Comunidad de Madrid,region,ES30,tourism_nights,no,POOL_GR,2026-09-27T17:58:57.344071+00:00,2025-12,2026-10,10,3191611,2856598,3580214,2602138,3990362
396,Comunidad de Madrid,region,ES30,tourism_nights,no,POOL_GR,2026-09-27T17:58:57.344071+00:00,2025-12,2026-11,11,2833602,2531936,3180691,2300296,3540940
396,Comunidad de Madrid,region,ES30,tourism_nights,no,POOL_GR,2026-09-27T17:58:57.344071+00:00,2025-12,2026-12,12,2806082,2506244,3155220,2273906,3519341
429,Comunidad Foral de Navarra,region,ES22,tourism_nights,no,POOL_GR,2026-09-27T17:58:57.344071+00:00,2025-12,2026-01,1,140805,127882,155403,116863,170182
429,Comunidad Foral de Navarra,region,ES22,tourism_nights,no,POOL_GR,2026-09-27T17:58:57.344071+00:00,2025-12,2026-02,2,153087,138506,169502,127267,185542
429,Comunidad Foral de Navarra,region,ES22,tourism_nights,no,POOL_GR,2026-09-27T17:58:57.344071+00:00,2025-12,2026-03,3,253830,229129,282056,209890,309920
429,Comunidad Foral de Navarra,region,ES22,tourism_nights,no,POOL_GR,2026-09-27T17:58:57.344071+00:00,2025-12,2026-04,4,375789,338485,418079,310499,459215
429,Comunidad Foral de Navarra,region,ES22,tourism_nights,no,POOL_GR,2026-09-27T17:58:57.344071+00:00,2025-12,2026-05,5,424451,381891,473388,349426,520812
429,Comunidad Foral de Navarra,region,ES22,tourism_nights,no,POOL_GR,2026-09-27T17:58:57.344071+00:00,2025-12,2026-06,6,403667,362900,450347,331580,496520
429,Comunidad Foral de Navarra,region,ES22,tourism_nights,no,POOL_GR,2026-09-27T17:58:57.344071+00:00,2025-12,2026-07,7,546374,490553,611448,446312,674072
429,Comunidad Foral de Navarra,region,ES22,tourism_nights,no,POOL_GR,2026-09-27T17:58:57.344071+00:00,2025-12,2026-08,8,692857,621747,774725,564444,857210
429,Comunidad Foral de Navarra,region,ES22,tourism_nights,no,POOL_GR,2026-09-27T17:58:57.344071+00:00,2025-12,2026-09,9,431903,387009,483630,351639,535368
429,Comunidad Foral de Navarra,region,ES22,tourism_nights,no,POOL_GR,2026-09-27T17:58:57.344071+00:00,2025-12,2026-10,10,396302,354704,444555,323107,495483
429,Comunidad Foral de Navarra,region,ES22,tourism_nights,no,POOL_GR,2026-09-27T17:58:57.344071+00:00,2025-12,2026-11,11,266409,238047,299041,216269,332911
429,Comunidad Foral de Navarra,region,ES22,tourism_nights,no,POOL_GR,2026-09-27T17:58:57.344071+00:00,2025-12,2026-12,12,206458,184397,232146,167303,258936
389,Comunitat Valenciana ,region,ES52,tourism_nights,no,POOL_GR,2026-09-27T17:58:57.344071+00:00,2025-12,2026-01,1,2674059,2428623,2951283,2219373,3231946
389,Comunitat Valenciana ,region,ES52,tourism_nights,no,POOL_GR,2026-09-27T17:58:57.344071+00:00,2025-12,2026-02,2,2992687,2707633,3313582,2487924,3627148
389,Comunitat Valenciana ,region,ES52,tourism_nights,no,POOL_GR,2026-09-27T17:58:57.344071+00:00,2025-12,2026-03,3,3788087,3419466,4209325,3132343,4625167
389,Comunitat Valenciana ,region,ES52,tourism_nights,no,POOL_GR,2026-09-27T17:58:57.344071+00:00,2025-12,2026-04,4,4518547,4069997,5027046,3733490,5521672
389,Comunitat Valenciana ,region,ES52,tourism_nights,no,POOL_GR,2026-09-27T17:58:57.344071+00:00,2025-12,2026-05,5,4741439,4266011,5288107,3903357,5817869
389,Comunitat Valenciana ,region,ES52,tourism_nights,no,POOL_GR,2026-09-27T17:58:57.344071+00:00,2025-12,2026-06,6,5650177,5079560,6303554,4641164,6949844
389,Comunitat Valenciana ,region,ES52,tourism_nights,no,POOL_GR,2026-09-27T17:58:57.344071+00:00,2025-12,2026-07,7,7317117,6569562,8188594,5977072,9027263
389,Comunitat Valenciana ,region,ES52,tourism_nights,no,POOL_GR,2026-09-27T17:58:57.344071+00:00,2025-12,2026-08,8,8184661,7344643,9151758,6667726,10126152
389,Comunitat Valenciana ,region,ES52,tourism_nights,no,POOL_GR,2026-09-27T17:58:57.344071+00:00,2025-12,2026-09,9,5542289,4966191,6206058,4512316,6869978
389,Comunitat Valenciana ,region,ES52,tourism_nights,no,POOL_GR,2026-09-27T17:58:57.344071+00:00,2025-12,2026-10,10,4707943,4213766,5281171,3838411,5886179
389,Comunitat Valenciana ,region,ES52,tourism_nights,no,POOL_GR,2026-09-27T17:58:57.344071+00:00,2025-12,2026-11,11,3454603,3086825,3877758,2804420,4316958
389,Comunitat Valenciana ,region,ES52,tourism_nights,no,POOL_GR,2026-09-27T17:58:57.344071+00:00,2025-12,2026-12,12,2994287,2674338,3366842,2426417,3755385
574,Corse,region,FRM0,tourism_nights,no,POOL_GR,2026-09-27T17:58:57.344071+00:00,2025-12,2026-01,1,44717,40613,49353,37113,54046
574,Corse,region,FRM0,tourism_nights,no,POOL_GR,2026-09-27T17:58:57.344071+00:00,2025-12,2026-02,2,53914,48778,59695,44820,65344
574,Corse,region,FRM0,tourism_nights,no,POOL_GR,2026-09-27T17:58:57.344071+00:00,2025-12,2026-03,3,75943,68553,84388,62797,92724
574,Corse,region,FRM0,tourism_nights,no,POOL_GR,2026-09-27T17:58:57.344071+00:00,2025-12,2026-04,4,467389,420992,519987,386184,571150
574,Corse,region,FRM0,tourism_nights,no,POOL_GR,2026-09-27T17:58:57.344071+00:00,2025-12,2026-05,5,922617,830105,1028991,759538,1132075
574,Corse,region,FRM0,tourism_nights,no,POOL_GR,2026-09-27T17:58:57.344071+00:00,2025-12,2026-06,6,1588877,1428415,1772612,1305134,1954355
574,Corse,region,FRM0,tourism_nights,no,POOL_GR,2026-09-27T17:58:57.344071+00:00,2025-12,2026-07,7,2519637,2262217,2819728,2058194,3108522
574,Corse,region,FRM0,tourism_nights,no,POOL_GR,2026-09-27T17:58:57.344071+00:00,2025-12,2026-08,8,2913048,2614073,3257253,2373147,3604055
574,Corse,region,FRM0,tourism_nights,no,POOL_GR,2026-09-27T17:58:57.344071+00:00,2025-12,2026-09,9,1769674,1585723,1981618,1440799,2193610
574,Corse,region,FRM0,tourism_nights,no,POOL_GR,2026-09-27T17:58:57.344071+00:00,2025-12,2026-10,10,662050,592557,742660,539773,827739
574,Corse,region,FRM0,tourism_nights,no,POOL_GR,2026-09-27T17:58:57.344071+00:00,2025-12,2026-11,11,68287,61017,76652,55435,85333
574,Corse,region,FRM0,tourism_nights,no,POOL_GR,2026-09-27T17:58:57.344071+00:00,2025-12,2026-12,12,63320,56554,71198,51311,79415
342,Croatia,country,HR,tourism_nights,yes,POOL_GR_WG,2026-09-27T17:58:57.344071+00:00,2026-06,2026-07,1,25408736,23657025,27322545,21980769,29061253
342,Croatia,country,HR,tourism_nights,yes,POOL_GR_WG,2026-09-27T17:58:57.344071+00:00,2026-06,2026-08,2,27251319,25403759,29402946,23789559,31191925
342,Croatia,country,HR,tourism_nights,yes,POOL_GR_WG,2026-09-27T17:58:57.344071+00:00,2026-06,2026-09,3,12201143,11340554,13249689,10646897,13955177
342,Croatia,country,HR,tourism_nights,yes,POOL_GR_WG,2026-09-27T17:58:57.344071+00:00,2026-06,2026-10,4,3656994,3397499,3965796,3176607,4186879
342,Croatia,country,HR,tourism_nights,yes,POOL_GR_WG,2026-09-27T17:58:57.344071+00:00,2026-06,2026-11,5,965112,895751,1048787,840258,1106814
342,Croatia,country,HR,tourism_nights,yes,POOL_GR_WG,2026-09-27T17:58:57.344071+00:00,2026-06,2026-12,6,972677,901779,1055899,841210,1114974
342,Croatia,country,HR,tourism_nights,yes,POOL_GR_WG,2026-09-27T17:58:57.344071+00:00,2026-06,2027-01,7,687667,636778,747712,595715,789274
342,Croatia,country,HR,tourism_nights,yes,POOL_GR_WG,2026-09-27T17:58:57.344071+00:00,2026-06,2027-02,8,740079,684373,804453,638289,851128
342,Croatia,country,HR,tourism_nights,yes,POOL_GR_WG,2026-09-27T17:58:57.344071+00:00,2026-06,2027-03,9,1230549,1138166,1337183,1064919,1412540
342,Croatia,country,HR,tourism_nights,yes,POOL_GR_WG,2026-09-27T17:58:57.344071+00:00,2026-06,2027-04,10,3338296,3081791,3642511,2884719,3848262
342,Croatia,country,HR,tourism_nights,yes,POOL_GR_WG,2026-09-27T17:58:57.344071+00:00,2026-06,2027-05,11,7044606,6503921,7672730,6068261,8101461
342,Croatia,country,HR,tourism_nights,yes,POOL_GR_WG,2026-09-27T17:58:57.344071+00:00,2026-06,2027-06,12,14096294,13017924,15401957,12125671,16349148
367,Cyprus,country,CY,tourism_nights,yes,POOL_GR_WG,2026-09-27T17:58:57.344071+00:00,2026-06,2026-07,1,2505878,2333120,2694623,2167803,2866099
367,Cyprus,country,CY,tourism_nights,yes,POOL_GR_WG,2026-09-27T17:58:57.344071+00:00,2026-06,2026-08,2,2787990,2598973,3008116,2433829,3191140
367,Cyprus,country,CY,tourism_nights,yes,POOL_GR_WG,2026-09-27T17:58:57.344071+00:00,2026-06,2026-09,3,2406122,2236410,2612900,2099617,2752026
367,Cyprus,country,CY,tourism_nights,yes,POOL_GR_WG,2026-09-27T17:58:57.344071+00:00,2026-06,2026-10,4,2410369,2239333,2613904,2093740,2759623
367,Cyprus,country,CY,tourism_nights,yes,POOL_GR_WG,2026-09-27T17:58:57.344071+00:00,2026-06,2026-11,5,927913,861225,1008362,807871,1064152
367,Cyprus,country,CY,tourism_nights,yes,POOL_GR_WG,2026-09-27T17:58:57.344071+00:00,2026-06,2026-12,6,476531,441797,517303,412123,546245
367,Cyprus,country,CY,tourism_nights,yes,POOL_GR_WG,2026-09-27T17:58:57.344071+00:00,2026-06,2027-01,7,339555,314427,369204,294151,389726
367,Cyprus,country,CY,tourism_nights,yes,POOL_GR_WG,2026-09-27T17:58:57.344071+00:00,2026-06,2027-02,8,413674,382537,449656,356778,475746
367,Cyprus,country,CY,tourism_nights,yes,POOL_GR_WG,2026-09-27T17:58:57.344071+00:00,2026-06,2027-03,9,473426,437884,514451,409704,543443
367,Cyprus,country,CY,tourism_nights,yes,POOL_GR_WG,2026-09-27T17:58:57.344071+00:00,2026-06,2027-04,10,1038959,959128,1133638,897795,1197673
367,Cyprus,country,CY,tourism_nights,yes,POOL_GR_WG,2026-09-27T17:58:57.344071+00:00,2026-06,2027-05,11,1880899,1736537,2048607,1620216,2163078
367,Cyprus,country,CY,tourism_nights,yes,POOL_GR_WG,2026-09-27T17:58:57.344071+00:00,2026-06,2027-06,12,2227862,2057430,2434217,1916413,2583917
322,Czechia,country,CZ,tourism_nights,yes,POOL_GR_WG,2026-09-27T17:58:57.344071+00:00,2026-06,2026-07,1,7942719,7395138,8540972,6871144,9084489
322,Czechia,country,CZ,tourism_nights,yes,POOL_GR_WG,2026-09-27T17:58:57.344071+00:00,2026-06,2026-08,2,8315687,7751907,8972251,7259337,9518155
322,Czechia,country,CZ,tourism_nights,yes,POOL_GR_WG,2026-09-27T17:58:57.344071+00:00,2026-06,2026-09,3,5345067,4968061,5804413,4664184,6113473
322,Czechia,country,CZ,tourism_nights,yes,POOL_GR_WG,2026-09-27T17:58:57.344071+00:00,2026-06,2026-10,4,4863001,4517930,5273640,4224192,5567633
322,Czechia,country,CZ,tourism_nights,yes,POOL_GR_WG,2026-09-27T17:58:57.344071+00:00,2026-06,2026-11,5,3805758,3532245,4135716,3313417,4364534
322,Czechia,country,CZ,tourism_nights,yes,POOL_GR_WG,2026-09-27T17:58:57.344071+00:00,2026-06,2026-12,6,4017429,3724601,4361160,3474434,4605154
322,Czechia,country,CZ,tourism_nights,yes,POOL_GR_WG,2026-09-27T17:58:57.344071+00:00,2026-06,2027-01,7,3611286,3344042,3926608,3128400,4144872
322,Czechia,country,CZ,tourism_nights,yes,POOL_GR_WG,2026-09-27T17:58:57.344071+00:00,2026-06,2027-02,8,4001431,3700239,4349481,3451076,4601842
322,Czechia,country,CZ,tourism_nights,yes,POOL_GR_WG,2026-09-27T17:58:57.344071+00:00,2026-06,2027-03,9,3857890,3568262,4192201,3338624,4428450
322,Czechia,country,CZ,tourism_nights,yes,POOL_GR_WG,2026-09-27T17:58:57.344071+00:00,2026-06,2027-04,10,4457209,4114730,4863389,3851604,5138102
322,Czechia,country,CZ,tourism_nights,yes,POOL_GR_WG,2026-09-27T17:58:57.344071+00:00,2026-06,2027-05,11,5645738,5212418,6149133,4863268,6492730
322,Czechia,country,CZ,tourism_nights,yes,POOL_GR_WG,2026-09-27T17:58:57.344071+00:00,2026-06,2027-06,12,5784667,5342139,6320469,4975987,6709166
493,Darmstadt,region,DE71,tourism_nights,no,POOL_GR,2026-09-27T17:58:57.344071+00:00,2025-12,2026-01,1,1359279,1234520,1500198,1128153,1642865
493,Darmstadt,region,DE71,tourism_nights,no,POOL_GR,2026-09-27T17:58:57.344071+00:00,2025-12,2026-02,2,1475564,1335016,1633783,1226687,1788388
493,Darmstadt,region,DE71,tourism_nights,no,POOL_GR,2026-09-27T17:58:57.344071+00:00,2025-12,2026-03,3,1667177,1504943,1852569,1378578,2035585
493,Darmstadt,region,DE71,tourism_nights,no,POOL_GR,2026-09-27T17:58:57.344071+00:00,2025-12,2026-04,4,1596688,1438186,1776372,1319278,1951155
493,Darmstadt,region,DE71,tourism_nights,no,POOL_GR,2026-09-27T17:58:57.344071+00:00,2025-12,2026-05,5,1976471,1778289,2204350,1627116,2425181
493,Darmstadt,region,DE71,tourism_nights,no,POOL_GR,2026-09-27T17:58:57.344071+00:00,2025-12,2026-06,6,1966607,1767997,2194022,1615409,2418970
493,Darmstadt,region,DE71,tourism_nights,no,POOL_GR,2026-09-27T17:58:57.344071+00:00,2025-12,2026-07,7,1965501,1764695,2199594,1605542,2424875
493,Darmstadt,region,DE71,tourism_nights,no,POOL_GR,2026-09-27T17:58:57.344071+00:00,2025-12,2026-08,8,1872195,1680045,2093413,1525205,2316300
493,Darmstadt,region,DE71,tourism_nights,no,POOL_GR,2026-09-27T17:58:57.344071+00:00,2025-12,2026-09,9,1916123,1716950,2145607,1560033,2375142
493,Darmstadt,region,DE71,tourism_nights,no,POOL_GR,2026-09-27T17:58:57.344071+00:00,2025-12,2026-10,10,2040178,1826027,2288585,1663368,2550764
493,Darmstadt,region,DE71,tourism_nights,no,POOL_GR,2026-09-27T17:58:57.344071+00:00,2025-12,2026-11,11,1726023,1542270,1937444,1401172,2156881
493,Darmstadt,region,DE71,tourism_nights,no,POOL_GR,2026-09-27T17:58:57.344071+00:00,2025-12,2026-12,12,1569815,1402076,1765135,1272098,1968836
572,Dél-Alföld,region,HU33,tourism_nights,no,POOL_GR,2026-09-27T17:58:57.344071+00:00,2025-12,2026-01,1,116722,106009,128822,96875,141073
572,Dél-Alföld,region,HU33,tourism_nights,no,POOL_GR,2026-09-27T17:58:57.344071+00:00,2025-12,2026-02,2,112575,101852,124646,93588,136441
572,Dél-Alföld,region,HU33,tourism_nights,no,POOL_GR,2026-09-27T17:58:57.344071+00:00,2025-12,2026-03,3,113981,102890,126656,94250,139169
572,Dél-Alföld,region,HU33,tourism_nights,no,POOL_GR,2026-09-27T17:58:57.344071+00:00,2025-12,2026-04,4,152692,137534,169875,126163,186589
572,Dél-Alföld,region,HU33,tourism_nights,no,POOL_GR,2026-09-27T17:58:57.344071+00:00,2025-12,2026-05,5,181529,163327,202459,149443,222741
572,Dél-Alföld,region,HU33,tourism_nights,no,POOL_GR,2026-09-27T17:58:57.344071+00:00,2025-12,2026-06,6,211651,190276,236125,173854,260335
572,Dél-Alföld,region,HU33,tourism_nights,no,POOL_GR,2026-09-27T17:58:57.344071+00:00,2025-12,2026-07,7,336584,302197,376672,274943,415250
572,Dél-Alföld,region,HU33,tourism_nights,no,POOL_GR,2026-09-27T17:58:57.344071+00:00,2025-12,2026-08,8,350267,314318,391655,285349,433355
572,Dél-Alföld,region,HU33,tourism_nights,no,POOL_GR,2026-09-27T17:58:57.344071+00:00,2025-12,2026-09,9,175779,157507,196831,143112,217888
572,Dél-Alföld,region,HU33,tourism_nights,no,POOL_GR,2026-09-27T17:58:57.344071+00:00,2025-12,2026-10,10,177819,159154,199470,144977,222321
572,Dél-Alföld,region,HU33,tourism_nights,no,POOL_GR,2026-09-27T17:58:57.344071+00:00,2025-12,2026-11,11,133318,119125,149648,108226,166597
572,Dél-Alföld,region,HU33,tourism_nights,no,POOL_GR,2026-09-27T17:58:57.344071+00:00,2025-12,2026-12,12,131657,117589,148038,106688,165122
564,Dél-Dunántúl,region,HU23,tourism_nights,no,POOL_GR,2026-09-27T17:58:57.344071+00:00,2025-12,2026-01,1,77155,70074,85154,64036,93252
564,Dél-Dunántúl,region,HU23,tourism_nights,no,POOL_GR,2026-09-27T17:58:57.344071+00:00,2025-12,2026-02,2,74780,67657,82798,62167,90633
564,Dél-Dunántúl,region,HU23,tourism_nights,no,POOL_GR,2026-09-27T17:58:57.344071+00:00,2025-12,2026-03,3,98269,88706,109196,81258,119984
564,Dél-Dunántúl,region,HU23,tourism_nights,no,POOL_GR,2026-09-27T17:58:57.344071+00:00,2025-12,2026-04,4,140756,126783,156596,116301,172004
564,Dél-Dunántúl,region,HU23,tourism_nights,no,POOL_GR,2026-09-27T17:58:57.344071+00:00,2025-12,2026-05,5,195869,176229,218452,161248,240336
564,Dél-Dunántúl,region,HU23,tourism_nights,no,POOL_GR,2026-09-27T17:58:57.344071+00:00,2025-12,2026-06,6,374519,336696,417827,307637,460666
564,Dél-Dunántúl,region,HU23,tourism_nights,no,POOL_GR,2026-09-27T17:58:57.344071+00:00,2025-12,2026-07,7,701690,630002,785262,573184,865688
564,Dél-Dunántúl,region,HU23,tourism_nights,no,POOL_GR,2026-09-27T17:58:57.344071+00:00,2025-12,2026-08,8,716545,643004,801212,583742,886517
564,Dél-Dunántúl,region,HU23,tourism_nights,no,POOL_GR,2026-09-27T17:58:57.344071+00:00,2025-12,2026-09,9,207386,185829,232223,168845,257066
564,Dél-Dunántúl,region,HU23,tourism_nights,no,POOL_GR,2026-09-27T17:58:57.344071+00:00,2025-12,2026-10,10,155850,139491,174826,127066,194854
564,Dél-Dunántúl,region,HU23,tourism_nights,no,POOL_GR,2026-09-27T17:58:57.344071+00:00,2025-12,2026-11,11,105536,94300,118463,85673,131880
564,Dél-Dunántúl,region,HU23,tourism_nights,no,POOL_GR,2026-09-27T17:58:57.344071+00:00,2025-12,2026-12,12,101357,90527,113968,82135,127120
335,Denmark,country,DK,tourism_nights,yes,POOL_GR_WG,2026-09-27T17:58:57.344071+00:00,2026-06,2026-07,1,7455050,6941089,8016571,6449267,8526717
335,Denmark,country,DK,tourism_nights,yes,POOL_GR_WG,2026-09-27T17:58:57.344071+00:00,2026-06,2026-08,2,6210537,5789480,6700889,5421607,7108595
335,Denmark,country,DK,tourism_nights,yes,POOL_GR_WG,2026-09-27T17:58:57.344071+00:00,2026-06,2026-09,3,3620656,3365278,3931809,3159437,4141160
335,Denmark,country,DK,tourism_nights,yes,POOL_GR_WG,2026-09-27T17:58:57.344071+00:00,2026-06,2026-10,4,3169731,2944811,3437388,2753352,3629013
335,Denmark,country,DK,tourism_nights,yes,POOL_GR_WG,2026-09-27T17:58:57.344071+00:00,2026-06,2026-11,5,2238407,2077537,2432476,1948830,2567059
335,Denmark,country,DK,tourism_nights,yes,POOL_GR_WG,2026-09-27T17:58:57.344071+00:00,2026-06,2026-12,6,2098011,1945088,2277517,1814444,2404937
335,Denmark,country,DK,tourism_nights,yes,POOL_GR_WG,2026-09-27T17:58:57.344071+00:00,2026-06,2027-01,7,1670064,1546475,1815887,1446750,1916824
335,Denmark,country,DK,tourism_nights,yes,POOL_GR_WG,2026-09-27T17:58:57.344071+00:00,2026-06,2027-02,8,1846112,1707153,2006689,1592198,2123119
335,Denmark,country,DK,tourism_nights,yes,POOL_GR_WG,2026-09-27T17:58:57.344071+00:00,2026-06,2027-03,9,2351208,2174693,2554955,2034739,2698939
335,Denmark,country,DK,tourism_nights,yes,POOL_GR_WG,2026-09-27T17:58:57.344071+00:00,2026-06,2027-04,10,3278165,3026281,3576901,2832758,3778945
335,Denmark,country,DK,tourism_nights,yes,POOL_GR_WG,2026-09-27T17:58:57.344071+00:00,2026-06,2027-05,11,4232463,3907614,4609845,3645866,4867431
335,Denmark,country,DK,tourism_nights,yes,POOL_GR_WG,2026-09-27T17:58:57.344071+00:00,2026-06,2027-06,12,4490006,4146519,4905891,3862315,5207594
449,Detmold,region,DEA4,tourism_nights,no,POOL_GR,2026-09-27T17:58:57.344071+00:00,2025-12,2026-01,1,211241,191853,233141,175323,255313
449,Detmold,region,DEA4,tourism_nights,no,POOL_GR,2026-09-27T17:58:57.344071+00:00,2025-12,2026-02,2,223019,201776,246932,185403,270299
449,Detmold,region,DEA4,tourism_nights,no,POOL_GR,2026-09-27T17:58:57.344071+00:00,2025-12,2026-03,3,280379,253095,311558,231844,342337
449,Detmold,region,DEA4,tourism_nights,no,POOL_GR,2026-09-27T17:58:57.344071+00:00,2025-12,2026-04,4,337064,303604,374996,278502,411893
449,Detmold,region,DEA4,tourism_nights,no,POOL_GR,2026-09-27T17:58:57.344071+00:00,2025-12,2026-05,5,418341,376393,466574,344396,513315
449,Detmold,region,DEA4,tourism_nights,no,POOL_GR,2026-09-27T17:58:57.344071+00:00,2025-12,2026-06,6,430580,387096,480372,353687,529624
449,Detmold,region,DEA4,tourism_nights,no,POOL_GR,2026-09-27T17:58:57.344071+00:00,2025-12,2026-07,7,427942,384221,478910,349569,527960
449,Detmold,region,DEA4,tourism_nights,no,POOL_GR,2026-09-27T17:58:57.344071+00:00,2025-12,2026-08,8,474807,426076,530910,386807,587436
449,Detmold,region,DEA4,tourism_nights,no,POOL_GR,2026-09-27T17:58:57.344071+00:00,2025-12,2026-09,9,434092,388970,486081,353421,538082
449,Detmold,region,DEA4,tourism_nights,no,POOL_GR,2026-09-27T17:58:57.344071+00:00,2025-12,2026-10,10,374206,334927,419768,305092,467857
449,Detmold,region,DEA4,tourism_nights,no,POOL_GR,2026-09-27T17:58:57.344071+00:00,2025-12,2026-11,11,305943,273372,343418,248362,382314
449,Detmold,region,DEA4,tourism_nights,no,POOL_GR,2026-09-27T17:58:57.344071+00:00,2025-12,2026-12,12,271313,242322,305070,219858,340276
546,Dolnośląskie,region,PL51,tourism_nights,no,POOL_GR,2026-09-27T17:58:57.344071+00:00,2025-12,2026-01,1,965722,877084,1065840,801515,1167200
546,Dolnośląskie,region,PL51,tourism_nights,no,POOL_GR,2026-09-27T17:58:57.344071+00:00,2025-12,2026-02,2,1019813,922676,1129164,847806,1236017
546,Dolnośląskie,region,PL51,tourism_nights,no,POOL_GR,2026-09-27T17:58:57.344071+00:00,2025-12,2026-03,3,807623,729033,897431,667818,986089
546,Dolnośląskie,region,PL51,tourism_nights,no,POOL_GR,2026-09-27T17:58:57.344071+00:00,2025-12,2026-04,4,854958,770088,951172,706417,1044760
546,Dolnośląskie,region,PL51,tourism_nights,no,POOL_GR,2026-09-27T17:58:57.344071+00:00,2025-12,2026-05,5,1096584,986629,1223016,902755,1345537
546,Dolnośląskie,region,PL51,tourism_nights,no,POOL_GR,2026-09-27T17:58:57.344071+00:00,2025-12,2026-06,6,1122493,1009131,1252296,922037,1380691
546,Dolnośląskie,region,PL51,tourism_nights,no,POOL_GR,2026-09-27T17:58:57.344071+00:00,2025-12,2026-07,7,1374854,1234392,1538601,1123065,1696183
546,Dolnośląskie,region,PL51,tourism_nights,no,POOL_GR,2026-09-27T17:58:57.344071+00:00,2025-12,2026-08,8,1585430,1422712,1772764,1291588,1961511
546,Dolnośląskie,region,PL51,tourism_nights,no,POOL_GR,2026-09-27T17:58:57.344071+00:00,2025-12,2026-09,9,1117248,1001114,1251054,909619,1384891
546,Dolnośląskie,region,PL51,tourism_nights,no,POOL_GR,2026-09-27T17:58:57.344071+00:00,2025-12,2026-10,10,1078147,964977,1209419,879019,1347970
546,Dolnośląskie,region,PL51,tourism_nights,no,POOL_GR,2026-09-27T17:58:57.344071+00:00,2025-12,2026-11,11,879934,786256,987718,714324,1099588
546,Dolnośląskie,region,PL51,tourism_nights,no,POOL_GR,2026-09-27T17:58:57.344071+00:00,2025-12,2026-12,12,996642,890148,1120647,807628,1249972
521,Drenthe,region,NL13,tourism_nights,no,POOL_GR,2026-09-27T17:58:57.344071+00:00,2025-12,2026-01,1,365494,331948,403385,303347,441747
521,Drenthe,region,NL13,tourism_nights,no,POOL_GR,2026-09-27T17:58:57.344071+00:00,2025-12,2026-02,2,386217,349429,427629,321075,468096
521,Drenthe,region,NL13,tourism_nights,no,POOL_GR,2026-09-27T17:58:57.344071+00:00,2025-12,2026-03,3,469741,424030,521976,388425,573543
521,Drenthe,region,NL13,tourism_nights,no,POOL_GR,2026-09-27T17:58:57.344071+00:00,2025-12,2026-04,4,693123,624317,771124,572699,846997
521,Drenthe,region,NL13,tourism_nights,no,POOL_GR,2026-09-27T17:58:57.344071+00:00,2025-12,2026-05,5,733892,660304,818506,604171,900504
521,Drenthe,region,NL13,tourism_nights,no,POOL_GR,2026-09-27T17:58:57.344071+00:00,2025-12,2026-06,6,978844,879990,1092036,804042,1204001
521,Drenthe,region,NL13,tourism_nights,no,POOL_GR,2026-09-27T17:58:57.344071+00:00,2025-12,2026-07,7,916688,823034,1025866,748807,1130935
521,Drenthe,region,NL13,tourism_nights,no,POOL_GR,2026-09-27T17:58:57.344071+00:00,2025-12,2026-08,8,1283772,1152015,1435462,1045840,1588297
521,Drenthe,region,NL13,tourism_nights,no,POOL_GR,2026-09-27T17:58:57.344071+00:00,2025-12,2026-09,9,686673,615296,768912,559062,851169
521,Drenthe,region,NL13,tourism_nights,no,POOL_GR,2026-09-27T17:58:57.344071+00:00,2025-12,2026-10,10,639755,572602,717650,521596,799864
521,Drenthe,region,NL13,tourism_nights,no,POOL_GR,2026-09-27T17:58:57.344071+00:00,2025-12,2026-11,11,364346,325557,408974,295773,455295
521,Drenthe,region,NL13,tourism_nights,no,POOL_GR,2026-09-27T17:58:57.344071+00:00,2025-12,2026-12,12,382461,341594,430047,309927,479676
461,Dresden,region,DED2,tourism_nights,no,POOL_GR,2026-09-27T17:58:57.344071+00:00,2025-12,2026-01,1,368592,334761,406804,305918,445491
461,Dresden,region,DED2,tourism_nights,no,POOL_GR,2026-09-27T17:58:57.344071+00:00,2025-12,2026-02,2,387221,350338,428741,321910,469313
461,Dresden,region,DED2,tourism_nights,no,POOL_GR,2026-09-27T17:58:57.344071+00:00,2025-12,2026-03,3,510015,460385,566729,421728,622716
461,Dresden,region,DED2,tourism_nights,no,POOL_GR,2026-09-27T17:58:57.344071+00:00,2025-12,2026-04,4,767436,691254,853800,634101,937808
461,Dresden,region,DED2,tourism_nights,no,POOL_GR,2026-09-27T17:58:57.344071+00:00,2025-12,2026-05,5,911760,820337,1016882,750600,1118753
461,Dresden,region,DED2,tourism_nights,no,POOL_GR,2026-09-27T17:58:57.344071+00:00,2025-12,2026-06,6,919299,826458,1025605,755130,1130758
461,Dresden,region,DED2,tourism_nights,no,POOL_GR,2026-09-27T17:58:57.344071+00:00,2025-12,2026-07,7,949868,852824,1062998,775911,1171870
461,Dresden,region,DED2,tourism_nights,no,POOL_GR,2026-09-27T17:58:57.344071+00:00,2025-12,2026-08,8,1084828,973488,1213011,883767,1342161
461,Dresden,region,DED2,tourism_nights,no,POOL_GR,2026-09-27T17:58:57.344071+00:00,2025-12,2026-09,9,898962,805519,1006626,731900,1114314
461,Dresden,region,DED2,tourism_nights,no,POOL_GR,2026-09-27T17:58:57.344071+00:00,2025-12,2026-10,10,887719,794538,995806,723762,1109885
461,Dresden,region,DED2,tourism_nights,no,POOL_GR,2026-09-27T17:58:57.344071+00:00,2025-12,2026-11,11,556461,497220,624622,451731,695368
461,Dresden,region,DED2,tourism_nights,no,POOL_GR,2026-09-27T17:58:57.344071+00:00,2025-12,2026-12,12,761242,679900,855957,616871,954736
490,Düsseldorf,region,DEA1,tourism_nights,no,POOL_GR,2026-09-27T17:58:57.344071+00:00,2025-12,2026-01,1,883679,802571,975291,733422,1068040
490,Düsseldorf,region,DEA1,tourism_nights,no,POOL_GR,2026-09-27T17:58:57.344071+00:00,2025-12,2026-02,2,848021,767247,938951,704989,1027804
490,Düsseldorf,region,DEA1,tourism_nights,no,POOL_GR,2026-09-27T17:58:57.344071+00:00,2025-12,2026-03,3,1058333,955346,1176021,875129,1292200
490,Düsseldorf,region,DEA1,tourism_nights,no,POOL_GR,2026-09-27T17:58:57.344071+00:00,2025-12,2026-04,4,1043365,939792,1160781,862090,1274994
490,Düsseldorf,region,DEA1,tourism_nights,no,POOL_GR,2026-09-27T17:58:57.344071+00:00,2025-12,2026-05,5,1239050,1114809,1381907,1020039,1520346
490,Düsseldorf,region,DEA1,tourism_nights,no,POOL_GR,2026-09-27T17:58:57.344071+00:00,2025-12,2026-06,6,1185436,1065717,1322517,973740,1458112
490,Düsseldorf,region,DEA1,tourism_nights,no,POOL_GR,2026-09-27T17:58:57.344071+00:00,2025-12,2026-07,7,1202277,1079446,1345469,982094,1483271
490,Düsseldorf,region,DEA1,tourism_nights,no,POOL_GR,2026-09-27T17:58:57.344071+00:00,2025-12,2026-08,8,1227649,1101651,1372707,1000118,1518860
490,Düsseldorf,region,DEA1,tourism_nights,no,POOL_GR,2026-09-27T17:58:57.344071+00:00,2025-12,2026-09,9,1290633,1156477,1445205,1050783,1599812
490,Düsseldorf,region,DEA1,tourism_nights,no,POOL_GR,2026-09-27T17:58:57.344071+00:00,2025-12,2026-10,10,1324132,1185143,1485356,1079572,1655517
490,Düsseldorf,region,DEA1,tourism_nights,no,POOL_GR,2026-09-27T17:58:57.344071+00:00,2025-12,2026-11,11,1207960,1079360,1355924,980613,1509497
490,Düsseldorf,region,DEA1,tourism_nights,no,POOL_GR,2026-09-27T17:58:57.344071+00:00,2025-12,2026-12,12,1080194,964772,1214594,875334,1354761
435,Dytiki Elláda,region,EL63,tourism_nights,no,POOL_GR,2026-09-27T17:58:57.344071+00:00,2025-12,2026-01,1,67199,61031,74166,55773,81219
435,Dytiki Elláda,region,EL63,tourism_nights,no,POOL_GR,2026-09-27T17:58:57.344071+00:00,2025-12,2026-02,2,66520,60184,73653,55301,80623
435,Dytiki Elláda,region,EL63,tourism_nights,no,POOL_GR,2026-09-27T17:58:57.344071+00:00,2025-12,2026-03,3,117913,106438,131025,97501,143969
435,Dytiki Elláda,region,EL63,tourism_nights,no,POOL_GR,2026-09-27T17:58:57.344071+00:00,2025-12,2026-04,4,149648,134793,166489,123648,182871
435,Dytiki Elláda,region,EL63,tourism_nights,no,POOL_GR,2026-09-27T17:58:57.344071+00:00,2025-12,2026-05,5,210162,189089,234393,173015,257874
435,Dytiki Elláda,region,EL63,tourism_nights,no,POOL_GR,2026-09-27T17:58:57.344071+00:00,2025-12,2026-06,6,320639,288258,357718,263379,394394
435,Dytiki Elláda,region,EL63,tourism_nights,no,POOL_GR,2026-09-27T17:58:57.344071+00:00,2025-12,2026-07,7,434841,390415,486631,355205,536471
435,Dytiki Elláda,region,EL63,tourism_nights,no,POOL_GR,2026-09-27T17:58:57.344071+00:00,2025-12,2026-08,8,489897,439617,547783,399100,606106
435,Dytiki Elláda,region,EL63,tourism_nights,no,POOL_GR,2026-09-27T17:58:57.344071+00:00,2025-12,2026-09,9,324427,290704,363282,264136,402145
435,Dytiki Elláda,region,EL63,tourism_nights,no,POOL_GR,2026-09-27T17:58:57.344071+00:00,2025-12,2026-10,10,196168,175577,220053,159937,245263
435,Dytiki Elláda,region,EL63,tourism_nights,no,POOL_GR,2026-09-27T17:58:57.344071+00:00,2025-12,2026-11,11,120968,108090,135786,98201,151165
435,Dytiki Elláda,region,EL63,tourism_nights,no,POOL_GR,2026-09-27T17:58:57.344071+00:00,2025-12,2026-12,12,87670,78302,98578,71043,109954
451,Dytiki Makedonia,region,EL53,tourism_nights,no,POOL_GR,2026-09-27T17:58:57.344071+00:00,2025-12,2026-01,1,24309,22078,26829,20176,29381
451,Dytiki Makedonia,region,EL53,tourism_nights,no,POOL_GR,2026-09-27T17:58:57.344071+00:00,2025-12,2026-02,2,23018,20826,25487,19136,27898
451,Dytiki Makedonia,region,EL53,tourism_nights,no,POOL_GR,2026-09-27T17:58:57.344071+00:00,2025-12,2026-03,3,28179,25437,31312,23301,34405
451,Dytiki Makedonia,region,EL53,tourism_nights,no,POOL_GR,2026-09-27T17:58:57.344071+00:00,2025-12,2026-04,4,27172,24475,30230,22451,33204
451,Dytiki Makedonia,region,EL53,tourism_nights,no,POOL_GR,2026-09-27T17:58:57.344071+00:00,2025-12,2026-05,5,25629,23059,28584,21099,31447
451,Dytiki Makedonia,region,EL53,tourism_nights,no,POOL_GR,2026-09-27T17:58:57.344071+00:00,2025-12,2026-06,6,26604,23917,29681,21853,32724
451,Dytiki Makedonia,region,EL53,tourism_nights,no,POOL_GR,2026-09-27T17:58:57.344071+00:00,2025-12,2026-07,7,33868,30408,37901,27665,41783
451,Dytiki Makedonia,region,EL53,tourism_nights,no,POOL_GR,2026-09-27T17:58:57.344071+00:00,2025-12,2026-08,8,51448,46168,57527,41913,63652
451,Dytiki Makedonia,region,EL53,tourism_nights,no,POOL_GR,2026-09-27T17:58:57.344071+00:00,2025-12,2026-09,9,27526,24665,30822,22410,34120
451,Dytiki Makedonia,region,EL53,tourism_nights,no,POOL_GR,2026-09-27T17:58:57.344071+00:00,2025-12,2026-10,10,49687,44472,55737,40510,62122
451,Dytiki Makedonia,region,EL53,tourism_nights,no,POOL_GR,2026-09-27T17:58:57.344071+00:00,2025-12,2026-11,11,24832,22188,27874,20159,31031
451,Dytiki Makedonia,region,EL53,tourism_nights,no,POOL_GR,2026-09-27T17:58:57.344071+00:00,2025-12,2026-12,12,33062,29530,37176,26792,41466
565,Eastern and Midland,region,IE06,tourism_nights,no,POOL_GR,2026-09-27T17:58:57.344071+00:00,2025-12,2026-01,1,429040,389661,473519,356088,518550
565,Eastern and Midland,region,IE06,tourism_nights,no,POOL_GR,2026-09-27T17:58:57.344071+00:00,2025-12,2026-02,2,528933,478552,585649,439720,641069
565,Eastern and Midland,region,IE06,tourism_nights,no,POOL_GR,2026-09-27T17:58:57.344071+00:00,2025-12,2026-03,3,1111211,1003078,1234778,918853,1356763
565,Eastern and Midland,region,IE06,tourism_nights,no,POOL_GR,2026-09-27T17:58:57.344071+00:00,2025-12,2026-04,4,577529,520198,642521,477188,705741
565,Eastern and Midland,region,IE06,tourism_nights,no,POOL_GR,2026-09-27T17:58:57.344071+00:00,2025-12,2026-05,5,1178722,1060530,1314623,970374,1446322
565,Eastern and Midland,region,IE06,tourism_nights,no,POOL_GR,2026-09-27T17:58:57.344071+00:00,2025-12,2026-06,6,1758944,1581306,1962345,1444830,2163540
565,Eastern and Midland,region,IE06,tourism_nights,no,POOL_GR,2026-09-27T17:58:57.344071+00:00,2025-12,2026-07,7,1589724,1427309,1779061,1298584,1961272
565,Eastern and Midland,region,IE06,tourism_nights,no,POOL_GR,2026-09-27T17:58:57.344071+00:00,2025-12,2026-08,8,1011821,907974,1131377,824291,1251836
565,Eastern and Midland,region,IE06,tourism_nights,no,POOL_GR,2026-09-27T17:58:57.344071+00:00,2025-12,2026-09,9,1049559,940461,1175259,854510,1300987
565,Eastern and Midland,region,IE06,tourism_nights,no,POOL_GR,2026-09-27T17:58:57.344071+00:00,2025-12,2026-10,10,1414622,1266133,1586863,1153349,1768653
565,Eastern and Midland,region,IE06,tourism_nights,no,POOL_GR,2026-09-27T17:58:57.344071+00:00,2025-12,2026-11,11,942240,841929,1057656,764903,1177447
565,Eastern and Midland,region,IE06,tourism_nights,no,POOL_GR,2026-09-27T17:58:57.344071+00:00,2025-12,2026-12,12,1576220,1407796,1772336,1277288,1976869
379,Eesti,region,EE00,tourism_nights,no,POOL_GR,2026-09-27T17:58:57.344071+00:00,2025-12,2026-01,1,380367,345456,419800,315691,459723
379,Eesti,region,EE00,tourism_nights,no,POOL_GR,2026-09-27T17:58:57.344071+00:00,2025-12,2026-02,2,419373,379427,464341,348639,508281
379,Eesti,region,EE00,tourism_nights,no,POOL_GR,2026-09-27T17:58:57.344071+00:00,2025-12,2026-03,3,406973,367370,452229,336523,496905
379,Eesti,region,EE00,tourism_nights,no,POOL_GR,2026-09-27T17:58:57.344071+00:00,2025-12,2026-04,4,479078,431520,532991,395842,585434
379,Eesti,region,EE00,tourism_nights,no,POOL_GR,2026-09-27T17:58:57.344071+00:00,2025-12,2026-05,5,568011,511056,633500,467611,696964
379,Eesti,region,EE00,tourism_nights,no,POOL_GR,2026-09-27T17:58:57.344071+00:00,2025-12,2026-06,6,726487,653118,810497,596750,893595
379,Eesti,region,EE00,tourism_nights,no,POOL_GR,2026-09-27T17:58:57.344071+00:00,2025-12,2026-07,7,959767,861712,1074076,783997,1184083
379,Eesti,region,EE00,tourism_nights,no,POOL_GR,2026-09-27T17:58:57.344071+00:00,2025-12,2026-08,8,845365,758603,945253,688686,1045895
379,Eesti,region,EE00,tourism_nights,no,POOL_GR,2026-09-27T17:58:57.344071+00:00,2025-12,2026-09,9,541336,485067,606169,440735,671017
379,Eesti,region,EE00,tourism_nights,no,POOL_GR,2026-09-27T17:58:57.344071+00:00,2025-12,2026-10,10,553142,495080,620491,450980,691574
379,Eesti,region,EE00,tourism_nights,no,POOL_GR,2026-09-27T17:58:57.344071+00:00,2025-12,2026-11,11,474199,423716,532284,384951,592571
379,Eesti,region,EE00,tourism_nights,no,POOL_GR,2026-09-27T17:58:57.344071+00:00,2025-12,2026-12,12,563891,503637,634051,456948,707222
537,Emilia-Romagna,region,ITH5,tourism_nights,no,POOL_GR,2026-09-27T17:58:57.344071+00:00,2025-12,2026-01,1,1454834,1321304,1605659,1207461,1758356
537,Emilia-Romagna,region,ITH5,tourism_nights,no,POOL_GR,2026-09-27T17:58:57.344071+00:00,2025-12,2026-02,2,1320264,1194509,1461831,1097581,1600165
537,Emilia-Romagna,region,ITH5,tourism_nights,no,POOL_GR,2026-09-27T17:58:57.344071+00:00,2025-12,2026-03,3,1774499,1601822,1971825,1467321,2166623
537,Emilia-Romagna,region,ITH5,tourism_nights,no,POOL_GR,2026-09-27T17:58:57.344071+00:00,2025-12,2026-04,4,2797720,2519994,3112564,2311641,3418818
537,Emilia-Romagna,region,ITH5,tourism_nights,no,POOL_GR,2026-09-27T17:58:57.344071+00:00,2025-12,2026-05,5,3649060,3283166,4069781,3004064,4477492
537,Emilia-Romagna,region,ITH5,tourism_nights,no,POOL_GR,2026-09-27T17:58:57.344071+00:00,2025-12,2026-06,6,6958891,6256106,7763605,5716167,8559592
537,Emilia-Romagna,region,ITH5,tourism_nights,no,POOL_GR,2026-09-27T17:58:57.344071+00:00,2025-12,2026-07,7,8897248,7988258,9956920,7267820,10976700
537,Emilia-Romagna,region,ITH5,tourism_nights,no,POOL_GR,2026-09-27T17:58:57.344071+00:00,2025-12,2026-08,8,9562415,8580995,10692308,7790130,11830726
537,Emilia-Romagna,region,ITH5,tourism_nights,no,POOL_GR,2026-09-27T17:58:57.344071+00:00,2025-12,2026-09,9,4519308,4049544,5060560,3679444,5601936
537,Emilia-Romagna,region,ITH5,tourism_nights,no,POOL_GR,2026-09-27T17:58:57.344071+00:00,2025-12,2026-10,10,2133856,1909872,2393669,1739744,2667887
537,Emilia-Romagna,region,ITH5,tourism_nights,no,POOL_GR,2026-09-27T17:58:57.344071+00:00,2025-12,2026-11,11,1643223,1468285,1844502,1333956,2053413
537,Emilia-Romagna,region,ITH5,tourism_nights,no,POOL_GR,2026-09-27T17:58:57.344071+00:00,2025-12,2026-12,12,1501146,1340743,1687921,1216452,1882712
361,Estonia,country,EE,tourism_nights,yes,POOL_GR_WG,2026-09-27T17:58:57.344071+00:00,2026-06,2026-07,1,968613,901835,1041569,837934,1107851
361,Estonia,country,EE,tourism_nights,yes,POOL_GR_WG,2026-09-27T17:58:57.344071+00:00,2026-06,2026-08,2,850443,792785,917590,742410,973419
361,Estonia,country,EE,tourism_nights,yes,POOL_GR_WG,2026-09-27T17:58:57.344071+00:00,2026-06,2026-09,3,543839,505480,590576,474562,622021
361,Estonia,country,EE,tourism_nights,yes,POOL_GR_WG,2026-09-27T17:58:57.344071+00:00,2026-06,2026-10,4,554917,515541,601775,482023,635323
361,Estonia,country,EE,tourism_nights,yes,POOL_GR_WG,2026-09-27T17:58:57.344071+00:00,2026-06,2026-11,5,475316,441156,516526,413826,545104
361,Estonia,country,EE,tourism_nights,yes,POOL_GR_WG,2026-09-27T17:58:57.344071+00:00,2026-06,2026-12,6,566514,525221,614985,489944,649391
361,Estonia,country,EE,tourism_nights,yes,POOL_GR_WG,2026-09-27T17:58:57.344071+00:00,2026-06,2027-01,7,410640,380252,446496,355731,471314
361,Estonia,country,EE,tourism_nights,yes,POOL_GR_WG,2026-09-27T17:58:57.344071+00:00,2026-06,2027-02,8,438005,405036,476103,377762,503727
361,Estonia,country,EE,tourism_nights,yes,POOL_GR_WG,2026-09-27T17:58:57.344071+00:00,2026-06,2027-03,9,454483,420363,493867,393311,521699
361,Estonia,country,EE,tourism_nights,yes,POOL_GR_WG,2026-09-27T17:58:57.344071+00:00,2026-06,2027-04,10,501520,462985,547223,433378,578133
361,Estonia,country,EE,tourism_nights,yes,POOL_GR_WG,2026-09-27T17:58:57.344071+00:00,2026-06,2027-05,11,603278,556976,657069,519667,693784
361,Estonia,country,EE,tourism_nights,yes,POOL_GR_WG,2026-09-27T17:58:57.344071+00:00,2026-06,2027-06,12,744129,687203,813054,640102,863055
570,Észak-Alföld,region,HU32,tourism_nights,no,POOL_GR,2026-09-27T17:58:57.344071+00:00,2025-12,2026-01,1,133652,121385,147508,110927,161536
570,Észak-Alföld,region,HU32,tourism_nights,no,POOL_GR,2026-09-27T17:58:57.344071+00:00,2025-12,2026-02,2,142113,128577,157352,118144,172242
570,Észak-Alföld,region,HU32,tourism_nights,no,POOL_GR,2026-09-27T17:58:57.344071+00:00,2025-12,2026-03,3,153154,138251,170185,126642,186998
570,Észak-Alföld,region,HU32,tourism_nights,no,POOL_GR,2026-09-27T17:58:57.344071+00:00,2025-12,2026-04,4,177898,160238,197918,146990,217391
570,Észak-Alföld,region,HU32,tourism_nights,no,POOL_GR,2026-09-27T17:58:57.344071+00:00,2025-12,2026-05,5,214795,193258,239560,176829,263560
570,Észak-Alföld,region,HU32,tourism_nights,no,POOL_GR,2026-09-27T17:58:57.344071+00:00,2025-12,2026-06,6,251290,225912,280348,206414,309092
570,Észak-Alföld,region,HU32,tourism_nights,no,POOL_GR,2026-09-27T17:58:57.344071+00:00,2025-12,2026-07,7,373261,335127,417717,304903,460499
570,Észak-Alföld,region,HU32,tourism_nights,no,POOL_GR,2026-09-27T17:58:57.344071+00:00,2025-12,2026-08,8,427038,383210,477497,347892,528337
570,Észak-Alföld,region,HU32,tourism_nights,no,POOL_GR,2026-09-27T17:58:57.344071+00:00,2025-12,2026-09,9,213486,191295,239054,173812,264628
570,Észak-Alföld,region,HU32,tourism_nights,no,POOL_GR,2026-09-27T17:58:57.344071+00:00,2025-12,2026-10,10,200272,179250,224657,163283,250393
570,Észak-Alföld,region,HU32,tourism_nights,no,POOL_GR,2026-09-27T17:58:57.344071+00:00,2025-12,2026-11,11,168113,150216,188706,136473,210079
570,Észak-Alföld,region,HU32,tourism_nights,no,POOL_GR,2026-09-27T17:58:57.344071+00:00,2025-12,2026-12,12,144453,129018,162426,117058,181171
568,Észak-Magyarország,region,HU31,tourism_nights,no,POOL_GR,2026-09-27T17:58:57.344071+00:00,2025-12,2026-01,1,147779,134215,163099,122651,178610
568,Észak-Magyarország,region,HU31,tourism_nights,no,POOL_GR,2026-09-27T17:58:57.344071+00:00,2025-12,2026-02,2,149443,135209,165468,124238,181126
568,Észak-Magyarország,region,HU31,tourism_nights,no,POOL_GR,2026-09-27T17:58:57.344071+00:00,2025-12,2026-03,3,155851,140685,173182,128872,190291
568,Észak-Magyarország,region,HU31,tourism_nights,no,POOL_GR,2026-09-27T17:58:57.344071+00:00,2025-12,2026-04,4,201899,181857,224620,166821,246721
568,Észak-Magyarország,region,HU31,tourism_nights,no,POOL_GR,2026-09-27T17:58:57.344071+00:00,2025-12,2026-05,5,233576,210155,260507,192290,286604
568,Észak-Magyarország,region,HU31,tourism_nights,no,POOL_GR,2026-09-27T17:58:57.344071+00:00,2025-12,2026-06,6,262209,235729,292531,215384,322523
568,Észak-Magyarország,region,HU31,tourism_nights,no,POOL_GR,2026-09-27T17:58:57.344071+00:00,2025-12,2026-07,7,372753,334670,417148,304487,459872
568,Észak-Magyarország,region,HU31,tourism_nights,no,POOL_GR,2026-09-27T17:58:57.344071+00:00,2025-12,2026-08,8,425631,381947,475923,346745,526595
568,Észak-Magyarország,region,HU31,tourism_nights,no,POOL_GR,2026-09-27T17:58:57.344071+00:00,2025-12,2026-09,9,214443,192152,240125,174591,265814
568,Észak-Magyarország,region,HU31,tourism_nights,no,POOL_GR,2026-09-27T17:58:57.344071+00:00,2025-12,2026-10,10,244777,219083,274580,199568,306036
568,Észak-Magyarország,region,HU31,tourism_nights,no,POOL_GR,2026-09-27T17:58:57.344071+00:00,2025-12,2026-11,11,176420,157639,198030,143217,220459
568,Észak-Magyarország,region,HU31,tourism_nights,no,POOL_GR,2026-09-27T17:58:57.344071+00:00,2025-12,2026-12,12,172733,154276,194225,139974,216639
393,Etelä-Suomi,region,FI1C,tourism_nights,no,POOL_GR,2026-09-27T17:58:57.344071+00:00,2025-12,2026-01,1,172340,156522,190207,143036,208295
393,Etelä-Suomi,region,FI1C,tourism_nights,no,POOL_GR,2026-09-27T17:58:57.344071+00:00,2025-12,2026-02,2,209592,189628,232066,174241,254026
393,Etelä-Suomi,region,FI1C,tourism_nights,no,POOL_GR,2026-09-27T17:58:57.344071+00:00,2025-12,2026-03,3,212007,191376,235582,175307,258855
393,Etelä-Suomi,region,FI1C,tourism_nights,no,POOL_GR,2026-09-27T17:58:57.344071+00:00,2025-12,2026-04,4,217670,196062,242165,179851,265993
393,Etelä-Suomi,region,FI1C,tourism_nights,no,POOL_GR,2026-09-27T17:58:57.344071+00:00,2025-12,2026-05,5,271252,244054,302526,223307,332834
393,Etelä-Suomi,region,FI1C,tourism_nights,no,POOL_GR,2026-09-27T17:58:57.344071+00:00,2025-12,2026-06,6,390490,351054,435646,320756,480311
393,Etelä-Suomi,region,FI1C,tourism_nights,no,POOL_GR,2026-09-27T17:58:57.344071+00:00,2025-12,2026-07,7,563312,505761,630403,460148,694968
393,Etelä-Suomi,region,FI1C,tourism_nights,no,POOL_GR,2026-09-27T17:58:57.344071+00:00,2025-12,2026-08,8,378712,339844,423460,308522,468547
393,Etelä-Suomi,region,FI1C,tourism_nights,no,POOL_GR,2026-09-27T17:58:57.344071+00:00,2025-12,2026-09,9,261746,234538,293094,213103,324449
393,Etelä-Suomi,region,FI1C,tourism_nights,no,POOL_GR,2026-09-27T17:58:57.344071+00:00,2025-12,2026-10,10,271258,242785,304285,221158,339144
393,Etelä-Suomi,region,FI1C,tourism_nights,no,POOL_GR,2026-09-27T17:58:57.344071+00:00,2025-12,2026-11,11,208749,186525,234318,169461,260858
393,Etelä-Suomi,region,FI1C,tourism_nights,no,POOL_GR,2026-09-27T17:58:57.344071+00:00,2025-12,2026-12,12,186093,166208,209247,150800,233395
428,Extremadura,region,ES43,tourism_nights,no,POOL_GR,2026-09-27T17:58:57.344071+00:00,2025-12,2026-01,1,164779,149655,181862,136760,199156
428,Extremadura,region,ES43,tourism_nights,no,POOL_GR,2026-09-27T17:58:57.344071+00:00,2025-12,2026-02,2,215696,195151,238825,179316,261425
428,Extremadura,region,ES43,tourism_nights,no,POOL_GR,2026-09-27T17:58:57.344071+00:00,2025-12,2026-03,3,286666,258770,318543,237042,350012
428,Extremadura,region,ES43,tourism_nights,no,POOL_GR,2026-09-27T17:58:57.344071+00:00,2025-12,2026-04,4,417136,375727,464079,344662,509741
428,Extremadura,region,ES43,tourism_nights,no,POOL_GR,2026-09-27T17:58:57.344071+00:00,2025-12,2026-05,5,394791,355205,440309,325009,484419
428,Extremadura,region,ES43,tourism_nights,no,POOL_GR,2026-09-27T17:58:57.344071+00:00,2025-12,2026-06,6,353549,317843,394432,290412,434873
428,Extremadura,region,ES43,tourism_nights,no,POOL_GR,2026-09-27T17:58:57.344071+00:00,2025-12,2026-07,7,441962,396809,494600,361022,545256
428,Extremadura,region,ES43,tourism_nights,no,POOL_GR,2026-09-27T17:58:57.344071+00:00,2025-12,2026-08,8,526865,472791,589119,429216,651843
428,Extremadura,region,ES43,tourism_nights,no,POOL_GR,2026-09-27T17:58:57.344071+00:00,2025-12,2026-09,9,365282,327312,409029,297398,452787
428,Extremadura,region,ES43,tourism_nights,no,POOL_GR,2026-09-27T17:58:57.344071+00:00,2025-12,2026-10,10,359956,322173,403784,293474,450041
428,Extremadura,region,ES43,tourism_nights,no,POOL_GR,2026-09-27T17:58:57.344071+00:00,2025-12,2026-11,11,282700,252604,317328,229494,353269
428,Extremadura,region,ES43,tourism_nights,no,POOL_GR,2026-09-27T17:58:57.344071+00:00,2025-12,2026-12,12,267463,238884,300742,216739,335448
347,Finland,country,FI,tourism_nights,yes,POOL_GR_WG,2026-09-27T17:58:57.344071+00:00,2026-07,2026-08,1,2369685,2206316,2548172,2049984,2710328
347,Finland,country,FI,tourism_nights,yes,POOL_GR_WG,2026-09-27T17:58:57.344071+00:00,2026-07,2026-09,2,1824568,1700868,1968627,1592792,2088405
347,Finland,country,FI,tourism_nights,yes,POOL_GR_WG,2026-09-27T17:58:57.344071+00:00,2026-07,2026-10,3,1739406,1616719,1888887,1517831,1989462
347,Finland,country,FI,tourism_nights,yes,POOL_GR_WG,2026-09-27T17:58:57.344071+00:00,2026-07,2026-11,4,1605376,1491461,1740936,1394492,1837989
347,Finland,country,FI,tourism_nights,yes,POOL_GR_WG,2026-09-27T17:58:57.344071+00:00,2026-07,2026-12,5,1988126,1845243,2160496,1730927,2280030
347,Finland,country,FI,tourism_nights,yes,POOL_GR_WG,2026-09-27T17:58:57.344071+00:00,2026-07,2027-01,6,1683047,1560371,1827048,1455566,1929266
347,Finland,country,FI,tourism_nights,yes,POOL_GR_WG,2026-09-27T17:58:57.344071+00:00,2026-07,2027-02,7,1906921,1765804,2073426,1651936,2188679
347,Finland,country,FI,tourism_nights,yes,POOL_GR_WG,2026-09-27T17:58:57.344071+00:00,2026-07,2027-03,8,1916142,1771912,2082811,1652597,2203658
347,Finland,country,FI,tourism_nights,yes,POOL_GR_WG,2026-09-27T17:58:57.344071+00:00,2026-07,2027-04,9,1528211,1413482,1660640,1322516,1754225
347,Finland,country,FI,tourism_nights,yes,POOL_GR_WG,2026-09-27T17:58:57.344071+00:00,2026-07,2027-05,10,1617664,1493367,1765079,1397870,1864782
347,Finland,country,FI,tourism_nights,yes,POOL_GR_WG,2026-09-27T17:58:57.344071+00:00,2026-07,2027-06,11,2347493,2167319,2556804,2022143,2699671
347,Finland,country,FI,tourism_nights,yes,POOL_GR_WG,2026-09-27T17:58:57.344071+00:00,2026-07,2027-07,12,3395395,3135647,3709892,2920729,3938044
525,Flevoland,region,NL23,tourism_nights,no,POOL_GR,2026-09-27T17:58:57.344071+00:00,2025-12,2026-01,1,167829,152425,185228,139292,202843
525,Flevoland,region,NL23,tourism_nights,no,POOL_GR,2026-09-27T17:58:57.344071+00:00,2025-12,2026-02,2,178312,161328,197432,148237,216115
525,Flevoland,region,NL23,tourism_nights,no,POOL_GR,2026-09-27T17:58:57.344071+00:00,2025-12,2026-03,3,197696,178458,219680,163473,241382
525,Flevoland,region,NL23,tourism_nights,no,POOL_GR,2026-09-27T17:58:57.344071+00:00,2025-12,2026-04,4,288289,259671,320732,238201,352290
525,Flevoland,region,NL23,tourism_nights,no,POOL_GR,2026-09-27T17:58:57.344071+00:00,2025-12,2026-05,5,287191,258394,320302,236428,352390
525,Flevoland,region,NL23,tourism_nights,no,POOL_GR,2026-09-27T17:58:57.344071+00:00,2025-12,2026-06,6,353362,317676,394225,290259,434644
525,Flevoland,region,NL23,tourism_nights,no,POOL_GR,2026-09-27T17:58:57.344071+00:00,2025-12,2026-07,7,373043,334931,417472,304724,460230
525,Flevoland,region,NL23,tourism_nights,no,POOL_GR,2026-09-27T17:58:57.344071+00:00,2025-12,2026-08,8,480225,430938,536969,391221,594140
525,Flevoland,region,NL23,tourism_nights,no,POOL_GR,2026-09-27T17:58:57.344071+00:00,2025-12,2026-09,9,250072,224078,280022,203599,309979
525,Flevoland,region,NL23,tourism_nights,no,POOL_GR,2026-09-27T17:58:57.344071+00:00,2025-12,2026-10,10,252624,226107,283383,205966,315848
525,Flevoland,region,NL23,tourism_nights,no,POOL_GR,2026-09-27T17:58:57.344071+00:00,2025-12,2026-11,11,171888,153589,192943,139538,214796
525,Flevoland,region,NL23,tourism_nights,no,POOL_GR,2026-09-27T17:58:57.344071+00:00,2025-12,2026-12,12,167681,149764,188544,135880,210302
293,France,country,FR,tourism_nights,yes,POOL_GR_WG,2026-09-27T17:58:57.344071+00:00,2026-06,2026-07,1,80318144,74780910,86367782,69482189,91863913
293,France,country,FR,tourism_nights,yes,POOL_GR_WG,2026-09-27T17:58:57.344071+00:00,2026-06,2026-08,2,93521734,87181231,100905738,81641583,107045199
293,France,country,FR,tourism_nights,yes,POOL_GR_WG,2026-09-27T17:58:57.344071+00:00,2026-06,2026-09,3,42535627,39535439,46191068,37117213,48650540
293,France,country,FR,tourism_nights,yes,POOL_GR_WG,2026-09-27T17:58:57.344071+00:00,2026-06,2026-10,4,30086993,27952063,32627584,26134734,34446492
293,France,country,FR,tourism_nights,yes,POOL_GR_WG,2026-09-27T17:58:57.344071+00:00,2026-06,2026-11,5,19162389,17785222,20823759,16683398,21975885
293,France,country,FR,tourism_nights,yes,POOL_GR_WG,2026-09-27T17:58:57.344071+00:00,2026-06,2026-12,6,23486915,21774965,25496454,20312424,26922905
293,France,country,FR,tourism_nights,yes,POOL_GR_WG,2026-09-27T17:58:57.344071+00:00,2026-06,2027-01,7,21599116,20000727,23485062,18710973,24790498
293,France,country,FR,tourism_nights,yes,POOL_GR_WG,2026-09-27T17:58:57.344071+00:00,2026-06,2027-02,8,22871384,21149831,24860769,19725664,26303216
293,France,country,FR,tourism_nights,yes,POOL_GR_WG,2026-09-27T17:58:57.344071+00:00,2026-06,2027-03,9,24937070,23064941,27098024,21580581,28625122
293,France,country,FR,tourism_nights,yes,POOL_GR_WG,2026-09-27T17:58:57.344071+00:00,2026-06,2027-04,10,37707487,34810155,41143731,32584136,43467771
293,France,country,FR,tourism_nights,yes,POOL_GR_WG,2026-09-27T17:58:57.344071+00:00,2026-06,2027-05,11,44610011,41186117,48587607,38427297,51302547
293,France,country,FR,tourism_nights,yes,POOL_GR_WG,2026-09-27T17:58:57.344071+00:00,2026-06,2027-06,12,48701167,44975516,53212090,41892878,56484534
508,Franche-Comté,region,FRC2,tourism_nights,no,POOL_GR,2026-09-27T17:58:57.344071+00:00,2025-12,2026-01,1,160768,146012,177435,133431,194309
508,Franche-Comté,region,FRC2,tourism_nights,no,POOL_GR,2026-09-27T17:58:57.344071+00:00,2025-12,2026-02,2,178054,161095,197147,148023,215803
508,Franche-Comté,region,FRC2,tourism_nights,no,POOL_GR,2026-09-27T17:58:57.344071+00:00,2025-12,2026-03,3,162268,146478,180313,134179,198126
508,Franche-Comté,region,FRC2,tourism_nights,no,POOL_GR,2026-09-27T17:58:57.344071+00:00,2025-12,2026-04,4,218263,196596,242825,180342,266717
508,Franche-Comté,region,FRC2,tourism_nights,no,POOL_GR,2026-09-27T17:58:57.344071+00:00,2025-12,2026-05,5,395451,355798,441044,325552,485228
508,Franche-Comté,region,FRC2,tourism_nights,no,POOL_GR,2026-09-27T17:58:57.344071+00:00,2025-12,2026-06,6,512658,460884,571940,421107,630580
508,Franche-Comté,region,FRC2,tourism_nights,no,POOL_GR,2026-09-27T17:58:57.344071+00:00,2025-12,2026-07,7,862425,774315,965140,704481,1063989
508,Franche-Comté,region,FRC2,tourism_nights,no,POOL_GR,2026-09-27T17:58:57.344071+00:00,2025-12,2026-08,8,980116,879524,1095926,798463,1212610
508,Franche-Comté,region,FRC2,tourism_nights,no,POOL_GR,2026-09-27T17:58:57.344071+00:00,2025-12,2026-09,9,345014,309151,386334,280897,427664
508,Franche-Comté,region,FRC2,tourism_nights,no,POOL_GR,2026-09-27T17:58:57.344071+00:00,2025-12,2026-10,10,213569,191152,239573,174124,267018
508,Franche-Comté,region,FRC2,tourism_nights,no,POOL_GR,2026-09-27T17:58:57.344071+00:00,2025-12,2026-11,11,138536,123787,155505,112462,173118
508,Franche-Comté,region,FRC2,tourism_nights,no,POOL_GR,2026-09-27T17:58:57.344071+00:00,2025-12,2026-12,12,164992,147362,185520,133701,206930
491,Freiburg,region,DE13,tourism_nights,no,POOL_GR,2026-09-27T17:58:57.344071+00:00,2025-12,2026-01,1,740924,672920,817737,614941,895503
491,Freiburg,region,DE13,tourism_nights,no,POOL_GR,2026-09-27T17:58:57.344071+00:00,2025-12,2026-02,2,695861,629580,770476,578494,843386
491,Freiburg,region,DE13,tourism_nights,no,POOL_GR,2026-09-27T17:58:57.344071+00:00,2025-12,2026-03,3,956246,863193,1062581,790713,1167554
491,Freiburg,region,DE13,tourism_nights,no,POOL_GR,2026-09-27T17:58:57.344071+00:00,2025-12,2026-04,4,1550824,1396876,1725347,1281382,1895109
491,Freiburg,region,DE13,tourism_nights,no,POOL_GR,2026-09-27T17:58:57.344071+00:00,2025-12,2026-05,5,1737091,1562911,1937370,1430048,2131455
491,Freiburg,region,DE13,tourism_nights,no,POOL_GR,2026-09-27T17:58:57.344071+00:00,2025-12,2026-06,6,1886932,1696369,2105133,1549962,2320968
491,Freiburg,region,DE13,tourism_nights,no,POOL_GR,2026-09-27T17:58:57.344071+00:00,2025-12,2026-07,7,2145077,1925925,2400558,1752231,2646422
491,Freiburg,region,DE13,tourism_nights,no,POOL_GR,2026-09-27T17:58:57.344071+00:00,2025-12,2026-08,8,2406357,2159385,2690691,1960366,2977171
491,Freiburg,region,DE13,tourism_nights,no,POOL_GR,2026-09-27T17:58:57.344071+00:00,2025-12,2026-09,9,1738450,1557745,1946654,1415378,2154906
491,Freiburg,region,DE13,tourism_nights,no,POOL_GR,2026-09-27T17:58:57.344071+00:00,2025-12,2026-10,10,1657346,1483380,1859141,1351243,2072123
491,Freiburg,region,DE13,tourism_nights,no,POOL_GR,2026-09-27T17:58:57.344071+00:00,2025-12,2026-11,11,967808,864775,1086356,785659,1209398
491,Freiburg,region,DE13,tourism_nights,no,POOL_GR,2026-09-27T17:58:57.344071+00:00,2025-12,2026-12,12,1169944,1044931,1315510,948062,1467324
524,Friesland (NL),region,NL12,tourism_nights,no,POOL_GR,2026-09-27T17:58:57.344071+00:00,2025-12,2026-01,1,220163,199956,242988,182727,266096
524,Friesland (NL),region,NL12,tourism_nights,no,POOL_GR,2026-09-27T17:58:57.344071+00:00,2025-12,2026-02,2,202472,183187,224182,168322,245397
524,Friesland (NL),region,NL12,tourism_nights,no,POOL_GR,2026-09-27T17:58:57.344071+00:00,2025-12,2026-03,3,295799,267015,328692,244594,361164
524,Friesland (NL),region,NL12,tourism_nights,no,POOL_GR,2026-09-27T17:58:57.344071+00:00,2025-12,2026-04,4,533509,480548,593548,440817,651949
524,Friesland (NL),region,NL12,tourism_nights,no,POOL_GR,2026-09-27T17:58:57.344071+00:00,2025-12,2026-05,5,637611,573677,711125,524909,782366
524,Friesland (NL),region,NL12,tourism_nights,no,POOL_GR,2026-09-27T17:58:57.344071+00:00,2025-12,2026-06,6,901632,810576,1005896,740618,1109028
524,Friesland (NL),region,NL12,tourism_nights,no,POOL_GR,2026-09-27T17:58:57.344071+00:00,2025-12,2026-07,7,968340,869410,1083671,791000,1194659
524,Friesland (NL),region,NL12,tourism_nights,no,POOL_GR,2026-09-27T17:58:57.344071+00:00,2025-12,2026-08,8,1563082,1402658,1747776,1273383,1933863
524,Friesland (NL),region,NL12,tourism_nights,no,POOL_GR,2026-09-27T17:58:57.344071+00:00,2025-12,2026-09,9,797787,714861,893334,649527,988902
524,Friesland (NL),region,NL12,tourism_nights,no,POOL_GR,2026-09-27T17:58:57.344071+00:00,2025-12,2026-10,10,531575,475777,596298,433396,664610
524,Friesland (NL),region,NL12,tourism_nights,no,POOL_GR,2026-09-27T17:58:57.344071+00:00,2025-12,2026-11,11,256172,228900,287551,207959,320120
524,Friesland (NL),region,NL12,tourism_nights,no,POOL_GR,2026-09-27T17:58:57.344071+00:00,2025-12,2026-12,12,234492,209436,263668,190020,294096
528,Friuli-Venezia Giulia,region,ITH4,tourism_nights,no,POOL_GR,2026-09-27T17:58:57.344071+00:00,2025-12,2026-01,1,410450,372777,453002,340659,496082
528,Friuli-Venezia Giulia,region,ITH4,tourism_nights,no,POOL_GR,2026-09-27T17:58:57.344071+00:00,2025-12,2026-02,2,419335,379393,464299,348608,508236
528,Friuli-Venezia Giulia,region,ITH4,tourism_nights,no,POOL_GR,2026-09-27T17:58:57.344071+00:00,2025-12,2026-03,3,441700,398718,490817,365239,539306
528,Friuli-Venezia Giulia,region,ITH4,tourism_nights,no,POOL_GR,2026-09-27T17:58:57.344071+00:00,2025-12,2026-04,4,628572,566175,699309,519363,768116
528,Friuli-Venezia Giulia,region,ITH4,tourism_nights,no,POOL_GR,2026-09-27T17:58:57.344071+00:00,2025-12,2026-05,5,953543,857930,1063482,784998,1170022
528,Friuli-Venezia Giulia,region,ITH4,tourism_nights,no,POOL_GR,2026-09-27T17:58:57.344071+00:00,2025-12,2026-06,6,1577230,1417943,1759618,1295567,1940028
528,Friuli-Venezia Giulia,region,ITH4,tourism_nights,no,POOL_GR,2026-09-27T17:58:57.344071+00:00,2025-12,2026-07,7,2138848,1920332,2393587,1747143,2638737
528,Friuli-Venezia Giulia,region,ITH4,tourism_nights,no,POOL_GR,2026-09-27T17:58:57.344071+00:00,2025-12,2026-08,8,2331172,2091917,2606623,1899116,2884152
528,Friuli-Venezia Giulia,region,ITH4,tourism_nights,no,POOL_GR,2026-09-27T17:58:57.344071+00:00,2025-12,2026-09,9,1250524,1120537,1400293,1018128,1550095
528,Friuli-Venezia Giulia,region,ITH4,tourism_nights,no,POOL_GR,2026-09-27T17:58:57.344071+00:00,2025-12,2026-10,10,547961,490444,614680,446756,685097
528,Friuli-Venezia Giulia,region,ITH4,tourism_nights,no,POOL_GR,2026-09-27T17:58:57.344071+00:00,2025-12,2026-11,11,350333,313037,393246,284398,437785
528,Friuli-Venezia Giulia,region,ITH4,tourism_nights,no,POOL_GR,2026-09-27T17:58:57.344071+00:00,2025-12,2026-12,12,411911,367897,463162,333792,516612
400,Galicia,region,ES11,tourism_nights,no,POOL_GR,2026-09-27T17:58:57.344071+00:00,2025-12,2026-01,1,372905,338679,411565,309498,450705
400,Galicia,region,ES11,tourism_nights,no,POOL_GR,2026-09-27T17:58:57.344071+00:00,2025-12,2026-02,2,419022,379110,463953,348348,507857
400,Galicia,region,ES11,tourism_nights,no,POOL_GR,2026-09-27T17:58:57.344071+00:00,2025-12,2026-03,3,574387,518493,638259,474957,701313
400,Galicia,region,ES11,tourism_nights,no,POOL_GR,2026-09-27T17:58:57.344071+00:00,2025-12,2026-04,4,997654,898618,1109926,824321,1219135
400,Galicia,region,ES11,tourism_nights,no,POOL_GR,2026-09-27T17:58:57.344071+00:00,2025-12,2026-05,5,1195827,1075920,1333701,984456,1467311
400,Galicia,region,ES11,tourism_nights,no,POOL_GR,2026-09-27T17:58:57.344071+00:00,2025-12,2026-06,6,1475469,1326460,1646089,1211979,1814860
400,Galicia,region,ES11,tourism_nights,no,POOL_GR,2026-09-27T17:58:57.344071+00:00,2025-12,2026-07,7,2212237,1986223,2475717,1807092,2729278
400,Galicia,region,ES11,tourism_nights,no,POOL_GR,2026-09-27T17:58:57.344071+00:00,2025-12,2026-08,8,2729339,2449218,3051837,2223487,3376768
400,Galicia,region,ES11,tourism_nights,no,POOL_GR,2026-09-27T17:58:57.344071+00:00,2025-12,2026-09,9,1533673,1374254,1717352,1248656,1901073
400,Galicia,region,ES11,tourism_nights,no,POOL_GR,2026-09-27T17:58:57.344071+00:00,2025-12,2026-10,10,1084528,970689,1216578,884222,1355948
400,Galicia,region,ES11,tourism_nights,no,POOL_GR,2026-09-27T17:58:57.344071+00:00,2025-12,2026-11,11,649743,580572,729331,527457,811936
400,Galicia,region,ES11,tourism_nights,no,POOL_GR,2026-09-27T17:58:57.344071+00:00,2025-12,2026-12,12,595064,531480,669103,482209,746319
527,Gelderland,region,NL22,tourism_nights,no,POOL_GR,2026-09-27T17:58:57.344071+00:00,2025-12,2026-01,1,657063,596755,725182,545339,794146
527,Gelderland,region,NL22,tourism_nights,no,POOL_GR,2026-09-27T17:58:57.344071+00:00,2025-12,2026-02,2,681628,616703,754717,566661,826136
527,Gelderland,region,NL22,tourism_nights,no,POOL_GR,2026-09-27T17:58:57.344071+00:00,2025-12,2026-03,3,811044,732120,901232,670646,990266
527,Gelderland,region,NL22,tourism_nights,no,POOL_GR,2026-09-27T17:58:57.344071+00:00,2025-12,2026-04,4,1321145,1189996,1469821,1091608,1614441
527,Gelderland,region,NL22,tourism_nights,no,POOL_GR,2026-09-27T17:58:57.344071+00:00,2025-12,2026-05,5,1568197,1410952,1749003,1291007,1924218
527,Gelderland,region,NL22,tourism_nights,no,POOL_GR,2026-09-27T17:58:57.344071+00:00,2025-12,2026-06,6,1939417,1743553,2163688,1593074,2385526
527,Gelderland,region,NL22,tourism_nights,no,POOL_GR,2026-09-27T17:58:57.344071+00:00,2025-12,2026-07,7,2116202,1900000,2368244,1728644,2610798
527,Gelderland,region,NL22,tourism_nights,no,POOL_GR,2026-09-27T17:58:57.344071+00:00,2025-12,2026-08,8,2881179,2585475,3221619,2347185,3564627
527,Gelderland,region,NL22,tourism_nights,no,POOL_GR,2026-09-27T17:58:57.344071+00:00,2025-12,2026-09,9,1428548,1280056,1599637,1163068,1770765
527,Gelderland,region,NL22,tourism_nights,no,POOL_GR,2026-09-27T17:58:57.344071+00:00,2025-12,2026-10,10,1451190,1298863,1627883,1183163,1814372
527,Gelderland,region,NL22,tourism_nights,no,POOL_GR,2026-09-27T17:58:57.344071+00:00,2025-12,2026-11,11,721574,644755,809960,585768,901697
527,Gelderland,region,NL22,tourism_nights,no,POOL_GR,2026-09-27T17:58:57.344071+00:00,2025-12,2026-12,12,728135,650332,818731,590043,913215
311,Germany,country,DE,tourism_nights,yes,POOL_GR_WG,2026-09-27T17:58:57.344071+00:00,2026-06,2026-07,1,51951898,48370269,55864963,44942916,59420007
311,Germany,country,DE,tourism_nights,yes,POOL_GR_WG,2026-09-27T17:58:57.344071+00:00,2026-06,2026-08,2,55150569,51411520,59504979,48144742,63125472
311,Germany,country,DE,tourism_nights,yes,POOL_GR_WG,2026-09-27T17:58:57.344071+00:00,2026-06,2026-09,3,44513488,41373794,48338902,38843123,50912737
311,Germany,country,DE,tourism_nights,yes,POOL_GR_WG,2026-09-27T17:58:57.344071+00:00,2026-06,2026-10,4,41843220,38874085,45376525,36346652,47906155
311,Germany,country,DE,tourism_nights,yes,POOL_GR_WG,2026-09-27T17:58:57.344071+00:00,2026-06,2026-11,5,28200904,26174156,30645910,24552624,32341470
311,Germany,country,DE,tourism_nights,yes,POOL_GR_WG,2026-09-27T17:58:57.344071+00:00,2026-06,2026-12,6,28695167,26603590,31150324,24816729,32893092
311,Germany,country,DE,tourism_nights,yes,POOL_GR_WG,2026-09-27T17:58:57.344071+00:00,2026-06,2027-01,7,21839259,20223099,23746173,18919004,25066123
311,Germany,country,DE,tourism_nights,yes,POOL_GR_WG,2026-09-27T17:58:57.344071+00:00,2026-06,2027-02,8,23950900,22148091,26034182,20656704,27544712
311,Germany,country,DE,tourism_nights,yes,POOL_GR_WG,2026-09-27T17:58:57.344071+00:00,2026-06,2027-03,9,29427406,27218169,31977476,25466526,33779554
311,Germany,country,DE,tourism_nights,yes,POOL_GR_WG,2026-09-27T17:58:57.344071+00:00,2026-06,2027-04,10,36247575,33462419,39550779,31322584,41784840
311,Germany,country,DE,tourism_nights,yes,POOL_GR_WG,2026-09-27T17:58:57.344071+00:00,2026-06,2027-05,11,46110727,42571650,50222132,39720021,53028406
311,Germany,country,DE,tourism_nights,yes,POOL_GR_WG,2026-09-27T17:58:57.344071+00:00,2026-06,2027-06,12,46039438,42517410,50303819,39603252,53397410
494,Gießen,region,DE72,tourism_nights,no,POOL_GR,2026-09-27T17:58:57.344071+00:00,2025-12,2026-01,1,102185,92806,112778,84810,123504
494,Gießen,region,DE72,tourism_nights,no,POOL_GR,2026-09-27T17:58:57.344071+00:00,2025-12,2026-02,2,111648,101013,123619,92816,135317
494,Gießen,region,DE72,tourism_nights,no,POOL_GR,2026-09-27T17:58:57.344071+00:00,2025-12,2026-03,3,149937,135346,166610,123982,183069
494,Gießen,region,DE72,tourism_nights,no,POOL_GR,2026-09-27T17:58:57.344071+00:00,2025-12,2026-04,4,172831,155674,192281,142803,211200
494,Gießen,region,DE72,tourism_nights,no,POOL_GR,2026-09-27T17:58:57.344071+00:00,2025-12,2026-05,5,235520,211904,262674,193890,288989
494,Gießen,region,DE72,tourism_nights,no,POOL_GR,2026-09-27T17:58:57.344071+00:00,2025-12,2026-06,6,258414,232316,288296,212266,317855
494,Gießen,region,DE72,tourism_nights,no,POOL_GR,2026-09-27T17:58:57.344071+00:00,2025-12,2026-07,7,256655,230433,287222,209651,316640
494,Gießen,region,DE72,tourism_nights,no,POOL_GR,2026-09-27T17:58:57.344071+00:00,2025-12,2026-08,8,274465,246296,306895,223596,339571
494,Gießen,region,DE72,tourism_nights,no,POOL_GR,2026-09-27T17:58:57.344071+00:00,2025-12,2026-09,9,222508,199379,249157,181157,275811
494,Gießen,region,DE72,tourism_nights,no,POOL_GR,2026-09-27T17:58:57.344071+00:00,2025-12,2026-10,10,202581,181317,227247,165165,253280
494,Gießen,region,DE72,tourism_nights,no,POOL_GR,2026-09-27T17:58:57.344071+00:00,2025-12,2026-11,11,150003,134033,168377,121771,187447
494,Gießen,region,DE72,tourism_nights,no,POOL_GR,2026-09-27T17:58:57.344071+00:00,2025-12,2026-12,12,125312,111922,140904,101547,157165
582,Grad Zagreb,region,HR05,tourism_nights,no,POOL_GR,2026-09-27T17:58:57.344071+00:00,2025-12,2026-01,1,152542,138541,168356,126604,184366
582,Grad Zagreb,region,HR05,tourism_nights,no,POOL_GR,2026-09-27T17:58:57.344071+00:00,2025-12,2026-02,2,135862,122921,150430,112947,164665
582,Grad Zagreb,region,HR05,tourism_nights,no,POOL_GR,2026-09-27T17:58:57.344071+00:00,2025-12,2026-03,3,172936,156108,192167,143000,211151
582,Grad Zagreb,region,HR05,tourism_nights,no,POOL_GR,2026-09-27T17:58:57.344071+00:00,2025-12,2026-04,4,227512,204927,253116,187984,278020
582,Grad Zagreb,region,HR05,tourism_nights,no,POOL_GR,2026-09-27T17:58:57.344071+00:00,2025-12,2026-05,5,270899,243735,302132,223015,332400
582,Grad Zagreb,region,HR05,tourism_nights,no,POOL_GR,2026-09-27T17:58:57.344071+00:00,2025-12,2026-06,6,260673,234347,290816,214122,320633
582,Grad Zagreb,region,HR05,tourism_nights,no,POOL_GR,2026-09-27T17:58:57.344071+00:00,2025-12,2026-07,7,288801,259296,323198,235911,356299
582,Grad Zagreb,region,HR05,tourism_nights,no,POOL_GR,2026-09-27T17:58:57.344071+00:00,2025-12,2026-08,8,292409,262399,326960,238215,361772
582,Grad Zagreb,region,HR05,tourism_nights,no,POOL_GR,2026-09-27T17:58:57.344071+00:00,2025-12,2026-09,9,286704,256902,321041,233423,355385
582,Grad Zagreb,region,HR05,tourism_nights,no,POOL_GR,2026-09-27T17:58:57.344071+00:00,2025-12,2026-10,10,258514,231379,289991,210768,323212
582,Grad Zagreb,region,HR05,tourism_nights,no,POOL_GR,2026-09-27T17:58:57.344071+00:00,2025-12,2026-11,11,196153,175271,220180,159236,245118
582,Grad Zagreb,region,HR05,tourism_nights,no,POOL_GR,2026-09-27T17:58:57.344071+00:00,2025-12,2026-12,12,249532,222869,280579,202208,312959
584,Grande Lisboa,region,PT1A,tourism_nights,no,POOL_GR,2026-09-27T17:58:57.344071+00:00,2025-12,2026-01,1,1112463,1010357,1227793,923304,1344555
584,Grande Lisboa,region,PT1A,tourism_nights,no,POOL_GR,2026-09-27T17:58:57.344071+00:00,2025-12,2026-02,2,1208584,1093466,1338176,1004738,1464808
584,Grande Lisboa,region,PT1A,tourism_nights,no,POOL_GR,2026-09-27T17:58:57.344071+00:00,2025-12,2026-03,3,1607918,1451450,1786720,1329576,1963231
584,Grande Lisboa,region,PT1A,tourism_nights,no,POOL_GR,2026-09-27T17:58:57.344071+00:00,2025-12,2026-04,4,1811177,1631384,2015000,1496501,2213261
584,Grande Lisboa,region,PT1A,tourism_nights,no,POOL_GR,2026-09-27T17:58:57.344071+00:00,2025-12,2026-05,5,1961747,1765041,2187928,1614995,2407114
584,Grande Lisboa,region,PT1A,tourism_nights,no,POOL_GR,2026-09-27T17:58:57.344071+00:00,2025-12,2026-06,6,1848730,1662024,2062513,1518582,2273979
584,Grande Lisboa,region,PT1A,tourism_nights,no,POOL_GR,2026-09-27T17:58:57.344071+00:00,2025-12,2026-07,7,2042543,1833866,2285812,1668475,2519923
584,Grande Lisboa,region,PT1A,tourism_nights,no,POOL_GR,2026-09-27T17:58:57.344071+00:00,2025-12,2026-08,8,2193086,1968002,2452220,1786622,2713310
584,Grande Lisboa,region,PT1A,tourism_nights,no,POOL_GR,2026-09-27T17:58:57.344071+00:00,2025-12,2026-09,9,1967327,1762831,2202942,1601721,2438612
584,Grande Lisboa,region,PT1A,tourism_nights,no,POOL_GR,2026-09-27T17:58:57.344071+00:00,2025-12,2026-10,10,1995036,1785624,2237947,1626564,2494325
584,Grande Lisboa,region,PT1A,tourism_nights,no,POOL_GR,2026-09-27T17:58:57.344071+00:00,2025-12,2026-11,11,1507152,1346700,1691764,1223495,1883375
584,Grande Lisboa,region,PT1A,tourism_nights,no,POOL_GR,2026-09-27T17:58:57.344071+00:00,2025-12,2026-12,12,1276084,1139730,1434857,1034073,1600443
324,Greece,country,EL,tourism_nights,yes,POOL_GR_WG,2026-09-27T17:58:57.344071+00:00,2026-06,2026-07,1,31748434,29559657,34139755,27465160,36312285
324,Greece,country,EL,tourism_nights,yes,POOL_GR_WG,2026-09-27T17:58:57.344071+00:00,2026-06,2026-08,2,34707612,32354536,37447950,30298672,39726415
324,Greece,country,EL,tourism_nights,yes,POOL_GR_WG,2026-09-27T17:58:57.344071+00:00,2026-06,2026-09,3,23917653,22230656,25973096,20870895,27356049
324,Greece,country,EL,tourism_nights,yes,POOL_GR_WG,2026-09-27T17:58:57.344071+00:00,2026-06,2026-10,4,11507359,10690813,12479058,9995741,13174735
324,Greece,country,EL,tourism_nights,yes,POOL_GR_WG,2026-09-27T17:58:57.344071+00:00,2026-06,2026-11,5,2466947,2289652,2680831,2147805,2829154
324,Greece,country,EL,tourism_nights,yes,POOL_GR_WG,2026-09-27T17:58:57.344071+00:00,2026-06,2026-12,6,2331974,2161998,2531498,2016785,2673128
324,Greece,country,EL,tourism_nights,yes,POOL_GR_WG,2026-09-27T17:58:57.344071+00:00,2026-06,2027-01,7,1704399,1578269,1853220,1476494,1956233
324,Greece,country,EL,tourism_nights,yes,POOL_GR_WG,2026-09-27T17:58:57.344071+00:00,2026-06,2027-02,8,1822617,1685427,1981151,1571935,2096100
324,Greece,country,EL,tourism_nights,yes,POOL_GR_WG,2026-09-27T17:58:57.344071+00:00,2026-06,2027-03,9,2777629,2569101,3018328,2403764,3188424
324,Greece,country,EL,tourism_nights,yes,POOL_GR_WG,2026-09-27T17:58:57.344071+00:00,2026-06,2027-04,10,7216114,6661649,7873711,6235654,8318465
324,Greece,country,EL,tourism_nights,yes,POOL_GR_WG,2026-09-27T17:58:57.344071+00:00,2026-06,2027-05,11,16481561,15216573,17951119,14197303,18954177
324,Greece,country,EL,tourism_nights,yes,POOL_GR_WG,2026-09-27T17:58:57.344071+00:00,2026-06,2027-06,12,25126056,23203906,27453345,21613502,29141674
519,Groningen,region,NL11,tourism_nights,no,POOL_GR,2026-09-27T17:58:57.344071+00:00,2025-12,2026-01,1,95444,86683,105338,79215,115356
519,Groningen,region,NL11,tourism_nights,no,POOL_GR,2026-09-27T17:58:57.344071+00:00,2025-12,2026-02,2,110897,100334,122788,92192,134407
519,Groningen,region,NL11,tourism_nights,no,POOL_GR,2026-09-27T17:58:57.344071+00:00,2025-12,2026-03,3,134250,121186,149179,111010,163916
519,Groningen,region,NL11,tourism_nights,no,POOL_GR,2026-09-27T17:58:57.344071+00:00,2025-12,2026-04,4,192571,173455,214242,159114,235322
519,Groningen,region,NL11,tourism_nights,no,POOL_GR,2026-09-27T17:58:57.344071+00:00,2025-12,2026-05,5,196180,176509,218798,161504,240717
519,Groningen,region,NL11,tourism_nights,no,POOL_GR,2026-09-27T17:58:57.344071+00:00,2025-12,2026-06,6,299726,269456,334386,246201,368670
519,Groningen,region,NL11,tourism_nights,no,POOL_GR,2026-09-27T17:58:57.344071+00:00,2025-12,2026-07,7,299810,269180,335518,244904,369882
519,Groningen,region,NL11,tourism_nights,no,POOL_GR,2026-09-27T17:58:57.344071+00:00,2025-12,2026-08,8,401154,359982,448554,326804,496312
519,Groningen,region,NL11,tourism_nights,no,POOL_GR,2026-09-27T17:58:57.344071+00:00,2025-12,2026-09,9,201197,180284,225294,163807,249395
519,Groningen,region,NL11,tourism_nights,no,POOL_GR,2026-09-27T17:58:57.344071+00:00,2025-12,2026-10,10,183354,164108,205679,149490,229241
519,Groningen,region,NL11,tourism_nights,no,POOL_GR,2026-09-27T17:58:57.344071+00:00,2025-12,2026-11,11,122995,109901,138061,99846,153697
519,Groningen,region,NL11,tourism_nights,no,POOL_GR,2026-09-27T17:58:57.344071+00:00,2025-12,2026-12,12,118312,105670,133033,95874,148385
575,Guadeloupe,region,FRY1,tourism_nights,no,POOL_GR,2026-09-27T17:58:57.344071+00:00,2025-12,2026-01,1,133866,121579,147744,111104,161794
575,Guadeloupe,region,FRY1,tourism_nights,no,POOL_GR,2026-09-27T17:58:57.344071+00:00,2025-12,2026-02,2,134176,121396,148564,111545,162622
575,Guadeloupe,region,FRY1,tourism_nights,no,POOL_GR,2026-09-27T17:58:57.344071+00:00,2025-12,2026-03,3,121484,109662,134993,100454,148329
575,Guadeloupe,region,FRY1,tourism_nights,no,POOL_GR,2026-09-27T17:58:57.344071+00:00,2025-12,2026-04,4,117943,106235,131216,97452,144127
575,Guadeloupe,region,FRY1,tourism_nights,no,POOL_GR,2026-09-27T17:58:57.344071+00:00,2025-12,2026-05,5,86706,78012,96703,71380,106390
575,Guadeloupe,region,FRY1,tourism_nights,no,POOL_GR,2026-09-27T17:58:57.344071+00:00,2025-12,2026-06,6,56913,51165,63494,46749,70004
575,Guadeloupe,region,FRY1,tourism_nights,no,POOL_GR,2026-09-27T17:58:57.344071+00:00,2025-12,2026-07,7,88542,79496,99088,72327,109236
575,Guadeloupe,region,FRY1,tourism_nights,no,POOL_GR,2026-09-27T17:58:57.344071+00:00,2025-12,2026-08,8,99775,89535,111565,81283,123443
575,Guadeloupe,region,FRY1,tourism_nights,no,POOL_GR,2026-09-27T17:58:57.344071+00:00,2025-12,2026-09,9,27733,24850,31054,22579,34376
575,Guadeloupe,region,FRY1,tourism_nights,no,POOL_GR,2026-09-27T17:58:57.344071+00:00,2025-12,2026-10,10,53068,47498,59530,43267,66349
575,Guadeloupe,region,FRY1,tourism_nights,no,POOL_GR,2026-09-27T17:58:57.344071+00:00,2025-12,2026-11,11,110217,98483,123717,89473,137729
575,Guadeloupe,region,FRY1,tourism_nights,no,POOL_GR,2026-09-27T17:58:57.344071+00:00,2025-12,2026-12,12,132807,118616,149331,107620,166564
577,Guyane,region,FRY3,tourism_nights,no,POOL_GR,2026-09-27T17:58:57.344071+00:00,2025-12,2026-01,1,32479,29498,35846,26956,39255
577,Guyane,region,FRY3,tourism_nights,no,POOL_GR,2026-09-27T17:58:57.344071+00:00,2025-12,2026-02,2,34419,31140,38109,28613,41715
577,Guyane,region,FRY3,tourism_nights,no,POOL_GR,2026-09-27T17:58:57.344071+00:00,2025-12,2026-03,3,38744,34974,43052,32037,47305
577,Guyane,region,FRY3,tourism_nights,no,POOL_GR,2026-09-27T17:58:57.344071+00:00,2025-12,2026-04,4,32542,29312,36204,26888,39767
577,Guyane,region,FRY3,tourism_nights,no,POOL_GR,2026-09-27T17:58:57.344071+00:00,2025-12,2026-05,5,34556,31091,38540,28448,42401
577,Guyane,region,FRY3,tourism_nights,no,POOL_GR,2026-09-27T17:58:57.344071+00:00,2025-12,2026-06,6,35177,31625,39245,28895,43269
577,Guyane,region,FRY3,tourism_nights,no,POOL_GR,2026-09-27T17:58:57.344071+00:00,2025-12,2026-07,7,33796,30343,37821,27607,41695
577,Guyane,region,FRY3,tourism_nights,no,POOL_GR,2026-09-27T17:58:57.344071+00:00,2025-12,2026-08,8,35179,31569,39336,28659,43524
577,Guyane,region,FRY3,tourism_nights,no,POOL_GR,2026-09-27T17:58:57.344071+00:00,2025-12,2026-09,9,31492,28218,35263,25639,39036
577,Guyane,region,FRY3,tourism_nights,no,POOL_GR,2026-09-27T17:58:57.344071+00:00,2025-12,2026-10,10,45040,40312,50524,36721,56312
577,Guyane,region,FRY3,tourism_nights,no,POOL_GR,2026-09-27T17:58:57.344071+00:00,2025-12,2026-11,11,41286,36891,46344,33516,51593
577,Guyane,region,FRY3,tourism_nights,no,POOL_GR,2026-09-27T17:58:57.344071+00:00,2025-12,2026-12,12,34794,31076,39123,28195,43638
480,Hamburg,region,DE60,tourism_nights,no,POOL_GR,2026-09-27T17:58:57.344071+00:00,2025-12,2026-01,1,986138,895626,1088372,818459,1191875
480,Hamburg,region,DE60,tourism_nights,no,POOL_GR,2026-09-27T17:58:57.344071+00:00,2025-12,2026-02,2,1082778,979643,1198881,900151,1312331
480,Hamburg,region,DE60,tourism_nights,no,POOL_GR,2026-09-27T17:58:57.344071+00:00,2025-12,2026-03,3,1294772,1168777,1438752,1070638,1580887
480,Hamburg,region,DE60,tourism_nights,no,POOL_GR,2026-09-27T17:58:57.344071+00:00,2025-12,2026-04,4,1486265,1338726,1653524,1228040,1816218
480,Hamburg,region,DE60,tourism_nights,no,POOL_GR,2026-09-27T17:58:57.344071+00:00,2025-12,2026-05,5,1530697,1377213,1707180,1260136,1878205
480,Hamburg,region,DE60,tourism_nights,no,POOL_GR,2026-09-27T17:58:57.344071+00:00,2025-12,2026-06,6,1487659,1337419,1659690,1221992,1829854
480,Hamburg,region,DE60,tourism_nights,no,POOL_GR,2026-09-27T17:58:57.344071+00:00,2025-12,2026-07,7,1665043,1494933,1863351,1360110,2054195
480,Hamburg,region,DE60,tourism_nights,no,POOL_GR,2026-09-27T17:58:57.344071+00:00,2025-12,2026-08,8,1634862,1467071,1828037,1331859,2022669
480,Hamburg,region,DE60,tourism_nights,no,POOL_GR,2026-09-27T17:58:57.344071+00:00,2025-12,2026-09,9,1460370,1308571,1635271,1188977,1810211
480,Hamburg,region,DE60,tourism_nights,no,POOL_GR,2026-09-27T17:58:57.344071+00:00,2025-12,2026-10,10,1552121,1389200,1741104,1265453,1940564
480,Hamburg,region,DE60,tourism_nights,no,POOL_GR,2026-09-27T17:58:57.344071+00:00,2025-12,2026-11,11,1294415,1156612,1452969,1050796,1617534
480,Hamburg,region,DE60,tourism_nights,no,POOL_GR,2026-09-27T17:58:57.344071+00:00,2025-12,2026-12,12,1339375,1196258,1506022,1085361,1679821
464,Hannover,region,DE92,tourism_nights,no,POOL_GR,2026-09-27T17:58:57.344071+00:00,2025-12,2026-01,1,320308,290909,353515,265844,387134
464,Hannover,region,DE92,tourism_nights,no,POOL_GR,2026-09-27T17:58:57.344071+00:00,2025-12,2026-02,2,356211,322282,394407,296131,431729
464,Hannover,region,DE92,tourism_nights,no,POOL_GR,2026-09-27T17:58:57.344071+00:00,2025-12,2026-03,3,496249,447959,551433,410345,605909
464,Hannover,region,DE92,tourism_nights,no,POOL_GR,2026-09-27T17:58:57.344071+00:00,2025-12,2026-04,4,555667,500507,618200,459125,679026
464,Hannover,region,DE92,tourism_nights,no,POOL_GR,2026-09-27T17:58:57.344071+00:00,2025-12,2026-05,5,725472,652728,809115,597240,890172
464,Hannover,region,DE92,tourism_nights,no,POOL_GR,2026-09-27T17:58:57.344071+00:00,2025-12,2026-06,6,679128,610542,757661,557849,835343
464,Hannover,region,DE92,tourism_nights,no,POOL_GR,2026-09-27T17:58:57.344071+00:00,2025-12,2026-07,7,673993,605134,754266,550559,831518
464,Hannover,region,DE92,tourism_nights,no,POOL_GR,2026-09-27T17:58:57.344071+00:00,2025-12,2026-08,8,776897,697161,868695,632908,961185
464,Hannover,region,DE92,tourism_nights,no,POOL_GR,2026-09-27T17:58:57.344071+00:00,2025-12,2026-09,9,680105,609411,761558,553715,843029
464,Hannover,region,DE92,tourism_nights,no,POOL_GR,2026-09-27T17:58:57.344071+00:00,2025-12,2026-10,10,578215,517522,648617,471422,722922
464,Hannover,region,DE92,tourism_nights,no,POOL_GR,2026-09-27T17:58:57.344071+00:00,2025-12,2026-11,11,579253,517585,650206,470233,723849
464,Hannover,region,DE92,tourism_nights,no,POOL_GR,2026-09-27T17:58:57.344071+00:00,2025-12,2026-12,12,391285,349475,439969,317077,490743
388,Haute-Normandie ,region,FRD2,tourism_nights,no,POOL_GR,2026-09-27T17:58:57.344071+00:00,2025-12,2026-01,1,255015,231609,281453,211654,308219
388,Haute-Normandie ,region,FRD2,tourism_nights,no,POOL_GR,2026-09-27T17:58:57.344071+00:00,2025-12,2026-02,2,302709,273876,335168,251653,366885
388,Haute-Normandie ,region,FRD2,tourism_nights,no,POOL_GR,2026-09-27T17:58:57.344071+00:00,2025-12,2026-03,3,322763,291355,358654,266890,394086
388,Haute-Normandie ,region,FRD2,tourism_nights,no,POOL_GR,2026-09-27T17:58:57.344071+00:00,2025-12,2026-04,4,516761,465463,574915,426978,631483
388,Haute-Normandie ,region,FRD2,tourism_nights,no,POOL_GR,2026-09-27T17:58:57.344071+00:00,2025-12,2026-05,5,612922,551464,683590,504584,752072
388,Haute-Normandie ,region,FRD2,tourism_nights,no,POOL_GR,2026-09-27T17:58:57.344071+00:00,2025-12,2026-06,6,628720,565225,701424,516443,773340
388,Haute-Normandie ,region,FRD2,tourism_nights,no,POOL_GR,2026-09-27T17:58:57.344071+00:00,2025-12,2026-07,7,810112,727347,906597,661749,999450
388,Haute-Normandie ,region,FRD2,tourism_nights,no,POOL_GR,2026-09-27T17:58:57.344071+00:00,2025-12,2026-08,8,953751,855864,1066446,776984,1179991
388,Haute-Normandie ,region,FRD2,tourism_nights,no,POOL_GR,2026-09-27T17:58:57.344071+00:00,2025-12,2026-09,9,525021,470447,587900,427452,650793
388,Haute-Normandie ,region,FRD2,tourism_nights,no,POOL_GR,2026-09-27T17:58:57.344071+00:00,2025-12,2026-10,10,442865,396379,496787,361070,553698
388,Haute-Normandie ,region,FRD2,tourism_nights,no,POOL_GR,2026-09-27T17:58:57.344071+00:00,2025-12,2026-11,11,315198,281642,353807,255876,393880
388,Haute-Normandie ,region,FRD2,tourism_nights,no,POOL_GR,2026-09-27T17:58:57.344071+00:00,2025-12,2026-12,12,290627,259573,326788,235509,364500
392,Helsinki-Uusimaa,region,FI1B,tourism_nights,no,POOL_GR,2026-09-27T17:58:57.344071+00:00,2025-12,2026-01,1,470290,427125,519045,390324,568406
392,Helsinki-Uusimaa,region,FI1B,tourism_nights,no,POOL_GR,2026-09-27T17:58:57.344071+00:00,2025-12,2026-02,2,482120,436198,533816,400803,584331
392,Helsinki-Uusimaa,region,FI1B,tourism_nights,no,POOL_GR,2026-09-27T17:58:57.344071+00:00,2025-12,2026-03,3,503326,454347,559296,416197,614549
392,Helsinki-Uusimaa,region,FI1B,tourism_nights,no,POOL_GR,2026-09-27T17:58:57.344071+00:00,2025-12,2026-04,4,507760,457355,564901,419541,620483
392,Helsinki-Uusimaa,region,FI1B,tourism_nights,no,POOL_GR,2026-09-27T17:58:57.344071+00:00,2025-12,2026-05,5,661986,595608,738310,544976,812274
392,Helsinki-Uusimaa,region,FI1B,tourism_nights,no,POOL_GR,2026-09-27T17:58:57.344071+00:00,2025-12,2026-06,6,769494,691782,858476,632077,946494
392,Helsinki-Uusimaa,region,FI1B,tourism_nights,no,POOL_GR,2026-09-27T17:58:57.344071+00:00,2025-12,2026-07,7,853971,766724,955679,697576,1053559
392,Helsinki-Uusimaa,region,FI1B,tourism_nights,no,POOL_GR,2026-09-27T17:58:57.344071+00:00,2025-12,2026-08,8,858803,770661,960279,699633,1062520
392,Helsinki-Uusimaa,region,FI1B,tourism_nights,no,POOL_GR,2026-09-27T17:58:57.344071+00:00,2025-12,2026-09,9,641780,575070,718642,522512,795522
392,Helsinki-Uusimaa,region,FI1B,tourism_nights,no,POOL_GR,2026-09-27T17:58:57.344071+00:00,2025-12,2026-10,10,628973,562951,705555,512805,786383
392,Helsinki-Uusimaa,region,FI1B,tourism_nights,no,POOL_GR,2026-09-27T17:58:57.344071+00:00,2025-12,2026-11,11,613188,547908,688298,497781,766255
392,Helsinki-Uusimaa,region,FI1B,tourism_nights,no,POOL_GR,2026-09-27T17:58:57.344071+00:00,2025-12,2026-12,12,577689,515961,649566,468130,724528
452,Hovedstaden,region,DK01,tourism_nights,no,POOL_GR,2026-09-27T17:58:57.344071+00:00,2025-12,2026-01,1,797517,724318,880196,661910,963902
452,Hovedstaden,region,DK01,tourism_nights,no,POOL_GR,2026-09-27T17:58:57.344071+00:00,2025-12,2026-02,2,839427,759471,929436,697845,1017389
452,Hovedstaden,region,DK01,tourism_nights,no,POOL_GR,2026-09-27T17:58:57.344071+00:00,2025-12,2026-03,3,1041633,940271,1157463,861319,1271810
452,Hovedstaden,region,DK01,tourism_nights,no,POOL_GR,2026-09-27T17:58:57.344071+00:00,2025-12,2026-04,4,1275750,1149108,1419318,1054100,1558969
452,Hovedstaden,region,DK01,tourism_nights,no,POOL_GR,2026-09-27T17:58:57.344071+00:00,2025-12,2026-05,5,1512151,1360526,1686495,1244868,1855448
452,Hovedstaden,region,DK01,tourism_nights,no,POOL_GR,2026-09-27T17:58:57.344071+00:00,2025-12,2026-06,6,1596951,1435673,1781619,1311766,1964285
452,Hovedstaden,region,DK01,tourism_nights,no,POOL_GR,2026-09-27T17:58:57.344071+00:00,2025-12,2026-07,7,2072256,1860543,2319064,1692746,2556580
452,Hovedstaden,region,DK01,tourism_nights,no,POOL_GR,2026-09-27T17:58:57.344071+00:00,2025-12,2026-08,8,2055414,1844461,2298281,1674466,2542981
452,Hovedstaden,region,DK01,tourism_nights,no,POOL_GR,2026-09-27T17:58:57.344071+00:00,2025-12,2026-09,9,1477799,1324188,1654787,1203166,1831815
452,Hovedstaden,region,DK01,tourism_nights,no,POOL_GR,2026-09-27T17:58:57.344071+00:00,2025-12,2026-10,10,1334340,1194279,1496806,1087895,1668280
452,Hovedstaden,region,DK01,tourism_nights,no,POOL_GR,2026-09-27T17:58:57.344071+00:00,2025-12,2026-11,11,1144622,1022765,1284827,929195,1430349
452,Hovedstaden,region,DK01,tourism_nights,no,POOL_GR,2026-09-27T17:58:57.344071+00:00,2025-12,2026-12,12,1178827,1052866,1325499,955261,1478465
292,Hungary,country,HU,tourism_nights,yes,POOL_GR_WG,2026-09-27T17:58:57.344071+00:00,2026-06,2026-07,1,4617484,4299149,4965278,3994526,5281250
292,Hungary,country,HU,tourism_nights,yes,POOL_GR_WG,2026-09-27T17:58:57.344071+00:00,2026-06,2026-08,2,5027871,4686996,5424847,4389176,5754913
292,Hungary,country,HU,tourism_nights,yes,POOL_GR_WG,2026-09-27T17:58:57.344071+00:00,2026-06,2026-09,3,2888625,2684880,3136868,2520656,3303893
292,Hungary,country,HU,tourism_nights,yes,POOL_GR_WG,2026-09-27T17:58:57.344071+00:00,2026-06,2026-10,4,2831238,2630338,3070313,2459324,3241475
292,Hungary,country,HU,tourism_nights,yes,POOL_GR_WG,2026-09-27T17:58:57.344071+00:00,2026-06,2026-11,5,2312128,2145960,2512588,2013014,2651604
292,Hungary,country,HU,tourism_nights,yes,POOL_GR_WG,2026-09-27T17:58:57.344071+00:00,2026-06,2026-12,6,2416995,2240822,2623793,2090314,2770587
292,Hungary,country,HU,tourism_nights,yes,POOL_GR_WG,2026-09-27T17:58:57.344071+00:00,2026-06,2027-01,7,1842110,1705790,2002956,1595791,2114292
292,Hungary,country,HU,tourism_nights,yes,POOL_GR_WG,2026-09-27T17:58:57.344071+00:00,2026-06,2027-02,8,1932647,1787175,2100751,1666832,2222639
292,Hungary,country,HU,tourism_nights,yes,POOL_GR_WG,2026-09-27T17:58:57.344071+00:00,2026-06,2027-03,9,2124131,1964664,2308200,1838226,2438278
292,Hungary,country,HU,tourism_nights,yes,POOL_GR_WG,2026-09-27T17:58:57.344071+00:00,2026-06,2027-04,10,2493231,2301658,2720436,2154473,2874103
292,Hungary,country,HU,tourism_nights,yes,POOL_GR_WG,2026-09-27T17:58:57.344071+00:00,2026-06,2027-05,11,2922953,2698611,3183575,2517847,3361464
292,Hungary,country,HU,tourism_nights,yes,POOL_GR_WG,2026-09-27T17:58:57.344071+00:00,2026-06,2027-06,12,3331528,3076665,3640109,2865789,3863969
509,Ile-de-France,region,FR10,tourism_nights,no,POOL_GR,2026-09-27T17:58:57.344071+00:00,2025-12,2026-01,1,6351957,5768950,7010475,5271897,7677163
509,Ile-de-France,region,FR10,tourism_nights,no,POOL_GR,2026-09-27T17:58:57.344071+00:00,2025-12,2026-02,2,5975609,5406431,6616353,4967730,7242460
509,Ile-de-France,region,FR10,tourism_nights,no,POOL_GR,2026-09-27T17:58:57.344071+00:00,2025-12,2026-03,3,7080577,6391562,7867943,5854882,8645222
509,Ile-de-France,region,FR10,tourism_nights,no,POOL_GR,2026-09-27T17:58:57.344071+00:00,2025-12,2026-04,4,8295895,7472372,9229481,6854558,10137596
509,Ile-de-France,region,FR10,tourism_nights,no,POOL_GR,2026-09-27T17:58:57.344071+00:00,2025-12,2026-05,5,8391503,7550080,9359007,6908247,10296592
509,Ile-de-France,region,FR10,tourism_nights,no,POOL_GR,2026-09-27T17:58:57.344071+00:00,2025-12,2026-06,6,8624897,7753859,9622264,7084656,10608816
509,Ile-de-France,region,FR10,tourism_nights,no,POOL_GR,2026-09-27T17:58:57.344071+00:00,2025-12,2026-07,7,8878741,7971642,9936209,7252702,10953867
509,Ile-de-France,region,FR10,tourism_nights,no,POOL_GR,2026-09-27T17:58:57.344071+00:00,2025-12,2026-08,8,8335019,7479570,9319883,6790217,10312177
509,Ile-de-France,region,FR10,tourism_nights,no,POOL_GR,2026-09-27T17:58:57.344071+00:00,2025-12,2026-09,9,7905448,7083709,8852239,6436307,9799246
509,Ile-de-France,region,FR10,tourism_nights,no,POOL_GR,2026-09-27T17:58:57.344071+00:00,2025-12,2026-10,10,8447289,7560604,9475810,6887120,10561354
509,Ile-de-France,region,FR10,tourism_nights,no,POOL_GR,2026-09-27T17:58:57.344071+00:00,2025-12,2026-11,11,7078971,6325341,7946076,5746653,8846059
509,Ile-de-France,region,FR10,tourism_nights,no,POOL_GR,2026-09-27T17:58:57.344071+00:00,2025-12,2026-12,12,7792542,6959884,8762104,6314677,9773275
402,Illes Balears,region,ES53,tourism_nights,no,POOL_GR,2026-09-27T17:58:57.344071+00:00,2025-12,2026-01,1,294699,267650,325250,244589,356181
402,Illes Balears,region,ES53,tourism_nights,no,POOL_GR,2026-09-27T17:58:57.344071+00:00,2025-12,2026-02,2,717277,648957,794189,596297,869343
402,Illes Balears,region,ES53,tourism_nights,no,POOL_GR,2026-09-27T17:58:57.344071+00:00,2025-12,2026-03,3,1598634,1443070,1776403,1321899,1951895
402,Illes Balears,region,ES53,tourism_nights,no,POOL_GR,2026-09-27T17:58:57.344071+00:00,2025-12,2026-04,4,4121806,3712639,4585657,3405679,5036853
402,Illes Balears,region,ES53,tourism_nights,no,POOL_GR,2026-09-27T17:58:57.344071+00:00,2025-12,2026-05,5,9414125,8470163,10499534,7750114,11551376
402,Illes Balears,region,ES53,tourism_nights,no,POOL_GR,2026-09-27T17:58:57.344071+00:00,2025-12,2026-06,6,11627158,10452919,12971702,9550772,14301664
402,Illes Balears,region,ES53,tourism_nights,no,POOL_GR,2026-09-27T17:58:57.344071+00:00,2025-12,2026-07,7,13242459,11889539,14819650,10817255,16337467
402,Illes Balears,region,ES53,tourism_nights,no,POOL_GR,2026-09-27T17:58:57.344071+00:00,2025-12,2026-08,8,13781779,12367312,15410231,11227482,17050969
402,Illes Balears,region,ES53,tourism_nights,no,POOL_GR,2026-09-27T17:58:57.344071+00:00,2025-12,2026-09,9,11472186,10279699,12846146,9340206,14220418
402,Illes Balears,region,ES53,tourism_nights,no,POOL_GR,2026-09-27T17:58:57.344071+00:00,2025-12,2026-10,10,8050729,7205670,9030966,6563802,10065549
402,Illes Balears,region,ES53,tourism_nights,no,POOL_GR,2026-09-27T17:58:57.344071+00:00,2025-12,2026-11,11,542782,484997,609267,440626,678274
402,Illes Balears,region,ES53,tourism_nights,no,POOL_GR,2026-09-27T17:58:57.344071+00:00,2025-12,2026-12,12,395614,353342,444837,320586,496173
460,Ionia Nisia,region,EL62,tourism_nights,no,POOL_GR,2026-09-27T17:58:57.344071+00:00,2025-12,2026-01,1,24190,21969,26697,20076,29236
460,Ionia Nisia,region,EL62,tourism_nights,no,POOL_GR,2026-09-27T17:58:57.344071+00:00,2025-12,2026-02,2,46058,41671,50996,38289,55822
460,Ionia Nisia,region,EL62,tourism_nights,no,POOL_GR,2026-09-27T17:58:57.344071+00:00,2025-12,2026-03,3,64301,58044,71452,53170,78510
460,Ionia Nisia,region,EL62,tourism_nights,no,POOL_GR,2026-09-27T17:58:57.344071+00:00,2025-12,2026-04,4,542944,489047,604045,448612,663478
460,Ionia Nisia,region,EL62,tourism_nights,no,POOL_GR,2026-09-27T17:58:57.344071+00:00,2025-12,2026-05,5,2200201,1979585,2453874,1811300,2699703
460,Ionia Nisia,region,EL62,tourism_nights,no,POOL_GR,2026-09-27T17:58:57.344071+00:00,2025-12,2026-06,6,3461038,3111504,3861266,2842963,4257154
460,Ionia Nisia,region,EL62,tourism_nights,no,POOL_GR,2026-09-27T17:58:57.344071+00:00,2025-12,2026-07,7,4823210,4330445,5397660,3939895,5950484
460,Ionia Nisia,region,EL62,tourism_nights,no,POOL_GR,2026-09-27T17:58:57.344071+00:00,2025-12,2026-08,8,4990797,4478576,5580508,4065809,6174669
460,Ionia Nisia,region,EL62,tourism_nights,no,POOL_GR,2026-09-27T17:58:57.344071+00:00,2025-12,2026-09,9,3443848,3085874,3856299,2803847,4268843
460,Ionia Nisia,region,EL62,tourism_nights,no,POOL_GR,2026-09-27T17:58:57.344071+00:00,2025-12,2026-10,10,1069205,956974,1199389,871728,1336790
460,Ionia Nisia,region,EL62,tourism_nights,no,POOL_GR,2026-09-27T17:58:57.344071+00:00,2025-12,2026-11,11,59843,53472,67173,48580,74781
460,Ionia Nisia,region,EL62,tourism_nights,no,POOL_GR,2026-09-27T17:58:57.344071+00:00,2025-12,2026-12,12,55416,49494,62311,44906,69501
454,Ipeiros,region,EL54,tourism_nights,no,POOL_GR,2026-09-27T17:58:57.344071+00:00,2025-12,2026-01,1,91249,82874,100709,75733,110286
454,Ipeiros,region,EL54,tourism_nights,no,POOL_GR,2026-09-27T17:58:57.344071+00:00,2025-12,2026-02,2,73447,66452,81323,61059,89019
454,Ipeiros,region,EL54,tourism_nights,no,POOL_GR,2026-09-27T17:58:57.344071+00:00,2025-12,2026-03,3,107833,97340,119824,89166,131662
454,Ipeiros,region,EL54,tourism_nights,no,POOL_GR,2026-09-27T17:58:57.344071+00:00,2025-12,2026-04,4,148199,133488,164877,122451,181100
454,Ipeiros,region,EL54,tourism_nights,no,POOL_GR,2026-09-27T17:58:57.344071+00:00,2025-12,2026-05,5,263982,237512,294418,217321,323913
454,Ipeiros,region,EL54,tourism_nights,no,POOL_GR,2026-09-27T17:58:57.344071+00:00,2025-12,2026-06,6,461984,415328,515407,379483,568251
454,Ipeiros,region,EL54,tourism_nights,no,POOL_GR,2026-09-27T17:58:57.344071+00:00,2025-12,2026-07,7,654201,587364,732117,534392,807100
454,Ipeiros,region,EL54,tourism_nights,no,POOL_GR,2026-09-27T17:58:57.344071+00:00,2025-12,2026-08,8,790791,709630,884231,644227,978376
454,Ipeiros,region,EL54,tourism_nights,no,POOL_GR,2026-09-27T17:58:57.344071+00:00,2025-12,2026-09,9,487679,436987,546085,397049,604505
454,Ipeiros,region,EL54,tourism_nights,no,POOL_GR,2026-09-27T17:58:57.344071+00:00,2025-12,2026-10,10,188486,168701,211435,153673,235657
454,Ipeiros,region,EL54,tourism_nights,no,POOL_GR,2026-09-27T17:58:57.344071+00:00,2025-12,2026-11,11,73973,66098,83034,60051,92439
454,Ipeiros,region,EL54,tourism_nights,no,POOL_GR,2026-09-27T17:58:57.344071+00:00,2025-12,2026-12,12,128902,115128,144940,104456,161667
333,Ireland,country,IE,tourism_nights,yes,POOL_GR_WG,2026-09-27T17:58:57.344071+00:00,2026-06,2026-07,1,5881466,5475990,6324464,5087980,6726930
333,Ireland,country,IE,tourism_nights,yes,POOL_GR_WG,2026-09-27T17:58:57.344071+00:00,2026-06,2026-08,2,6658912,6207457,7184666,5813024,7621807
333,Ireland,country,IE,tourism_nights,yes,POOL_GR_WG,2026-09-27T17:58:57.344071+00:00,2026-06,2026-09,3,3284153,3052510,3566388,2865800,3756282
333,Ireland,country,IE,tourism_nights,yes,POOL_GR_WG,2026-09-27T17:58:57.344071+00:00,2026-06,2026-10,4,3860023,3586122,4185970,3352967,4419327
333,Ireland,country,IE,tourism_nights,yes,POOL_GR_WG,2026-09-27T17:58:57.344071+00:00,2026-06,2026-11,5,2702052,2507860,2936318,2352494,3098777
333,Ireland,country,IE,tourism_nights,yes,POOL_GR_WG,2026-09-27T17:58:57.344071+00:00,2026-06,2026-12,6,3370880,3125178,3659292,2915272,3864019
333,Ireland,country,IE,tourism_nights,yes,POOL_GR_WG,2026-09-27T17:58:57.344071+00:00,2026-06,2027-01,7,2046990,1895507,2225724,1773275,2349443
333,Ireland,country,IE,tourism_nights,yes,POOL_GR_WG,2026-09-27T17:58:57.344071+00:00,2026-06,2027-02,8,2294397,2121696,2493967,1978827,2638670
333,Ireland,country,IE,tourism_nights,yes,POOL_GR_WG,2026-09-27T17:58:57.344071+00:00,2026-06,2027-03,9,2956642,2734675,3212854,2558683,3393913
333,Ireland,country,IE,tourism_nights,yes,POOL_GR_WG,2026-09-27T17:58:57.344071+00:00,2026-06,2027-04,10,3670673,3388629,4005177,3171935,4231413
333,Ireland,country,IE,tourism_nights,yes,POOL_GR_WG,2026-09-27T17:58:57.344071+00:00,2026-06,2027-05,11,4815286,4445705,5244635,4147913,5537691
333,Ireland,country,IE,tourism_nights,yes,POOL_GR_WG,2026-09-27T17:58:57.344071+00:00,2026-06,2027-06,12,4743192,4380336,5182528,4080107,5501243
298,Italy,country,IT,tourism_nights,yes,POOL_GR_WG,2026-09-27T17:58:57.344071+00:00,2026-06,2026-07,1,91192056,84905160,98060726,78889070,104300954
298,Italy,country,IT,tourism_nights,yes,POOL_GR_WG,2026-09-27T17:58:57.344071+00:00,2026-06,2026-08,2,99075858,92358802,106898388,86490162,113402463
298,Italy,country,IT,tourism_nights,yes,POOL_GR_WG,2026-09-27T17:58:57.344071+00:00,2026-06,2026-09,3,60404169,56143649,65595202,52709565,69087859
298,Italy,country,IT,tourism_nights,yes,POOL_GR_WG,2026-09-27T17:58:57.344071+00:00,2026-06,2026-10,4,37879451,35191580,41078050,32903568,43368051
298,Italy,country,IT,tourism_nights,yes,POOL_GR_WG,2026-09-27T17:58:57.344071+00:00,2026-06,2026-11,5,20702492,19214641,22497389,18024262,23742112
298,Italy,country,IT,tourism_nights,yes,POOL_GR_WG,2026-09-27T17:58:57.344071+00:00,2026-06,2026-12,6,25292662,23449092,27456701,21874107,28992822
298,Italy,country,IT,tourism_nights,yes,POOL_GR_WG,2026-09-27T17:58:57.344071+00:00,2026-06,2027-01,7,22239956,20594143,24181857,19266122,25526026
298,Italy,country,IT,tourism_nights,yes,POOL_GR_WG,2026-09-27T17:58:57.344071+00:00,2026-06,2027-02,8,24119438,22303943,26217380,20802062,27738540
298,Italy,country,IT,tourism_nights,yes,POOL_GR_WG,2026-09-27T17:58:57.344071+00:00,2026-06,2027-03,9,27938540,25841079,30359591,24178059,32070493
298,Italy,country,IT,tourism_nights,yes,POOL_GR_WG,2026-09-27T17:58:57.344071+00:00,2026-06,2027-04,10,37523995,34640762,40943517,32425575,43256248
298,Italy,country,IT,tourism_nights,yes,POOL_GR_WG,2026-09-27T17:58:57.344071+00:00,2026-06,2027-05,11,48244388,44541549,52546038,41557968,55482164
298,Italy,country,IT,tourism_nights,yes,POOL_GR_WG,2026-09-27T17:58:57.344071+00:00,2026-06,2027-06,12,67685478,62507523,73954814,58223235,78502897
581,Jadranska Hrvatska,region,HR03,tourism_nights,no,POOL_GR,2026-09-27T17:58:57.344071+00:00,2025-12,2026-01,1,376225,341694,415229,312254,454717
581,Jadranska Hrvatska,region,HR03,tourism_nights,no,POOL_GR,2026-09-27T17:58:57.344071+00:00,2025-12,2026-02,2,461332,417390,510799,383521,559136
581,Jadranska Hrvatska,region,HR03,tourism_nights,no,POOL_GR,2026-09-27T17:58:57.344071+00:00,2025-12,2026-03,3,712848,643480,792117,589449,870371
581,Jadranska Hrvatska,region,HR03,tourism_nights,no,POOL_GR,2026-09-27T17:58:57.344071+00:00,2025-12,2026-04,4,2934035,2642777,3264219,2424273,3585395
581,Jadranska Hrvatska,region,HR03,tourism_nights,no,POOL_GR,2026-09-27T17:58:57.344071+00:00,2025-12,2026-05,5,5478693,4929340,6110363,4510296,6722498
581,Jadranska Hrvatska,region,HR03,tourism_nights,no,POOL_GR,2026-09-27T17:58:57.344071+00:00,2025-12,2026-06,6,14131942,12704743,15766135,11608250,17382605
581,Jadranska Hrvatska,region,HR03,tourism_nights,no,POOL_GR,2026-09-27T17:58:57.344071+00:00,2025-12,2026-07,7,24922595,22376370,27890902,20358309,30747467
581,Jadranska Hrvatska,region,HR03,tourism_nights,no,POOL_GR,2026-09-27T17:58:57.344071+00:00,2025-12,2026-08,8,26587651,23858877,29729241,21659931,32894535
581,Jadranska Hrvatska,region,HR03,tourism_nights,no,POOL_GR,2026-09-27T17:58:57.344071+00:00,2025-12,2026-09,9,11623257,10415066,13015309,9463202,14407679
581,Jadranska Hrvatska,region,HR03,tourism_nights,no,POOL_GR,2026-09-27T17:58:57.344071+00:00,2025-12,2026-10,10,3168113,2835567,3553855,2582980,3960983
581,Jadranska Hrvatska,region,HR03,tourism_nights,no,POOL_GR,2026-09-27T17:58:57.344071+00:00,2025-12,2026-11,11,595342,531962,668266,483294,743955
581,Jadranska Hrvatska,region,HR03,tourism_nights,no,POOL_GR,2026-09-27T17:58:57.344071+00:00,2025-12,2026-12,12,569071,508264,639876,461146,713719
384,Jihovýchod,region,CZ06,tourism_nights,no,POOL_GR,2026-09-27T17:58:57.344071+00:00,2025-12,2026-01,1,220069,199870,242884,182649,265982
384,Jihovýchod,region,CZ06,tourism_nights,no,POOL_GR,2026-09-27T17:58:57.344071+00:00,2025-12,2026-02,2,248863,225158,275547,206888,301622
384,Jihovýchod,region,CZ06,tourism_nights,no,POOL_GR,2026-09-27T17:58:57.344071+00:00,2025-12,2026-03,3,297191,268271,330238,245745,362863
384,Jihovýchod,region,CZ06,tourism_nights,no,POOL_GR,2026-09-27T17:58:57.344071+00:00,2025-12,2026-04,4,417065,375664,464000,344604,509655
384,Jihovýchod,region,CZ06,tourism_nights,no,POOL_GR,2026-09-27T17:58:57.344071+00:00,2025-12,2026-05,5,590422,531220,658496,486061,724464
384,Jihovýchod,region,CZ06,tourism_nights,no,POOL_GR,2026-09-27T17:58:57.344071+00:00,2025-12,2026-06,6,638674,574174,712529,524619,785583
384,Jihovýchod,region,CZ06,tourism_nights,no,POOL_GR,2026-09-27T17:58:57.344071+00:00,2025-12,2026-07,7,1044644,937917,1169062,853329,1288796
384,Jihovýchod,region,CZ06,tourism_nights,no,POOL_GR,2026-09-27T17:58:57.344071+00:00,2025-12,2026-08,8,1061275,952353,1186675,864580,1313021
384,Jihovýchod,region,CZ06,tourism_nights,no,POOL_GR,2026-09-27T17:58:57.344071+00:00,2025-12,2026-09,9,592278,530713,663212,482209,734162
384,Jihovýchod,region,CZ06,tourism_nights,no,POOL_GR,2026-09-27T17:58:57.344071+00:00,2025-12,2026-10,10,453148,405582,508322,369454,566555
384,Jihovýchod,region,CZ06,tourism_nights,no,POOL_GR,2026-09-27T17:58:57.344071+00:00,2025-12,2026-11,11,350227,312942,393127,284312,437653
384,Jihovýchod,region,CZ06,tourism_nights,no,POOL_GR,2026-09-27T17:58:57.344071+00:00,2025-12,2026-12,12,277266,247640,311764,224682,347743
471,Jihozápad,region,CZ03,tourism_nights,no,POOL_GR,2026-09-27T17:58:57.344071+00:00,2025-12,2026-01,1,297731,270404,328597,247106,359846
471,Jihozápad,region,CZ03,tourism_nights,no,POOL_GR,2026-09-27T17:58:57.344071+00:00,2025-12,2026-02,2,346755,313726,383936,288269,420268
471,Jihozápad,region,CZ03,tourism_nights,no,POOL_GR,2026-09-27T17:58:57.344071+00:00,2025-12,2026-03,3,299059,269958,332315,247290,365144
471,Jihozápad,region,CZ03,tourism_nights,no,POOL_GR,2026-09-27T17:58:57.344071+00:00,2025-12,2026-04,4,418461,376921,465553,345757,511360
471,Jihozápad,region,CZ03,tourism_nights,no,POOL_GR,2026-09-27T17:58:57.344071+00:00,2025-12,2026-05,5,620884,558628,692470,511139,761841
471,Jihozápad,region,CZ03,tourism_nights,no,POOL_GR,2026-09-27T17:58:57.344071+00:00,2025-12,2026-06,6,737778,663269,823093,606025,907483
471,Jihozápad,region,CZ03,tourism_nights,no,POOL_GR,2026-09-27T17:58:57.344071+00:00,2025-12,2026-07,7,1322400,1187297,1479899,1080218,1631469
471,Jihozápad,region,CZ03,tourism_nights,no,POOL_GR,2026-09-27T17:58:57.344071+00:00,2025-12,2026-08,8,1347546,1209243,1506772,1097794,1667199
471,Jihozápad,region,CZ03,tourism_nights,no,POOL_GR,2026-09-27T17:58:57.344071+00:00,2025-12,2026-09,9,635329,569289,711419,517260,787526
471,Jihozápad,region,CZ03,tourism_nights,no,POOL_GR,2026-09-27T17:58:57.344071+00:00,2025-12,2026-10,10,448487,401411,503093,365654,560727
471,Jihozápad,region,CZ03,tourism_nights,no,POOL_GR,2026-09-27T17:58:57.344071+00:00,2025-12,2026-11,11,313136,279799,351492,254201,391303
471,Jihozápad,region,CZ03,tourism_nights,no,POOL_GR,2026-09-27T17:58:57.344071+00:00,2025-12,2026-12,12,315871,282120,355173,255966,396161
483,Karlsruhe,region,DE12,tourism_nights,no,POOL_GR,2026-09-27T17:58:57.344071+00:00,2025-12,2026-01,1,586271,532461,647051,486584,708585
483,Karlsruhe,region,DE12,tourism_nights,no,POOL_GR,2026-09-27T17:58:57.344071+00:00,2025-12,2026-02,2,630476,570423,698079,524136,764139
483,Karlsruhe,region,DE12,tourism_nights,no,POOL_GR,2026-09-27T17:58:57.344071+00:00,2025-12,2026-03,3,783389,707157,870503,647779,956500
483,Karlsruhe,region,DE12,tourism_nights,no,POOL_GR,2026-09-27T17:58:57.344071+00:00,2025-12,2026-04,4,908070,817927,1010260,750301,1109663
483,Karlsruhe,region,DE12,tourism_nights,no,POOL_GR,2026-09-27T17:58:57.344071+00:00,2025-12,2026-05,5,1106462,995516,1234033,910887,1357658
483,Karlsruhe,region,DE12,tourism_nights,no,POOL_GR,2026-09-27T17:58:57.344071+00:00,2025-12,2026-06,6,1050098,944047,1171529,862571,1291644
483,Karlsruhe,region,DE12,tourism_nights,no,POOL_GR,2026-09-27T17:58:57.344071+00:00,2025-12,2026-07,7,1176490,1056293,1316611,961029,1451457
483,Karlsruhe,region,DE12,tourism_nights,no,POOL_GR,2026-09-27T17:58:57.344071+00:00,2025-12,2026-08,8,1209956,1085775,1352924,985704,1496971
483,Karlsruhe,region,DE12,tourism_nights,no,POOL_GR,2026-09-27T17:58:57.344071+00:00,2025-12,2026-09,9,1064241,953617,1191699,866463,1319186
483,Karlsruhe,region,DE12,tourism_nights,no,POOL_GR,2026-09-27T17:58:57.344071+00:00,2025-12,2026-10,10,1054784,944067,1183212,859971,1318760
483,Karlsruhe,region,DE12,tourism_nights,no,POOL_GR,2026-09-27T17:58:57.344071+00:00,2025-12,2026-11,11,821753,734269,922410,667093,1026883
483,Karlsruhe,region,DE12,tourism_nights,no,POOL_GR,2026-09-27T17:58:57.344071+00:00,2025-12,2026-12,12,804852,718851,904993,652211,1009431
412,Kärnten,region,AT21,tourism_nights,no,POOL_GR,2026-09-27T17:58:57.344071+00:00,2025-12,2026-01,1,747558,678944,825059,620447,903521
412,Kärnten,region,AT21,tourism_nights,no,POOL_GR,2026-09-27T17:58:57.344071+00:00,2025-12,2026-02,2,792256,716793,877207,658630,960217
412,Kärnten,region,AT21,tourism_nights,no,POOL_GR,2026-09-27T17:58:57.344071+00:00,2025-12,2026-03,3,481605,434739,535159,398236,588028
412,Kärnten,region,AT21,tourism_nights,no,POOL_GR,2026-09-27T17:58:57.344071+00:00,2025-12,2026-04,4,326658,294231,363419,269904,399177
412,Kärnten,region,AT21,tourism_nights,no,POOL_GR,2026-09-27T17:58:57.344071+00:00,2025-12,2026-05,5,696330,626508,776613,573249,854414
412,Kärnten,region,AT21,tourism_nights,no,POOL_GR,2026-09-27T17:58:57.344071+00:00,2025-12,2026-06,6,1455431,1308446,1623735,1195519,1790213
412,Kärnten,region,AT21,tourism_nights,no,POOL_GR,2026-09-27T17:58:57.344071+00:00,2025-12,2026-07,7,2204490,1979268,2467047,1800763,2719720
412,Kärnten,region,AT21,tourism_nights,no,POOL_GR,2026-09-27T17:58:57.344071+00:00,2025-12,2026-08,8,2504609,2247553,2800553,2040408,3098730
412,Kärnten,region,AT21,tourism_nights,no,POOL_GR,2026-09-27T17:58:57.344071+00:00,2025-12,2026-09,9,1120596,1004115,1254803,912345,1389041
412,Kärnten,region,AT21,tourism_nights,no,POOL_GR,2026-09-27T17:58:57.344071+00:00,2025-12,2026-10,10,459446,411219,515387,374589,574430
412,Kärnten,region,AT21,tourism_nights,no,POOL_GR,2026-09-27T17:58:57.344071+00:00,2025-12,2026-11,11,223377,199596,250739,181336,279138
412,Kärnten,region,AT21,tourism_nights,no,POOL_GR,2026-09-27T17:58:57.344071+00:00,2025-12,2026-12,12,566320,505807,636783,458917,710270
385,Kassel,region,DE73,tourism_nights,no,POOL_GR,2026-09-27T17:58:57.344071+00:00,2025-12,2026-01,1,341042,309740,376399,283053,412194
385,Kassel,region,DE73,tourism_nights,no,POOL_GR,2026-09-27T17:58:57.344071+00:00,2025-12,2026-02,2,356364,322420,394576,296258,431915
385,Kassel,region,DE73,tourism_nights,no,POOL_GR,2026-09-27T17:58:57.344071+00:00,2025-12,2026-03,3,429582,387779,477351,355218,524509
385,Kassel,region,DE73,tourism_nights,no,POOL_GR,2026-09-27T17:58:57.344071+00:00,2025-12,2026-04,4,532394,479544,592307,439895,650586
385,Kassel,region,DE73,tourism_nights,no,POOL_GR,2026-09-27T17:58:57.344071+00:00,2025-12,2026-05,5,675298,607585,753156,555934,828608
385,Kassel,region,DE73,tourism_nights,no,POOL_GR,2026-09-27T17:58:57.344071+00:00,2025-12,2026-06,6,711689,639815,793988,584595,875394
385,Kassel,region,DE73,tourism_nights,no,POOL_GR,2026-09-27T17:58:57.344071+00:00,2025-12,2026-07,7,729106,654616,815943,595578,899511
385,Kassel,region,DE73,tourism_nights,no,POOL_GR,2026-09-27T17:58:57.344071+00:00,2025-12,2026-08,8,774009,694570,865466,630555,957612
385,Kassel,region,DE73,tourism_nights,no,POOL_GR,2026-09-27T17:58:57.344071+00:00,2025-12,2026-09,9,646539,579334,723971,526387,801421
385,Kassel,region,DE73,tourism_nights,no,POOL_GR,2026-09-27T17:58:57.344071+00:00,2025-12,2026-10,10,609100,545165,683262,496602,761537
385,Kassel,region,DE73,tourism_nights,no,POOL_GR,2026-09-27T17:58:57.344071+00:00,2025-12,2026-11,11,437716,391116,491332,355334,546981
385,Kassel,region,DE73,tourism_nights,no,POOL_GR,2026-09-27T17:58:57.344071+00:00,2025-12,2026-12,12,400233,357467,450031,324328,501966
447,Kentriki Makedonia,region,EL52,tourism_nights,no,POOL_GR,2026-09-27T17:58:57.344071+00:00,2025-12,2026-01,1,277806,252308,306606,230569,335764
447,Kentriki Makedonia,region,EL52,tourism_nights,no,POOL_GR,2026-09-27T17:58:57.344071+00:00,2025-12,2026-02,2,277497,251065,307252,230693,336327
447,Kentriki Makedonia,region,EL52,tourism_nights,no,POOL_GR,2026-09-27T17:58:57.344071+00:00,2025-12,2026-03,3,380318,343309,422609,314482,464359
447,Kentriki Makedonia,region,EL52,tourism_nights,no,POOL_GR,2026-09-27T17:58:57.344071+00:00,2025-12,2026-04,4,696588,627439,774979,575562,851232
447,Kentriki Makedonia,region,EL52,tourism_nights,no,POOL_GR,2026-09-27T17:58:57.344071+00:00,2025-12,2026-05,5,1296676,1166657,1446177,1067479,1591055
447,Kentriki Makedonia,region,EL52,tourism_nights,no,POOL_GR,2026-09-27T17:58:57.344071+00:00,2025-12,2026-06,6,2888588,2596867,3222620,2372742,3553028
447,Kentriki Makedonia,region,EL52,tourism_nights,no,POOL_GR,2026-09-27T17:58:57.344071+00:00,2025-12,2026-07,7,4203073,3773665,4703664,3433329,5185409
447,Kentriki Makedonia,region,EL52,tourism_nights,no,POOL_GR,2026-09-27T17:58:57.344071+00:00,2025-12,2026-08,8,4782608,4291754,5347720,3896206,5917096
447,Kentriki Makedonia,region,EL52,tourism_nights,no,POOL_GR,2026-09-27T17:58:57.344071+00:00,2025-12,2026-09,9,2834693,2540038,3174189,2307897,3513761
447,Kentriki Makedonia,region,EL52,tourism_nights,no,POOL_GR,2026-09-27T17:58:57.344071+00:00,2025-12,2026-10,10,924353,827327,1036900,753630,1155687
447,Kentriki Makedonia,region,EL52,tourism_nights,no,POOL_GR,2026-09-27T17:58:57.344071+00:00,2025-12,2026-11,11,382786,342035,429674,310743,478339
447,Kentriki Makedonia,region,EL52,tourism_nights,no,POOL_GR,2026-09-27T17:58:57.344071+00:00,2025-12,2026-12,12,393531,351481,442494,318897,493559
455,Koblenz,region,DEB1,tourism_nights,no,POOL_GR,2026-09-27T17:58:57.344071+00:00,2025-12,2026-01,1,250218,227252,276158,207672,302421
455,Koblenz,region,DEB1,tourism_nights,no,POOL_GR,2026-09-27T17:58:57.344071+00:00,2025-12,2026-02,2,256970,232494,284524,213628,311449
455,Koblenz,region,DEB1,tourism_nights,no,POOL_GR,2026-09-27T17:58:57.344071+00:00,2025-12,2026-03,3,401548,362473,446200,332037,490280
455,Koblenz,region,DEB1,tourism_nights,no,POOL_GR,2026-09-27T17:58:57.344071+00:00,2025-12,2026-04,4,683661,615795,760598,564881,835435
455,Koblenz,region,DEB1,tourism_nights,no,POOL_GR,2026-09-27T17:58:57.344071+00:00,2025-12,2026-05,5,905833,815004,1010272,745721,1111480
455,Koblenz,region,DEB1,tourism_nights,no,POOL_GR,2026-09-27T17:58:57.344071+00:00,2025-12,2026-06,6,1028432,924570,1147358,844774,1264995
455,Koblenz,region,DEB1,tourism_nights,no,POOL_GR,2026-09-27T17:58:57.344071+00:00,2025-12,2026-07,7,942103,845853,1054309,769568,1162290
455,Koblenz,region,DEB1,tourism_nights,no,POOL_GR,2026-09-27T17:58:57.344071+00:00,2025-12,2026-08,8,1087006,975443,1215446,885542,1344856
455,Koblenz,region,DEB1,tourism_nights,no,POOL_GR,2026-09-27T17:58:57.344071+00:00,2025-12,2026-09,9,916352,821101,1026098,746058,1135870
455,Koblenz,region,DEB1,tourism_nights,no,POOL_GR,2026-09-27T17:58:57.344071+00:00,2025-12,2026-10,10,778544,696822,873337,634751,973386
455,Koblenz,region,DEB1,tourism_nights,no,POOL_GR,2026-09-27T17:58:57.344071+00:00,2025-12,2026-11,11,386350,345219,433675,313636,482793
455,Koblenz,region,DEB1,tourism_nights,no,POOL_GR,2026-09-27T17:58:57.344071+00:00,2025-12,2026-12,12,372292,332511,418613,301686,466922
472,Köln,region,DEA2,tourism_nights,no,POOL_GR,2026-09-27T17:58:57.344071+00:00,2025-12,2026-01,1,788164,715823,869874,654148,952598
472,Köln,region,DEA2,tourism_nights,no,POOL_GR,2026-09-27T17:58:57.344071+00:00,2025-12,2026-02,2,894765,809538,990707,743849,1084458
472,Köln,region,DEA2,tourism_nights,no,POOL_GR,2026-09-27T17:58:57.344071+00:00,2025-12,2026-03,3,1147417,1035761,1275011,948791,1400970
472,Köln,region,DEA2,tourism_nights,no,POOL_GR,2026-09-27T17:58:57.344071+00:00,2025-12,2026-04,4,1261099,1135912,1403018,1041995,1541065
472,Köln,region,DEA2,tourism_nights,no,POOL_GR,2026-09-27T17:58:57.344071+00:00,2025-12,2026-05,5,1440822,1296349,1606942,1186147,1767926
472,Köln,region,DEA2,tourism_nights,no,POOL_GR,2026-09-27T17:58:57.344071+00:00,2025-12,2026-06,6,1385850,1245892,1546108,1138364,1704627
472,Köln,region,DEA2,tourism_nights,no,POOL_GR,2026-09-27T17:58:57.344071+00:00,2025-12,2026-07,7,1423698,1278245,1593262,1162964,1756443
472,Köln,region,DEA2,tourism_nights,no,POOL_GR,2026-09-27T17:58:57.344071+00:00,2025-12,2026-08,8,1537251,1379478,1718893,1252339,1901904
472,Köln,region,DEA2,tourism_nights,no,POOL_GR,2026-09-27T17:58:57.344071+00:00,2025-12,2026-09,9,1414383,1267364,1583776,1151535,1753207
472,Köln,region,DEA2,tourism_nights,no,POOL_GR,2026-09-27T17:58:57.344071+00:00,2025-12,2026-10,10,1443492,1291973,1619248,1176886,1804748
472,Köln,region,DEA2,tourism_nights,no,POOL_GR,2026-09-27T17:58:57.344071+00:00,2025-12,2026-11,11,1252813,1119438,1406270,1017024,1565546
472,Köln,region,DEA2,tourism_nights,no,POOL_GR,2026-09-27T17:58:57.344071+00:00,2025-12,2026-12,12,1262500,1127598,1419583,1023066,1583407
566,Közép-Dunántúl,region,HU21,tourism_nights,no,POOL_GR,2026-09-27T17:58:57.344071+00:00,2025-12,2026-01,1,131168,119129,144766,108864,158533
566,Közép-Dunántúl,region,HU21,tourism_nights,no,POOL_GR,2026-09-27T17:58:57.344071+00:00,2025-12,2026-02,2,131936,119369,146084,109683,159907
566,Közép-Dunántúl,region,HU21,tourism_nights,no,POOL_GR,2026-09-27T17:58:57.344071+00:00,2025-12,2026-03,3,151365,136635,168197,125163,184813
566,Közép-Dunántúl,region,HU21,tourism_nights,no,POOL_GR,2026-09-27T17:58:57.344071+00:00,2025-12,2026-04,4,232078,209040,258195,191756,283599
566,Közép-Dunántúl,region,HU21,tourism_nights,no,POOL_GR,2026-09-27T17:58:57.344071+00:00,2025-12,2026-05,5,336029,302335,374772,276634,412316
566,Közép-Dunántúl,region,HU21,tourism_nights,no,POOL_GR,2026-09-27T17:58:57.344071+00:00,2025-12,2026-06,6,479758,431307,535237,394083,590113
566,Közép-Dunántúl,region,HU21,tourism_nights,no,POOL_GR,2026-09-27T17:58:57.344071+00:00,2025-12,2026-07,7,833667,748495,932957,680990,1028510
566,Közép-Dunántúl,region,HU21,tourism_nights,no,POOL_GR,2026-09-27T17:58:57.344071+00:00,2025-12,2026-08,8,846220,759369,946209,689382,1046952
566,Közép-Dunántúl,region,HU21,tourism_nights,no,POOL_GR,2026-09-27T17:58:57.344071+00:00,2025-12,2026-09,9,342704,307081,383747,279016,424800
566,Közép-Dunántúl,region,HU21,tourism_nights,no,POOL_GR,2026-09-27T17:58:57.344071+00:00,2025-12,2026-10,10,245016,219297,274848,199763,306335
566,Közép-Dunántúl,region,HU21,tourism_nights,no,POOL_GR,2026-09-27T17:58:57.344071+00:00,2025-12,2026-11,11,169149,151141,189868,137313,211372
566,Közép-Dunántúl,region,HU21,tourism_nights,no,POOL_GR,2026-09-27T17:58:57.344071+00:00,2025-12,2026-12,12,158896,141917,178666,128761,199284
440,Kriti,region,EL43,tourism_nights,no,POOL_GR,2026-09-27T17:58:57.344071+00:00,2025-12,2026-01,1,93149,84599,102806,77310,112583
440,Kriti,region,EL43,tourism_nights,no,POOL_GR,2026-09-27T17:58:57.344071+00:00,2025-12,2026-02,2,155973,141117,172698,129666,189040
440,Kriti,region,EL43,tourism_nights,no,POOL_GR,2026-09-27T17:58:57.344071+00:00,2025-12,2026-03,3,279584,252378,310674,231186,341366
440,Kriti,region,EL43,tourism_nights,no,POOL_GR,2026-09-27T17:58:57.344071+00:00,2025-12,2026-04,4,1776216,1599893,1976104,1467615,2170539
440,Kriti,region,EL43,tourism_nights,no,POOL_GR,2026-09-27T17:58:57.344071+00:00,2025-12,2026-05,5,4154829,3738220,4633863,3420434,5098083
440,Kriti,region,EL43,tourism_nights,no,POOL_GR,2026-09-27T17:58:57.344071+00:00,2025-12,2026-06,6,5723006,5145033,6384804,4700987,7039425
440,Kriti,region,EL43,tourism_nights,no,POOL_GR,2026-09-27T17:58:57.344071+00:00,2025-12,2026-07,7,6835467,6137119,7649578,5583630,8433042
440,Kriti,region,EL43,tourism_nights,no,POOL_GR,2026-09-27T17:58:57.344071+00:00,2025-12,2026-08,8,7350927,6596478,8219511,5988516,9094648
440,Kriti,region,EL43,tourism_nights,no,POOL_GR,2026-09-27T17:58:57.344071+00:00,2025-12,2026-09,9,5702575,5109815,6385540,4642813,7068661
440,Kriti,region,EL43,tourism_nights,no,POOL_GR,2026-09-27T17:58:57.344071+00:00,2025-12,2026-10,10,3550075,3177435,3982323,2894395,4438536
440,Kriti,region,EL43,tourism_nights,no,POOL_GR,2026-09-27T17:58:57.344071+00:00,2025-12,2026-11,11,345381,308612,387687,280378,431597
440,Kriti,region,EL43,tourism_nights,no,POOL_GR,2026-09-27T17:58:57.344071+00:00,2025-12,2026-12,12,152761,136438,171768,123790,191591
558,Kujawsko-pomorskie,region,PL61,tourism_nights,no,POOL_GR,2026-09-27T17:58:57.344071+00:00,2025-12,2026-01,1,297590,270276,328442,246989,359676
558,Kujawsko-pomorskie,region,PL61,tourism_nights,no,POOL_GR,2026-09-27T17:58:57.344071+00:00,2025-12,2026-02,2,333183,301447,368909,276986,403819
558,Kujawsko-pomorskie,region,PL61,tourism_nights,no,POOL_GR,2026-09-27T17:58:57.344071+00:00,2025-12,2026-03,3,367990,332180,408910,304288,449307
558,Kujawsko-pomorskie,region,PL61,tourism_nights,no,POOL_GR,2026-09-27T17:58:57.344071+00:00,2025-12,2026-04,4,373567,336484,415607,308663,456500
558,Kujawsko-pomorskie,region,PL61,tourism_nights,no,POOL_GR,2026-09-27T17:58:57.344071+00:00,2025-12,2026-05,5,452662,407273,504852,372651,555428
558,Kujawsko-pomorskie,region,PL61,tourism_nights,no,POOL_GR,2026-09-27T17:58:57.344071+00:00,2025-12,2026-06,6,482774,434018,538602,396560,593823
558,Kujawsko-pomorskie,region,PL61,tourism_nights,no,POOL_GR,2026-09-27T17:58:57.344071+00:00,2025-12,2026-07,7,580632,521311,649785,474296,716336
558,Kujawsko-pomorskie,region,PL61,tourism_nights,no,POOL_GR,2026-09-27T17:58:57.344071+00:00,2025-12,2026-08,8,564368,506446,631054,459769,698243
558,Kujawsko-pomorskie,region,PL61,tourism_nights,no,POOL_GR,2026-09-27T17:58:57.344071+00:00,2025-12,2026-09,9,463501,415322,519012,377364,574535
558,Kujawsko-pomorskie,region,PL61,tourism_nights,no,POOL_GR,2026-09-27T17:58:57.344071+00:00,2025-12,2026-10,10,429608,384514,481916,350262,537124
558,Kujawsko-pomorskie,region,PL61,tourism_nights,no,POOL_GR,2026-09-27T17:58:57.344071+00:00,2025-12,2026-11,11,393370,351492,441554,319335,491565
558,Kujawsko-pomorskie,region,PL61,tourism_nights,no,POOL_GR,2026-09-27T17:58:57.344071+00:00,2025-12,2026-12,12,338943,302726,381115,274662,425097
503,Kýpros,region,CY00,tourism_nights,no,POOL_GR,2026-09-27T17:58:57.344071+00:00,2025-12,2026-01,1,321968,292416,355347,267222,389140
503,Kýpros,region,CY00,tourism_nights,no,POOL_GR,2026-09-27T17:58:57.344071+00:00,2025-12,2026-02,2,398256,360322,440960,331084,482688
503,Kýpros,region,CY00,tourism_nights,no,POOL_GR,2026-09-27T17:58:57.344071+00:00,2025-12,2026-03,3,679109,613024,754626,561551,829176
503,Kýpros,region,CY00,tourism_nights,no,POOL_GR,2026-09-27T17:58:57.344071+00:00,2025-12,2026-04,4,1539726,1386879,1713000,1272212,1881547
503,Kýpros,region,CY00,tourism_nights,no,POOL_GR,2026-09-27T17:58:57.344071+00:00,2025-12,2026-05,5,2048735,1843306,2284945,1686607,2513851
503,Kýpros,region,CY00,tourism_nights,no,POOL_GR,2026-09-27T17:58:57.344071+00:00,2025-12,2026-06,6,2489954,2238490,2777887,2045296,3062698
503,Kýpros,region,CY00,tourism_nights,no,POOL_GR,2026-09-27T17:58:57.344071+00:00,2025-12,2026-07,7,2818416,2530471,3154092,2302255,3477131
503,Kýpros,region,CY00,tourism_nights,no,POOL_GR,2026-09-27T17:58:57.344071+00:00,2025-12,2026-08,8,3083518,2767047,3447866,2512023,3814963
503,Kýpros,region,CY00,tourism_nights,no,POOL_GR,2026-09-27T17:58:57.344071+00:00,2025-12,2026-09,9,2566605,2299817,2873993,2089629,3181451
503,Kýpros,region,CY00,tourism_nights,no,POOL_GR,2026-09-27T17:58:57.344071+00:00,2025-12,2026-10,10,2503767,2240955,2808620,2041335,3130374
503,Kýpros,region,CY00,tourism_nights,no,POOL_GR,2026-09-27T17:58:57.344071+00:00,2025-12,2026-11,11,961472,859114,1079244,780516,1201480
503,Kýpros,region,CY00,tourism_nights,no,POOL_GR,2026-09-27T17:58:57.344071+00:00,2025-12,2026-12,12,494243,441432,555738,400510,619872
573,Languedoc-Roussillon,region,FRJ1,tourism_nights,no,POOL_GR,2026-09-27T17:58:57.344071+00:00,2025-12,2026-01,1,595978,541277,657764,494641,720317
573,Languedoc-Roussillon,region,FRJ1,tourism_nights,no,POOL_GR,2026-09-27T17:58:57.344071+00:00,2025-12,2026-02,2,653259,591036,723306,543077,791753
573,Languedoc-Roussillon,region,FRJ1,tourism_nights,no,POOL_GR,2026-09-27T17:58:57.344071+00:00,2025-12,2026-03,3,744302,671873,827069,615458,908775
573,Languedoc-Roussillon,region,FRJ1,tourism_nights,no,POOL_GR,2026-09-27T17:58:57.344071+00:00,2025-12,2026-04,4,2536007,2284261,2821399,2095399,3099005
573,Languedoc-Roussillon,region,FRJ1,tourism_nights,no,POOL_GR,2026-09-27T17:58:57.344071+00:00,2025-12,2026-05,5,3218234,2895539,3589283,2649389,3948857
573,Languedoc-Roussillon,region,FRJ1,tourism_nights,no,POOL_GR,2026-09-27T17:58:57.344071+00:00,2025-12,2026-06,6,4650017,4180407,5187736,3819613,5719624
573,Languedoc-Roussillon,region,FRJ1,tourism_nights,no,POOL_GR,2026-09-27T17:58:57.344071+00:00,2025-12,2026-07,7,9329764,8376585,10440949,7621125,11510302
573,Languedoc-Roussillon,region,FRJ1,tourism_nights,no,POOL_GR,2026-09-27T17:58:57.344071+00:00,2025-12,2026-08,8,11203541,10053687,12527349,9127092,13861145
573,Languedoc-Roussillon,region,FRJ1,tourism_nights,no,POOL_GR,2026-09-27T17:58:57.344071+00:00,2025-12,2026-09,9,3835058,3436419,4294362,3122355,4753770
573,Languedoc-Roussillon,region,FRJ1,tourism_nights,no,POOL_GR,2026-09-27T17:58:57.344071+00:00,2025-12,2026-10,10,1580604,1414693,1773055,1288675,1976175
573,Languedoc-Roussillon,region,FRJ1,tourism_nights,no,POOL_GR,2026-09-27T17:58:57.344071+00:00,2025-12,2026-11,11,641759,573437,720369,520975,801958
573,Languedoc-Roussillon,region,FRJ1,tourism_nights,no,POOL_GR,2026-09-27T17:58:57.344071+00:00,2025-12,2026-12,12,697946,623368,784786,565580,875352
391,Länsi-Suomi,region,FI19,tourism_nights,no,POOL_GR,2026-09-27T17:58:57.344071+00:00,2025-12,2026-01,1,255537,232082,282028,212086,308849
391,Länsi-Suomi,region,FI19,tourism_nights,no,POOL_GR,2026-09-27T17:58:57.344071+00:00,2025-12,2026-02,2,308362,278991,341427,256352,373736
391,Länsi-Suomi,region,FI19,tourism_nights,no,POOL_GR,2026-09-27T17:58:57.344071+00:00,2025-12,2026-03,3,304396,274775,338246,251703,371661
391,Länsi-Suomi,region,FI19,tourism_nights,no,POOL_GR,2026-09-27T17:58:57.344071+00:00,2025-12,2026-04,4,270745,243868,301213,223705,330850
391,Länsi-Suomi,region,FI19,tourism_nights,no,POOL_GR,2026-09-27T17:58:57.344071+00:00,2025-12,2026-05,5,326090,293393,363687,268452,400121
391,Länsi-Suomi,region,FI19,tourism_nights,no,POOL_GR,2026-09-27T17:58:57.344071+00:00,2025-12,2026-06,6,501296,450669,559265,411774,616605
391,Länsi-Suomi,region,FI19,tourism_nights,no,POOL_GR,2026-09-27T17:58:57.344071+00:00,2025-12,2026-07,7,747125,670795,836108,610298,921742
391,Länsi-Suomi,region,FI19,tourism_nights,no,POOL_GR,2026-09-27T17:58:57.344071+00:00,2025-12,2026-08,8,444948,399281,497523,362482,550494
391,Länsi-Suomi,region,FI19,tourism_nights,no,POOL_GR,2026-09-27T17:58:57.344071+00:00,2025-12,2026-09,9,334688,299898,374771,272490,414864
391,Länsi-Suomi,region,FI19,tourism_nights,no,POOL_GR,2026-09-27T17:58:57.344071+00:00,2025-12,2026-10,10,351053,314204,393796,286215,438910
391,Länsi-Suomi,region,FI19,tourism_nights,no,POOL_GR,2026-09-27T17:58:57.344071+00:00,2025-12,2026-11,11,283347,253182,318055,230019,354078
391,Länsi-Suomi,region,FI19,tourism_nights,no,POOL_GR,2026-09-27T17:58:57.344071+00:00,2025-12,2026-12,12,250887,224079,282103,203306,314658
533,La Réunion ,region,FRY4,tourism_nights,no,POOL_GR,2026-09-27T17:58:57.344071+00:00,2025-12,2026-01,1,144492,131230,159471,119923,174637
533,La Réunion ,region,FRY4,tourism_nights,no,POOL_GR,2026-09-27T17:58:57.344071+00:00,2025-12,2026-02,2,104546,94588,115756,86913,126710
533,La Réunion ,region,FRY4,tourism_nights,no,POOL_GR,2026-09-27T17:58:57.344071+00:00,2025-12,2026-03,3,123070,111094,136755,101765,150265
533,La Réunion ,region,FRY4,tourism_nights,no,POOL_GR,2026-09-27T17:58:57.344071+00:00,2025-12,2026-04,4,123324,111082,137203,101898,150703
533,La Réunion ,region,FRY4,tourism_nights,no,POOL_GR,2026-09-27T17:58:57.344071+00:00,2025-12,2026-05,5,146089,131441,162933,120267,179255
533,La Réunion ,region,FRY4,tourism_nights,no,POOL_GR,2026-09-27T17:58:57.344071+00:00,2025-12,2026-06,6,105557,94897,117763,86707,129837
533,La Réunion ,region,FRY4,tourism_nights,no,POOL_GR,2026-09-27T17:58:57.344071+00:00,2025-12,2026-07,7,148359,133202,166029,121189,183033
533,La Réunion ,region,FRY4,tourism_nights,no,POOL_GR,2026-09-27T17:58:57.344071+00:00,2025-12,2026-08,8,160061,143633,178973,130395,198029
533,La Réunion ,region,FRY4,tourism_nights,no,POOL_GR,2026-09-27T17:58:57.344071+00:00,2025-12,2026-09,9,134086,120148,150144,109167,166207
533,La Réunion ,region,FRY4,tourism_nights,no,POOL_GR,2026-09-27T17:58:57.344071+00:00,2025-12,2026-10,10,174001,155737,195187,141864,217547
533,La Réunion ,region,FRY4,tourism_nights,no,POOL_GR,2026-09-27T17:58:57.344071+00:00,2025-12,2026-11,11,162327,145045,182210,131775,202847
533,La Réunion ,region,FRY4,tourism_nights,no,POOL_GR,2026-09-27T17:58:57.344071+00:00,2025-12,2026-12,12,150297,134237,168997,121793,188500
430,La Rioja,region,ES23,tourism_nights,no,POOL_GR,2026-09-27T17:58:57.344071+00:00,2025-12,2026-01,1,66114,60046,72968,54872,79907
430,La Rioja,region,ES23,tourism_nights,no,POOL_GR,2026-09-27T17:58:57.344071+00:00,2025-12,2026-02,2,79746,72150,88297,66296,96652
430,La Rioja,region,ES23,tourism_nights,no,POOL_GR,2026-09-27T17:58:57.344071+00:00,2025-12,2026-03,3,106370,96019,118198,87956,129875
430,La Rioja,region,ES23,tourism_nights,no,POOL_GR,2026-09-27T17:58:57.344071+00:00,2025-12,2026-04,4,156891,141316,174547,129632,191721
430,La Rioja,region,ES23,tourism_nights,no,POOL_GR,2026-09-27T17:58:57.344071+00:00,2025-12,2026-05,5,183822,165390,205016,151331,225555
430,La Rioja,region,ES23,tourism_nights,no,POOL_GR,2026-09-27T17:58:57.344071+00:00,2025-12,2026-06,6,181854,163488,202883,149378,223684
430,La Rioja,region,ES23,tourism_nights,no,POOL_GR,2026-09-27T17:58:57.344071+00:00,2025-12,2026-07,7,256104,229939,286606,209202,315960
430,La Rioja,region,ES23,tourism_nights,no,POOL_GR,2026-09-27T17:58:57.344071+00:00,2025-12,2026-08,8,317977,285342,355549,259043,393404
430,La Rioja,region,ES23,tourism_nights,no,POOL_GR,2026-09-27T17:58:57.344071+00:00,2025-12,2026-09,9,195572,175243,218994,159227,242422
430,La Rioja,region,ES23,tourism_nights,no,POOL_GR,2026-09-27T17:58:57.344071+00:00,2025-12,2026-10,10,171508,153505,192390,139831,214430
430,La Rioja,region,ES23,tourism_nights,no,POOL_GR,2026-09-27T17:58:57.344071+00:00,2025-12,2026-11,11,119426,106712,134054,96949,149238
430,La Rioja,region,ES23,tourism_nights,no,POOL_GR,2026-09-27T17:58:57.344071+00:00,2025-12,2026-12,12,100184,89479,112649,81184,125648
357,Latvia,country,LV,tourism_nights,yes,POOL_GR_WG,2026-09-27T17:58:57.344071+00:00,2026-06,2026-07,1,759129,706794,816307,656713,868254
357,Latvia,country,LV,tourism_nights,yes,POOL_GR_WG,2026-09-27T17:58:57.344071+00:00,2026-06,2026-08,2,725208,676041,782467,633085,830075
357,Latvia,country,LV,tourism_nights,yes,POOL_GR_WG,2026-09-27T17:58:57.344071+00:00,2026-06,2026-09,3,437126,406294,474692,381443,499968
357,Latvia,country,LV,tourism_nights,yes,POOL_GR_WG,2026-09-27T17:58:57.344071+00:00,2026-06,2026-10,4,379564,352631,411615,329704,434562
357,Latvia,country,LV,tourism_nights,yes,POOL_GR_WG,2026-09-27T17:58:57.344071+00:00,2026-06,2026-11,5,308005,285869,334709,268159,353228
357,Latvia,country,LV,tourism_nights,yes,POOL_GR_WG,2026-09-27T17:58:57.344071+00:00,2026-06,2026-12,6,357766,331689,388377,309411,410105
357,Latvia,country,LV,tourism_nights,yes,POOL_GR_WG,2026-09-27T17:58:57.344071+00:00,2026-06,2027-01,7,265515,245866,288699,230012,304746
357,Latvia,country,LV,tourism_nights,yes,POOL_GR_WG,2026-09-27T17:58:57.344071+00:00,2026-06,2027-02,8,249292,230527,270975,215004,286698
357,Latvia,country,LV,tourism_nights,yes,POOL_GR_WG,2026-09-27T17:58:57.344071+00:00,2026-06,2027-03,9,290227,268439,315377,251163,333150
357,Latvia,country,LV,tourism_nights,yes,POOL_GR_WG,2026-09-27T17:58:57.344071+00:00,2026-06,2027-04,10,354848,327583,387185,306635,409056
357,Latvia,country,LV,tourism_nights,yes,POOL_GR_WG,2026-09-27T17:58:57.344071+00:00,2026-06,2027-05,11,432379,399193,470932,372454,497246
357,Latvia,country,LV,tourism_nights,yes,POOL_GR_WG,2026-09-27T17:58:57.344071+00:00,2026-06,2027-06,12,547478,505596,598188,470942,634975
515,Latvija,region,LV00,tourism_nights,no,POOL_GR,2026-09-27T17:58:57.344071+00:00,2025-12,2026-01,1,265565,241191,293097,220410,320970
515,Latvija,region,LV00,tourism_nights,no,POOL_GR,2026-09-27T17:58:57.344071+00:00,2025-12,2026-02,2,261764,236831,289832,217613,317259
515,Latvija,region,LV00,tourism_nights,no,POOL_GR,2026-09-27T17:58:57.344071+00:00,2025-12,2026-03,3,298843,269762,332074,247111,364880
515,Latvija,region,LV00,tourism_nights,no,POOL_GR,2026-09-27T17:58:57.344071+00:00,2025-12,2026-04,4,351602,316699,391170,290515,429659
515,Latvija,region,LV00,tourism_nights,no,POOL_GR,2026-09-27T17:58:57.344071+00:00,2025-12,2026-05,5,442356,398001,493358,364167,542783
515,Latvija,region,LV00,tourism_nights,no,POOL_GR,2026-09-27T17:58:57.344071+00:00,2025-12,2026-06,6,534742,480738,596579,439248,657745
515,Latvija,region,LV00,tourism_nights,no,POOL_GR,2026-09-27T17:58:57.344071+00:00,2025-12,2026-07,7,763615,685600,854563,623768,942086
515,Latvija,region,LV00,tourism_nights,no,POOL_GR,2026-09-27T17:58:57.344071+00:00,2025-12,2026-08,8,726782,652190,812659,592081,899183
515,Latvija,region,LV00,tourism_nights,no,POOL_GR,2026-09-27T17:58:57.344071+00:00,2025-12,2026-09,9,434702,389516,486763,353917,538837
515,Latvija,region,LV00,tourism_nights,no,POOL_GR,2026-09-27T17:58:57.344071+00:00,2025-12,2026-10,10,378302,338593,424363,308432,472978
515,Latvija,region,LV00,tourism_nights,no,POOL_GR,2026-09-27T17:58:57.344071+00:00,2025-12,2026-11,11,307538,274797,345208,249657,384307
515,Latvija,region,LV00,tourism_nights,no,POOL_GR,2026-09-27T17:58:57.344071+00:00,2025-12,2026-12,12,357145,318983,401582,289412,447926
511,Lazio,region,ITI4,tourism_nights,no,POOL_GR,2026-09-27T17:58:57.344071+00:00,2025-12,2026-01,1,4220453,3833084,4657994,3502825,5100964
511,Lazio,region,ITI4,tourism_nights,no,POOL_GR,2026-09-27T17:58:57.344071+00:00,2025-12,2026-02,2,4224515,3822129,4677495,3511985,5120128
511,Lazio,region,ITI4,tourism_nights,no,POOL_GR,2026-09-27T17:58:57.344071+00:00,2025-12,2026-03,3,5238473,4728714,5820996,4331658,6396055
511,Lazio,region,ITI4,tourism_nights,no,POOL_GR,2026-09-27T17:58:57.344071+00:00,2025-12,2026-04,4,6038888,5439415,6718479,4989686,7379530
511,Lazio,region,ITI4,tourism_nights,no,POOL_GR,2026-09-27T17:58:57.344071+00:00,2025-12,2026-05,5,6062400,5454518,6761369,4990829,7438722
511,Lazio,region,ITI4,tourism_nights,no,POOL_GR,2026-09-27T17:58:57.344071+00:00,2025-12,2026-06,6,6355642,5713779,7090597,5220647,7817582
511,Lazio,region,ITI4,tourism_nights,no,POOL_GR,2026-09-27T17:58:57.344071+00:00,2025-12,2026-07,7,6961719,6250472,7790867,5686760,8588801
511,Lazio,region,ITI4,tourism_nights,no,POOL_GR,2026-09-27T17:58:57.344071+00:00,2025-12,2026-08,8,5980104,5366347,6686712,4871759,7398650
511,Lazio,region,ITI4,tourism_nights,no,POOL_GR,2026-09-27T17:58:57.344071+00:00,2025-12,2026-09,9,5641255,5054869,6316876,4592889,6992652
511,Lazio,region,ITI4,tourism_nights,no,POOL_GR,2026-09-27T17:58:57.344071+00:00,2025-12,2026-10,10,5719007,5118701,6415340,4662737,7150277
511,Lazio,region,ITI4,tourism_nights,no,POOL_GR,2026-09-27T17:58:57.344071+00:00,2025-12,2026-11,11,4538746,4055549,5094698,3684518,5671730
511,Lazio,region,ITI4,tourism_nights,no,POOL_GR,2026-09-27T17:58:57.344071+00:00,2025-12,2026-12,12,4615060,4121926,5189274,3739808,5788130
438,Leipzig,region,DED5,tourism_nights,no,POOL_GR,2026-09-27T17:58:57.344071+00:00,2025-12,2026-01,1,232988,211603,257142,193371,281596
438,Leipzig,region,DED5,tourism_nights,no,POOL_GR,2026-09-27T17:58:57.344071+00:00,2025-12,2026-02,2,246512,223032,272945,204934,298774
438,Leipzig,region,DED5,tourism_nights,no,POOL_GR,2026-09-27T17:58:57.344071+00:00,2025-12,2026-03,3,368019,332207,408943,304313,449343
438,Leipzig,region,DED5,tourism_nights,no,POOL_GR,2026-09-27T17:58:57.344071+00:00,2025-12,2026-04,4,409086,368476,455123,338011,499903
438,Leipzig,region,DED5,tourism_nights,no,POOL_GR,2026-09-27T17:58:57.344071+00:00,2025-12,2026-05,5,490666,441467,547238,403938,602060
438,Leipzig,region,DED5,tourism_nights,no,POOL_GR,2026-09-27T17:58:57.344071+00:00,2025-12,2026-06,6,468676,421344,522873,384980,576482
438,Leipzig,region,DED5,tourism_nights,no,POOL_GR,2026-09-27T17:58:57.344071+00:00,2025-12,2026-07,7,425558,382081,476243,347622,525019
438,Leipzig,region,DED5,tourism_nights,no,POOL_GR,2026-09-27T17:58:57.344071+00:00,2025-12,2026-08,8,481672,432237,538586,392400,595930
438,Leipzig,region,DED5,tourism_nights,no,POOL_GR,2026-09-27T17:58:57.344071+00:00,2025-12,2026-09,9,434978,389764,487073,354142,539179
438,Leipzig,region,DED5,tourism_nights,no,POOL_GR,2026-09-27T17:58:57.344071+00:00,2025-12,2026-10,10,451675,404264,506670,368253,564713
438,Leipzig,region,DED5,tourism_nights,no,POOL_GR,2026-09-27T17:58:57.344071+00:00,2025-12,2026-11,11,384033,343149,431074,311755,479898
438,Leipzig,region,DED5,tourism_nights,no,POOL_GR,2026-09-27T17:58:57.344071+00:00,2025-12,2026-12,12,360107,321628,404912,291812,451640
550,Liguria,region,ITC3,tourism_nights,no,POOL_GR,2026-09-27T17:58:57.344071+00:00,2025-12,2026-01,1,511436,464495,564457,424474,618137
550,Liguria,region,ITC3,tourism_nights,no,POOL_GR,2026-09-27T17:58:57.344071+00:00,2025-12,2026-02,2,531112,480523,588061,441532,643710
550,Liguria,region,ITC3,tourism_nights,no,POOL_GR,2026-09-27T17:58:57.344071+00:00,2025-12,2026-03,3,714340,644827,793775,590683,872193
550,Liguria,region,ITC3,tourism_nights,no,POOL_GR,2026-09-27T17:58:57.344071+00:00,2025-12,2026-04,4,1289840,1161799,1434993,1065742,1576186
550,Liguria,region,ITC3,tourism_nights,no,POOL_GR,2026-09-27T17:58:57.344071+00:00,2025-12,2026-05,5,1559934,1403518,1739787,1284205,1914079
550,Liguria,region,ITC3,tourism_nights,no,POOL_GR,2026-09-27T17:58:57.344071+00:00,2025-12,2026-06,6,2019026,1815123,2252503,1658467,2483448
550,Liguria,region,ITC3,tourism_nights,no,POOL_GR,2026-09-27T17:58:57.344071+00:00,2025-12,2026-07,7,2640694,2370907,2955203,2157081,3257873
550,Liguria,region,ITC3,tourism_nights,no,POOL_GR,2026-09-27T17:58:57.344071+00:00,2025-12,2026-08,8,2944829,2642592,3292790,2399039,3643375
550,Liguria,region,ITC3,tourism_nights,no,POOL_GR,2026-09-27T17:58:57.344071+00:00,2025-12,2026-09,9,1917006,1717741,2146595,1560751,2376236
550,Liguria,region,ITC3,tourism_nights,no,POOL_GR,2026-09-27T17:58:57.344071+00:00,2025-12,2026-10,10,1128229,1009803,1265600,919851,1410586
550,Liguria,region,ITC3,tourism_nights,no,POOL_GR,2026-09-27T17:58:57.344071+00:00,2025-12,2026-11,11,438754,392045,492498,356177,548279
550,Liguria,region,ITC3,tourism_nights,no,POOL_GR,2026-09-27T17:58:57.344071+00:00,2025-12,2026-12,12,523204,467298,588302,423978,656193
561,Limburg (NL),region,NL42,tourism_nights,no,POOL_GR,2026-09-27T17:58:57.344071+00:00,2025-12,2026-01,1,645221,586000,712112,535511,779833
561,Limburg (NL),region,NL42,tourism_nights,no,POOL_GR,2026-09-27T17:58:57.344071+00:00,2025-12,2026-02,2,663230,600057,734346,551366,803837
561,Limburg (NL),region,NL42,tourism_nights,no,POOL_GR,2026-09-27T17:58:57.344071+00:00,2025-12,2026-03,3,822108,742108,913527,679795,1003774
561,Limburg (NL),region,NL42,tourism_nights,no,POOL_GR,2026-09-27T17:58:57.344071+00:00,2025-12,2026-04,4,1226210,1104485,1364202,1013167,1498430
561,Limburg (NL),region,NL42,tourism_nights,no,POOL_GR,2026-09-27T17:58:57.344071+00:00,2025-12,2026-05,5,1292720,1163098,1441765,1064223,1586201
561,Limburg (NL),region,NL42,tourism_nights,no,POOL_GR,2026-09-27T17:58:57.344071+00:00,2025-12,2026-06,6,1546946,1390718,1725832,1270691,1902778
561,Limburg (NL),region,NL42,tourism_nights,no,POOL_GR,2026-09-27T17:58:57.344071+00:00,2025-12,2026-07,7,1572548,1411888,1759841,1284554,1940082
561,Limburg (NL),region,NL42,tourism_nights,no,POOL_GR,2026-09-27T17:58:57.344071+00:00,2025-12,2026-08,8,2205619,1979249,2466234,1796832,2728816
561,Limburg (NL),region,NL42,tourism_nights,no,POOL_GR,2026-09-27T17:58:57.344071+00:00,2025-12,2026-09,9,1221057,1094133,1367296,994137,1513568
561,Limburg (NL),region,NL42,tourism_nights,no,POOL_GR,2026-09-27T17:58:57.344071+00:00,2025-12,2026-10,10,1294966,1159038,1452638,1055793,1619052
561,Limburg (NL),region,NL42,tourism_nights,no,POOL_GR,2026-09-27T17:58:57.344071+00:00,2025-12,2026-11,11,792450,708085,889517,643305,990265
561,Limburg (NL),region,NL42,tourism_nights,no,POOL_GR,2026-09-27T17:58:57.344071+00:00,2025-12,2026-12,12,906992,810077,1019841,734980,1137534
504,Limousin,region,FRI2,tourism_nights,no,POOL_GR,2026-09-27T17:58:57.344071+00:00,2025-12,2026-01,1,76787,69739,84748,63730,92807
504,Limousin,region,FRI2,tourism_nights,no,POOL_GR,2026-09-27T17:58:57.344071+00:00,2025-12,2026-02,2,88160,79763,97613,73291,106850
504,Limousin,region,FRI2,tourism_nights,no,POOL_GR,2026-09-27T17:58:57.344071+00:00,2025-12,2026-03,3,99852,90135,110956,82567,121917
504,Limousin,region,FRI2,tourism_nights,no,POOL_GR,2026-09-27T17:58:57.344071+00:00,2025-12,2026-04,4,160707,144754,178792,132786,196384
504,Limousin,region,FRI2,tourism_nights,no,POOL_GR,2026-09-27T17:58:57.344071+00:00,2025-12,2026-05,5,229964,206906,256478,189317,282172
504,Limousin,region,FRI2,tourism_nights,no,POOL_GR,2026-09-27T17:58:57.344071+00:00,2025-12,2026-06,6,307011,276005,342513,252185,377630
504,Limousin,region,FRI2,tourism_nights,no,POOL_GR,2026-09-27T17:58:57.344071+00:00,2025-12,2026-07,7,550452,494215,616012,449643,679103
504,Limousin,region,FRI2,tourism_nights,no,POOL_GR,2026-09-27T17:58:57.344071+00:00,2025-12,2026-08,8,727624,652946,813600,592767,900225
504,Limousin,region,FRI2,tourism_nights,no,POOL_GR,2026-09-27T17:58:57.344071+00:00,2025-12,2026-09,9,241773,216642,270729,196842,299691
504,Limousin,region,FRI2,tourism_nights,no,POOL_GR,2026-09-27T17:58:57.344071+00:00,2025-12,2026-10,10,152408,136410,170964,124259,190550
504,Limousin,region,FRI2,tourism_nights,no,POOL_GR,2026-09-27T17:58:57.344071+00:00,2025-12,2026-11,11,95305,85158,106978,77368,119095
504,Limousin,region,FRI2,tourism_nights,no,POOL_GR,2026-09-27T17:58:57.344071+00:00,2025-12,2026-12,12,96438,86133,108437,78149,120951
359,Lithuania,country,LT,tourism_nights,yes,POOL_GR_WG,2026-09-27T17:58:57.344071+00:00,2026-06,2026-07,1,1261238,1174287,1356236,1091081,1442542
359,Lithuania,country,LT,tourism_nights,yes,POOL_GR_WG,2026-09-27T17:58:57.344071+00:00,2026-06,2026-08,2,1121042,1045038,1209553,978635,1283147
359,Lithuania,country,LT,tourism_nights,yes,POOL_GR_WG,2026-09-27T17:58:57.344071+00:00,2026-06,2026-09,3,806197,749334,875481,703500,922096
359,Lithuania,country,LT,tourism_nights,yes,POOL_GR_WG,2026-09-27T17:58:57.344071+00:00,2026-06,2026-10,4,672602,624875,729397,584248,770059
359,Lithuania,country,LT,tourism_nights,yes,POOL_GR_WG,2026-09-27T17:58:57.344071+00:00,2026-06,2026-11,5,676676,628044,735343,589136,776028
359,Lithuania,country,LT,tourism_nights,yes,POOL_GR_WG,2026-09-27T17:58:57.344071+00:00,2026-06,2026-12,6,680900,631270,739158,588870,780512
359,Lithuania,country,LT,tourism_nights,yes,POOL_GR_WG,2026-09-27T17:58:57.344071+00:00,2026-06,2027-01,7,589048,545457,640481,510283,676083
359,Lithuania,country,LT,tourism_nights,yes,POOL_GR_WG,2026-09-27T17:58:57.344071+00:00,2026-06,2027-02,8,603125,557728,655586,520172,693624
359,Lithuania,country,LT,tourism_nights,yes,POOL_GR_WG,2026-09-27T17:58:57.344071+00:00,2026-06,2027-03,9,668837,618624,726796,578812,767754
359,Lithuania,country,LT,tourism_nights,yes,POOL_GR_WG,2026-09-27T17:58:57.344071+00:00,2026-06,2027-04,10,677728,625654,739489,585645,781259
359,Lithuania,country,LT,tourism_nights,yes,POOL_GR_WG,2026-09-27T17:58:57.344071+00:00,2026-06,2027-05,11,825274,761933,898858,710895,949084
359,Lithuania,country,LT,tourism_nights,yes,POOL_GR_WG,2026-09-27T17:58:57.344071+00:00,2026-06,2027-06,12,981236,906171,1072122,844062,1138056
585,Łódzkie,region,PL71,tourism_nights,no,POOL_GR,2026-09-27T17:58:57.344071+00:00,2025-12,2026-01,1,197357,179243,217817,163799,238531
585,Łódzkie,region,PL71,tourism_nights,no,POOL_GR,2026-09-27T17:58:57.344071+00:00,2025-12,2026-02,2,199769,180741,221189,166074,242120
585,Łódzkie,region,PL71,tourism_nights,no,POOL_GR,2026-09-27T17:58:57.344071+00:00,2025-12,2026-03,3,229286,206974,254783,189595,279953
585,Łódzkie,region,PL71,tourism_nights,no,POOL_GR,2026-09-27T17:58:57.344071+00:00,2025-12,2026-04,4,214479,193188,238616,177216,262094
585,Łódzkie,region,PL71,tourism_nights,no,POOL_GR,2026-09-27T17:58:57.344071+00:00,2025-12,2026-05,5,270042,242964,301176,222310,331348
585,Łódzkie,region,PL71,tourism_nights,no,POOL_GR,2026-09-27T17:58:57.344071+00:00,2025-12,2026-06,6,266260,239370,297050,218711,327505
585,Łódzkie,region,PL71,tourism_nights,no,POOL_GR,2026-09-27T17:58:57.344071+00:00,2025-12,2026-07,7,319992,287300,358104,261389,394780
585,Łódzkie,region,PL71,tourism_nights,no,POOL_GR,2026-09-27T17:58:57.344071+00:00,2025-12,2026-08,8,332645,298505,371951,270993,411553
585,Łódzkie,region,PL71,tourism_nights,no,POOL_GR,2026-09-27T17:58:57.344071+00:00,2025-12,2026-09,9,280965,251760,314614,228750,348272
585,Łódzkie,region,PL71,tourism_nights,no,POOL_GR,2026-09-27T17:58:57.344071+00:00,2025-12,2026-10,10,266057,238130,298452,216918,332642
585,Łódzkie,region,PL71,tourism_nights,no,POOL_GR,2026-09-27T17:58:57.344071+00:00,2025-12,2026-11,11,256686,229359,288128,208376,320762
585,Łódzkie,region,PL71,tourism_nights,no,POOL_GR,2026-09-27T17:58:57.344071+00:00,2025-12,2026-12,12,214783,191833,241507,174049,269377
477,Lombardia,region,ITC4,tourism_nights,no,POOL_GR,2026-09-27T17:58:57.344071+00:00,2025-12,2026-01,1,3327254,3021866,3672196,2761502,4021418
477,Lombardia,region,ITC4,tourism_nights,no,POOL_GR,2026-09-27T17:58:57.344071+00:00,2025-12,2026-02,2,3550774,3212561,3931511,2951881,4303551
477,Lombardia,region,ITC4,tourism_nights,no,POOL_GR,2026-09-27T17:58:57.344071+00:00,2025-12,2026-03,3,3698467,3338567,4109740,3058238,4515743
477,Lombardia,region,ITC4,tourism_nights,no,POOL_GR,2026-09-27T17:58:57.344071+00:00,2025-12,2026-04,4,5101323,4594921,5675405,4215014,6233824
477,Lombardia,region,ITC4,tourism_nights,no,POOL_GR,2026-09-27T17:58:57.344071+00:00,2025-12,2026-05,5,5459388,4911971,6088832,4494404,6698811
477,Lombardia,region,ITC4,tourism_nights,no,POOL_GR,2026-09-27T17:58:57.344071+00:00,2025-12,2026-06,6,6192117,5566769,6908163,5086324,7616443
477,Lombardia,region,ITC4,tourism_nights,no,POOL_GR,2026-09-27T17:58:57.344071+00:00,2025-12,2026-07,7,7702789,6915831,8620200,6292112,9503074
477,Lombardia,region,ITC4,tourism_nights,no,POOL_GR,2026-09-27T17:58:57.344071+00:00,2025-12,2026-08,8,7744916,6950031,8660054,6309484,9582096
477,Lombardia,region,ITC4,tourism_nights,no,POOL_GR,2026-09-27T17:58:57.344071+00:00,2025-12,2026-09,9,6074324,5442923,6801812,4945477,7529465
477,Lombardia,region,ITC4,tourism_nights,no,POOL_GR,2026-09-27T17:58:57.344071+00:00,2025-12,2026-10,10,4695207,4202366,5266884,3828027,5870255
477,Lombardia,region,ITC4,tourism_nights,no,POOL_GR,2026-09-27T17:58:57.344071+00:00,2025-12,2026-11,11,3217277,2874764,3611362,2611760,4020389
477,Lombardia,region,ITC4,tourism_nights,no,POOL_GR,2026-09-27T17:58:57.344071+00:00,2025-12,2026-12,12,3426508,3060375,3852841,2776667,4297469
505,Lorraine,region,FRF3,tourism_nights,no,POOL_GR,2026-09-27T17:58:57.344071+00:00,2025-12,2026-01,1,366457,332822,404448,304146,442911
505,Lorraine,region,FRF3,tourism_nights,no,POOL_GR,2026-09-27T17:58:57.344071+00:00,2025-12,2026-02,2,419057,379142,463991,348376,507898
505,Lorraine,region,FRF3,tourism_nights,no,POOL_GR,2026-09-27T17:58:57.344071+00:00,2025-12,2026-03,3,407781,368100,453127,337192,497892
505,Lorraine,region,FRF3,tourism_nights,no,POOL_GR,2026-09-27T17:58:57.344071+00:00,2025-12,2026-04,4,587416,529104,653521,485358,717823
505,Lorraine,region,FRF3,tourism_nights,no,POOL_GR,2026-09-27T17:58:57.344071+00:00,2025-12,2026-05,5,708494,637453,790180,583263,869341
505,Lorraine,region,FRF3,tourism_nights,no,POOL_GR,2026-09-27T17:58:57.344071+00:00,2025-12,2026-06,6,807437,725893,900807,663244,993165
505,Lorraine,region,FRF3,tourism_nights,no,POOL_GR,2026-09-27T17:58:57.344071+00:00,2025-12,2026-07,7,1077987,967854,1206376,880566,1329933
505,Lorraine,region,FRF3,tourism_nights,no,POOL_GR,2026-09-27T17:58:57.344071+00:00,2025-12,2026-08,8,1226040,1100208,1370908,998807,1516870
505,Lorraine,region,FRF3,tourism_nights,no,POOL_GR,2026-09-27T17:58:57.344071+00:00,2025-12,2026-09,9,639092,572661,715633,520324,792191
505,Lorraine,region,FRF3,tourism_nights,no,POOL_GR,2026-09-27T17:58:57.344071+00:00,2025-12,2026-10,10,571802,511781,641423,466193,714904
505,Lorraine,region,FRF3,tourism_nights,no,POOL_GR,2026-09-27T17:58:57.344071+00:00,2025-12,2026-11,11,394616,352605,442953,320347,493123
505,Lorraine,region,FRF3,tourism_nights,no,POOL_GR,2026-09-27T17:58:57.344071+00:00,2025-12,2026-12,12,497535,444372,559439,403177,624000
590,Lubelskie,region,PL81,tourism_nights,no,POOL_GR,2026-09-27T17:58:57.344071+00:00,2025-12,2026-01,1,132874,120678,146649,110281,160596
590,Lubelskie,region,PL81,tourism_nights,no,POOL_GR,2026-09-27T17:58:57.344071+00:00,2025-12,2026-02,2,162557,147073,179987,135139,197020
590,Lubelskie,region,PL81,tourism_nights,no,POOL_GR,2026-09-27T17:58:57.344071+00:00,2025-12,2026-03,3,174242,157286,193618,144079,212745
590,Lubelskie,region,PL81,tourism_nights,no,POOL_GR,2026-09-27T17:58:57.344071+00:00,2025-12,2026-04,4,174850,157493,194527,144472,213668
590,Lubelskie,region,PL81,tourism_nights,no,POOL_GR,2026-09-27T17:58:57.344071+00:00,2025-12,2026-05,5,232369,209069,259160,191296,285122
590,Lubelskie,region,PL81,tourism_nights,no,POOL_GR,2026-09-27T17:58:57.344071+00:00,2025-12,2026-06,6,263435,236830,293898,216391,324031
590,Lubelskie,region,PL81,tourism_nights,no,POOL_GR,2026-09-27T17:58:57.344071+00:00,2025-12,2026-07,7,364543,327299,407960,297781,449743
590,Lubelskie,region,PL81,tourism_nights,no,POOL_GR,2026-09-27T17:58:57.344071+00:00,2025-12,2026-08,8,386772,347076,432473,315088,478518
590,Lubelskie,region,PL81,tourism_nights,no,POOL_GR,2026-09-27T17:58:57.344071+00:00,2025-12,2026-09,9,242478,217273,271518,197416,300565
590,Lubelskie,region,PL81,tourism_nights,no,POOL_GR,2026-09-27T17:58:57.344071+00:00,2025-12,2026-10,10,211710,189488,237487,172608,264694
590,Lubelskie,region,PL81,tourism_nights,no,POOL_GR,2026-09-27T17:58:57.344071+00:00,2025-12,2026-11,11,199810,178538,224285,162204,249688
590,Lubelskie,region,PL81,tourism_nights,no,POOL_GR,2026-09-27T17:58:57.344071+00:00,2025-12,2026-12,12,172311,153899,193750,139632,216109
596,Lubuskie,region,PL43,tourism_nights,no,POOL_GR,2026-09-27T17:58:57.344071+00:00,2025-12,2026-01,1,65460,59452,72246,54329,79117
596,Lubuskie,region,PL43,tourism_nights,no,POOL_GR,2026-09-27T17:58:57.344071+00:00,2025-12,2026-02,2,66369,60047,73485,55175,80439
596,Lubuskie,region,PL43,tourism_nights,no,POOL_GR,2026-09-27T17:58:57.344071+00:00,2025-12,2026-03,3,77158,69650,85738,63802,94209
596,Lubuskie,region,PL43,tourism_nights,no,POOL_GR,2026-09-27T17:58:57.344071+00:00,2025-12,2026-04,4,87408,78731,97245,72222,106813
596,Lubuskie,region,PL43,tourism_nights,no,POOL_GR,2026-09-27T17:58:57.344071+00:00,2025-12,2026-05,5,120999,108866,134950,99612,148469
596,Lubuskie,region,PL43,tourism_nights,no,POOL_GR,2026-09-27T17:58:57.344071+00:00,2025-12,2026-06,6,132261,118904,147555,108642,162684
596,Lubuskie,region,PL43,tourism_nights,no,POOL_GR,2026-09-27T17:58:57.344071+00:00,2025-12,2026-07,7,209794,188360,234780,171372,258826
596,Lubuskie,region,PL43,tourism_nights,no,POOL_GR,2026-09-27T17:58:57.344071+00:00,2025-12,2026-08,8,206403,185219,230791,168148,255364
596,Lubuskie,region,PL43,tourism_nights,no,POOL_GR,2026-09-27T17:58:57.344071+00:00,2025-12,2026-09,9,120309,107804,134718,97951,149130
596,Lubuskie,region,PL43,tourism_nights,no,POOL_GR,2026-09-27T17:58:57.344071+00:00,2025-12,2026-10,10,107985,96650,121133,88040,135009
596,Lubuskie,region,PL43,tourism_nights,no,POOL_GR,2026-09-27T17:58:57.344071+00:00,2025-12,2026-11,11,86100,76933,96646,69895,107592
596,Lubuskie,region,PL43,tourism_nights,no,POOL_GR,2026-09-27T17:58:57.344071+00:00,2025-12,2026-12,12,76308,68154,85802,61836,95704
469,Lüneburg,region,DE93,tourism_nights,no,POOL_GR,2026-09-27T17:58:57.344071+00:00,2025-12,2026-01,1,348271,316305,384377,289052,420930
469,Lüneburg,region,DE93,tourism_nights,no,POOL_GR,2026-09-27T17:58:57.344071+00:00,2025-12,2026-02,2,374106,338472,414220,311007,453418
469,Lüneburg,region,DE93,tourism_nights,no,POOL_GR,2026-09-27T17:58:57.344071+00:00,2025-12,2026-03,3,526363,475143,584895,435246,642678
469,Lüneburg,region,DE93,tourism_nights,no,POOL_GR,2026-09-27T17:58:57.344071+00:00,2025-12,2026-04,4,901535,812041,1002990,744901,1101677
469,Lüneburg,region,DE93,tourism_nights,no,POOL_GR,2026-09-27T17:58:57.344071+00:00,2025-12,2026-05,5,1015690,913846,1132795,836160,1246278
469,Lüneburg,region,DE93,tourism_nights,no,POOL_GR,2026-09-27T17:58:57.344071+00:00,2025-12,2026-06,6,1099627,988574,1226786,903255,1352565
469,Lüneburg,region,DE93,tourism_nights,no,POOL_GR,2026-09-27T17:58:57.344071+00:00,2025-12,2026-07,7,1307562,1173975,1463294,1068097,1613164
469,Lüneburg,region,DE93,tourism_nights,no,POOL_GR,2026-09-27T17:58:57.344071+00:00,2025-12,2026-08,8,1490202,1337258,1666284,1214010,1843694
469,Lüneburg,region,DE93,tourism_nights,no,POOL_GR,2026-09-27T17:58:57.344071+00:00,2025-12,2026-09,9,1049652,940545,1175363,854586,1301103
469,Lüneburg,region,DE93,tourism_nights,no,POOL_GR,2026-09-27T17:58:57.344071+00:00,2025-12,2026-10,10,955599,855293,1071951,779105,1194753
469,Lüneburg,region,DE93,tourism_nights,no,POOL_GR,2026-09-27T17:58:57.344071+00:00,2025-12,2026-11,11,484163,432619,543468,393040,605022
469,Lüneburg,region,DE93,tourism_nights,no,POOL_GR,2026-09-27T17:58:57.344071+00:00,2025-12,2026-12,12,445447,397849,500870,360967,558672
510,Luxembourg,region,LU00,tourism_nights,no,POOL_GR,2026-09-27T17:58:57.344071+00:00,2025-12,2026-01,1,147048,133551,162293,122045,177727
510,Luxembourg,region,LU00,tourism_nights,no,POOL_GR,2026-09-27T17:58:57.344071+00:00,2025-12,2026-02,2,151210,136808,167424,125706,183268
510,Luxembourg,region,LU00,tourism_nights,no,POOL_GR,2026-09-27T17:58:57.344071+00:00,2025-12,2026-03,3,185519,167466,206149,153405,226515
510,Luxembourg,region,LU00,tourism_nights,no,POOL_GR,2026-09-27T17:58:57.344071+00:00,2025-12,2026-04,4,303811,273652,338000,251026,371257
510,Luxembourg,region,LU00,tourism_nights,no,POOL_GR,2026-09-27T17:58:57.344071+00:00,2025-12,2026-05,5,387788,348904,432499,319244,475826
510,Luxembourg,region,LU00,tourism_nights,no,POOL_GR,2026-09-27T17:58:57.344071+00:00,2025-12,2026-06,6,404949,364052,451776,332633,498096
365,Luxembourg,country,LU,tourism_nights,yes,POOL_GR_WG,2026-09-27T17:58:57.344071+00:00,2026-06,2026-07,1,577647,537823,621156,499715,660684
510,Luxembourg,region,LU00,tourism_nights,no,POOL_GR,2026-09-27T17:58:57.344071+00:00,2025-12,2026-07,7,578884,519742,647830,472868,714180
510,Luxembourg,region,LU00,tourism_nights,no,POOL_GR,2026-09-27T17:58:57.344071+00:00,2025-12,2026-08,8,566365,508237,633286,461395,700712
365,Luxembourg,country,LU,tourism_nights,yes,POOL_GR_WG,2026-09-27T17:58:57.344071+00:00,2026-06,2026-08,2,566334,527938,611049,494392,648227
510,Luxembourg,region,LU00,tourism_nights,no,POOL_GR,2026-09-27T17:58:57.344071+00:00,2025-12,2026-09,9,287341,257473,321754,233942,356175
365,Luxembourg,country,LU,tourism_nights,yes,POOL_GR_WG,2026-09-27T17:58:57.344071+00:00,2026-06,2026-09,3,287949,267639,312695,251268,329344
510,Luxembourg,region,LU00,tourism_nights,no,POOL_GR,2026-09-27T17:58:57.344071+00:00,2025-12,2026-10,10,253750,227115,284646,206884,317255
365,Luxembourg,country,LU,tourism_nights,yes,POOL_GR_WG,2026-09-27T17:58:57.344071+00:00,2026-06,2026-10,4,253093,235134,274465,219847,289766
510,Luxembourg,region,LU00,tourism_nights,no,POOL_GR,2026-09-27T17:58:57.344071+00:00,2025-12,2026-11,11,189622,169435,212849,153934,236956
365,Luxembourg,country,LU,tourism_nights,yes,POOL_GR_WG,2026-09-27T17:58:57.344071+00:00,2026-06,2026-11,5,189237,175637,205644,164756,217022
510,Luxembourg,region,LU00,tourism_nights,no,POOL_GR,2026-09-27T17:58:57.344071+00:00,2025-12,2026-12,12,199960,178594,224839,162037,250786
365,Luxembourg,country,LU,tourism_nights,yes,POOL_GR_WG,2026-09-27T17:58:57.344071+00:00,2026-06,2026-12,6,198749,184262,215754,171886,227825
365,Luxembourg,country,LU,tourism_nights,yes,POOL_GR_WG,2026-09-27T17:58:57.344071+00:00,2026-06,2027-01,7,137239,127083,149223,118888,157517
365,Luxembourg,country,LU,tourism_nights,yes,POOL_GR_WG,2026-09-27T17:58:57.344071+00:00,2026-06,2027-02,8,151910,140476,165123,131016,174704
365,Luxembourg,country,LU,tourism_nights,yes,POOL_GR_WG,2026-09-27T17:58:57.344071+00:00,2026-06,2027-03,9,187196,173142,203418,162000,214881
365,Luxembourg,country,LU,tourism_nights,yes,POOL_GR_WG,2026-09-27T17:58:57.344071+00:00,2026-06,2027-04,10,333101,307507,363456,287842,383987
365,Luxembourg,country,LU,tourism_nights,yes,POOL_GR_WG,2026-09-27T17:58:57.344071+00:00,2026-06,2027-05,11,403183,372238,439132,347304,463670
365,Luxembourg,country,LU,tourism_nights,yes,POOL_GR_WG,2026-09-27T17:58:57.344071+00:00,2026-06,2027-06,12,386080,356545,421841,332107,447783
544,Małopolskie,region,PL21,tourism_nights,no,POOL_GR,2026-09-27T17:58:57.344071+00:00,2025-12,2026-01,1,1288753,1170467,1422361,1069619,1557625
544,Małopolskie,region,PL21,tourism_nights,no,POOL_GR,2026-09-27T17:58:57.344071+00:00,2025-12,2026-02,2,1444640,1307037,1599543,1200979,1750909
544,Małopolskie,region,PL21,tourism_nights,no,POOL_GR,2026-09-27T17:58:57.344071+00:00,2025-12,2026-03,3,1101565,994371,1224060,910877,1344986
544,Małopolskie,region,PL21,tourism_nights,no,POOL_GR,2026-09-27T17:58:57.344071+00:00,2025-12,2026-04,4,1174453,1057867,1306621,970403,1435184
544,Małopolskie,region,PL21,tourism_nights,no,POOL_GR,2026-09-27T17:58:57.344071+00:00,2025-12,2026-05,5,1438885,1294607,1604782,1184552,1765549
544,Małopolskie,region,PL21,tourism_nights,no,POOL_GR,2026-09-27T17:58:57.344071+00:00,2025-12,2026-06,6,1540506,1384928,1718647,1265401,1894856
544,Małopolskie,region,PL21,tourism_nights,no,POOL_GR,2026-09-27T17:58:57.344071+00:00,2025-12,2026-07,7,1945028,1746314,2176683,1588819,2399617
544,Małopolskie,region,PL21,tourism_nights,no,POOL_GR,2026-09-27T17:58:57.344071+00:00,2025-12,2026-08,8,2154439,1933322,2409007,1755138,2665496
544,Małopolskie,region,PL21,tourism_nights,no,POOL_GR,2026-09-27T17:58:57.344071+00:00,2025-12,2026-09,9,1480595,1326693,1657918,1205443,1835281
544,Małopolskie,region,PL21,tourism_nights,no,POOL_GR,2026-09-27T17:58:57.344071+00:00,2025-12,2026-10,10,1370776,1226890,1537678,1117601,1713834
544,Małopolskie,region,PL21,tourism_nights,no,POOL_GR,2026-09-27T17:58:57.344071+00:00,2025-12,2026-11,11,1183683,1057668,1328673,960905,1479160
544,Małopolskie,region,PL21,tourism_nights,no,POOL_GR,2026-09-27T17:58:57.344071+00:00,2025-12,2026-12,12,1450317,1295346,1630768,1175263,1818963
512,Malta,region,MT00,tourism_nights,no,POOL_GR,2026-09-27T17:58:57.344071+00:00,2025-12,2026-01,1,641994,583070,708551,532832,775933
512,Malta,region,MT00,tourism_nights,no,POOL_GR,2026-09-27T17:58:57.344071+00:00,2025-12,2026-02,2,823989,745504,912342,685010,998677
512,Malta,region,MT00,tourism_nights,no,POOL_GR,2026-09-27T17:58:57.344071+00:00,2025-12,2026-03,3,989963,893629,1100048,818594,1208722
512,Malta,region,MT00,tourism_nights,no,POOL_GR,2026-09-27T17:58:57.344071+00:00,2025-12,2026-04,4,1125191,1013494,1251815,929699,1374985
512,Malta,region,MT00,tourism_nights,no,POOL_GR,2026-09-27T17:58:57.344071+00:00,2025-12,2026-05,5,1148687,1033507,1281125,945649,1409469
512,Malta,region,MT00,tourism_nights,no,POOL_GR,2026-09-27T17:58:57.344071+00:00,2025-12,2026-06,6,1188342,1068330,1325760,976127,1461688
363,Malta,country,MT,tourism_nights,yes,POOL_GR_WG,2026-09-27T17:58:57.344071+00:00,2026-06,2026-07,1,1400904,1304324,1506422,1211904,1602285
512,Malta,region,MT00,tourism_nights,no,POOL_GR,2026-09-27T17:58:57.344071+00:00,2025-12,2026-07,7,1371180,1231093,1534489,1120064,1691650
512,Malta,region,MT00,tourism_nights,no,POOL_GR,2026-09-27T17:58:57.344071+00:00,2025-12,2026-08,8,1462054,1311999,1634810,1191079,1808869
363,Malta,country,MT,tourism_nights,yes,POOL_GR_WG,2026-09-27T17:58:57.344071+00:00,2026-06,2026-08,2,1480790,1380397,1597706,1292684,1694916
512,Malta,region,MT00,tourism_nights,no,POOL_GR,2026-09-27T17:58:57.344071+00:00,2025-12,2026-09,9,1189668,1066007,1332148,968581,1474660
363,Malta,country,MT,tourism_nights,yes,POOL_GR_WG,2026-09-27T17:58:57.344071+00:00,2026-06,2026-09,3,1198452,1113921,1301445,1045787,1370742
512,Malta,region,MT00,tourism_nights,no,POOL_GR,2026-09-27T17:58:57.344071+00:00,2025-12,2026-10,10,1291233,1155696,1448450,1052749,1614384
363,Malta,country,MT,tourism_nights,yes,POOL_GR_WG,2026-09-27T17:58:57.344071+00:00,2026-06,2026-10,4,1312982,1219814,1423852,1140507,1503228
512,Malta,region,MT00,tourism_nights,no,POOL_GR,2026-09-27T17:58:57.344071+00:00,2025-12,2026-11,11,952789,851355,1069497,773467,1190629
363,Malta,country,MT,tourism_nights,yes,POOL_GR_WG,2026-09-27T17:58:57.344071+00:00,2026-06,2026-11,5,965073,895715,1048744,840224,1106769
512,Malta,region,MT00,tourism_nights,no,POOL_GR,2026-09-27T17:58:57.344071+00:00,2025-12,2026-12,12,798981,713608,898392,647454,1002069
363,Malta,country,MT,tourism_nights,yes,POOL_GR_WG,2026-09-27T17:58:57.344071+00:00,2026-06,2026-12,6,816355,756851,886202,706017,935783
363,Malta,country,MT,tourism_nights,yes,POOL_GR_WG,2026-09-27T17:58:57.344071+00:00,2026-06,2027-01,7,742484,687538,807314,643202,852190
363,Malta,country,MT,tourism_nights,yes,POOL_GR_WG,2026-09-27T17:58:57.344071+00:00,2026-06,2027-02,8,895931,828493,973860,772705,1030365
363,Malta,country,MT,tourism_nights,yes,POOL_GR_WG,2026-09-27T17:58:57.344071+00:00,2026-06,2027-03,9,1060425,980815,1152318,917694,1217256
363,Malta,country,MT,tourism_nights,yes,POOL_GR_WG,2026-09-27T17:58:57.344071+00:00,2026-06,2027-04,10,1189468,1098072,1297863,1027854,1371174
363,Malta,country,MT,tourism_nights,yes,POOL_GR_WG,2026-09-27T17:58:57.344071+00:00,2026-06,2027-05,11,1268654,1171283,1381772,1092825,1458981
363,Malta,country,MT,tourism_nights,yes,POOL_GR_WG,2026-09-27T17:58:57.344071+00:00,2026-06,2027-06,12,1280269,1182328,1398854,1101291,1484880
432,Marche,region,ITI3,tourism_nights,no,POOL_GR,2026-09-27T17:58:57.344071+00:00,2025-12,2026-01,1,243558,221204,268808,202145,294372
432,Marche,region,ITI3,tourism_nights,no,POOL_GR,2026-09-27T17:58:57.344071+00:00,2025-12,2026-02,2,236892,214328,262293,196937,287114
432,Marche,region,ITI3,tourism_nights,no,POOL_GR,2026-09-27T17:58:57.344071+00:00,2025-12,2026-03,3,290865,262561,323210,240515,355140
432,Marche,region,ITI3,tourism_nights,no,POOL_GR,2026-09-27T17:58:57.344071+00:00,2025-12,2026-04,4,487045,438697,541855,402425,595170
432,Marche,region,ITI3,tourism_nights,no,POOL_GR,2026-09-27T17:58:57.344071+00:00,2025-12,2026-05,5,690235,621025,769817,568232,846937
432,Marche,region,ITI3,tourism_nights,no,POOL_GR,2026-09-27T17:58:57.344071+00:00,2025-12,2026-06,6,1674164,1505089,1867762,1375191,2059259
432,Marche,region,ITI3,tourism_nights,no,POOL_GR,2026-09-27T17:58:57.344071+00:00,2025-12,2026-07,7,2688160,2413523,3008323,2195854,3316433
432,Marche,region,ITI3,tourism_nights,no,POOL_GR,2026-09-27T17:58:57.344071+00:00,2025-12,2026-08,8,3259291,2924779,3644408,2655218,4032430
432,Marche,region,ITI3,tourism_nights,no,POOL_GR,2026-09-27T17:58:57.344071+00:00,2025-12,2026-09,9,1236766,1108210,1384887,1006927,1533041
432,Marche,region,ITI3,tourism_nights,no,POOL_GR,2026-09-27T17:58:57.344071+00:00,2025-12,2026-10,10,464217,415490,520739,378479,580395
432,Marche,region,ITI3,tourism_nights,no,POOL_GR,2026-09-27T17:58:57.344071+00:00,2025-12,2026-11,11,345609,308815,387942,280562,431881
432,Marche,region,ITI3,tourism_nights,no,POOL_GR,2026-09-27T17:58:57.344071+00:00,2025-12,2026-12,12,354927,317002,399088,287615,445144
576,Martinique ,region,FRY2,tourism_nights,no,POOL_GR,2026-09-27T17:58:57.344071+00:00,2025-12,2026-01,1,122730,111465,135453,101861,148335
576,Martinique ,region,FRY2,tourism_nights,no,POOL_GR,2026-09-27T17:58:57.344071+00:00,2025-12,2026-02,2,122970,111257,136156,102230,149041
576,Martinique ,region,FRY2,tourism_nights,no,POOL_GR,2026-09-27T17:58:57.344071+00:00,2025-12,2026-03,3,122986,111018,136662,101696,150163
576,Martinique ,region,FRY2,tourism_nights,no,POOL_GR,2026-09-27T17:58:57.344071+00:00,2025-12,2026-04,4,106365,95806,118335,87885,129978
576,Martinique ,region,FRY2,tourism_nights,no,POOL_GR,2026-09-27T17:58:57.344071+00:00,2025-12,2026-05,5,80549,72472,89836,66311,98836
576,Martinique ,region,FRY2,tourism_nights,no,POOL_GR,2026-09-27T17:58:57.344071+00:00,2025-12,2026-06,6,63683,57252,71048,52311,78332
576,Martinique ,region,FRY2,tourism_nights,no,POOL_GR,2026-09-27T17:58:57.344071+00:00,2025-12,2026-07,7,99068,88946,110867,80925,122222
576,Martinique ,region,FRY2,tourism_nights,no,POOL_GR,2026-09-27T17:58:57.344071+00:00,2025-12,2026-08,8,107056,96068,119705,87214,132450
576,Martinique ,region,FRY2,tourism_nights,no,POOL_GR,2026-09-27T17:58:57.344071+00:00,2025-12,2026-09,9,38389,34399,42987,31255,47585
576,Martinique ,region,FRY2,tourism_nights,no,POOL_GR,2026-09-27T17:58:57.344071+00:00,2025-12,2026-10,10,61204,54779,68656,49900,76521
576,Martinique ,region,FRY2,tourism_nights,no,POOL_GR,2026-09-27T17:58:57.344071+00:00,2025-12,2026-11,11,88937,79469,99831,72198,111138
576,Martinique ,region,FRY2,tourism_nights,no,POOL_GR,2026-09-27T17:58:57.344071+00:00,2025-12,2026-12,12,129067,115276,145126,104589,161874
545,Mazowiecki regionalny,region,PL92,tourism_nights,no,POOL_GR,2026-09-27T17:58:57.344071+00:00,2025-12,2026-01,1,119828,108829,132250,99453,144827
545,Mazowiecki regionalny,region,PL92,tourism_nights,no,POOL_GR,2026-09-27T17:58:57.344071+00:00,2025-12,2026-02,2,124496,112638,137845,103498,150890
545,Mazowiecki regionalny,region,PL92,tourism_nights,no,POOL_GR,2026-09-27T17:58:57.344071+00:00,2025-12,2026-03,3,132316,119440,147030,109411,161555
545,Mazowiecki regionalny,region,PL92,tourism_nights,no,POOL_GR,2026-09-27T17:58:57.344071+00:00,2025-12,2026-04,4,129979,117076,144606,107396,158835
545,Mazowiecki regionalny,region,PL92,tourism_nights,no,POOL_GR,2026-09-27T17:58:57.344071+00:00,2025-12,2026-05,5,166842,150113,186079,137352,204720
545,Mazowiecki regionalny,region,PL92,tourism_nights,no,POOL_GR,2026-09-27T17:58:57.344071+00:00,2025-12,2026-06,6,185703,166949,207177,152540,228419
545,Mazowiecki regionalny,region,PL92,tourism_nights,no,POOL_GR,2026-09-27T17:58:57.344071+00:00,2025-12,2026-07,7,221802,199141,248218,181181,273641
545,Mazowiecki regionalny,region,PL92,tourism_nights,no,POOL_GR,2026-09-27T17:58:57.344071+00:00,2025-12,2026-08,8,260880,234105,291705,212529,322763
545,Mazowiecki regionalny,region,PL92,tourism_nights,no,POOL_GR,2026-09-27T17:58:57.344071+00:00,2025-12,2026-09,9,225681,202223,252710,183741,279745
545,Mazowiecki regionalny,region,PL92,tourism_nights,no,POOL_GR,2026-09-27T17:58:57.344071+00:00,2025-12,2026-10,10,206832,185122,232016,168631,258595
545,Mazowiecki regionalny,region,PL92,tourism_nights,no,POOL_GR,2026-09-27T17:58:57.344071+00:00,2025-12,2026-11,11,186854,166962,209742,151687,233498
545,Mazowiecki regionalny,region,PL92,tourism_nights,no,POOL_GR,2026-09-27T17:58:57.344071+00:00,2025-12,2026-12,12,158325,141408,178025,128299,198569
498,Mecklenburg-Vorpommern,region,DE80,tourism_nights,no,POOL_GR,2026-09-27T17:58:57.344071+00:00,2025-12,2026-01,1,803035,729329,886287,666490,970571
498,Mecklenburg-Vorpommern,region,DE80,tourism_nights,no,POOL_GR,2026-09-27T17:58:57.344071+00:00,2025-12,2026-02,2,985921,892011,1091638,819630,1194940
498,Mecklenburg-Vorpommern,region,DE80,tourism_nights,no,POOL_GR,2026-09-27T17:58:57.344071+00:00,2025-12,2026-03,3,1308384,1181064,1453877,1081894,1597507
498,Mecklenburg-Vorpommern,region,DE80,tourism_nights,no,POOL_GR,2026-09-27T17:58:57.344071+00:00,2025-12,2026-04,4,2247065,2024002,2499941,1856658,2745917
498,Mecklenburg-Vorpommern,region,DE80,tourism_nights,no,POOL_GR,2026-09-27T17:58:57.344071+00:00,2025-12,2026-05,5,2784567,2505356,3105616,2292376,3416736
498,Mecklenburg-Vorpommern,region,DE80,tourism_nights,no,POOL_GR,2026-09-27T17:58:57.344071+00:00,2025-12,2026-06,6,3702453,3328538,4130598,3041266,4554100
498,Mecklenburg-Vorpommern,region,DE80,tourism_nights,no,POOL_GR,2026-09-27T17:58:57.344071+00:00,2025-12,2026-07,7,5194538,4663836,5813213,4243218,6408598
498,Mecklenburg-Vorpommern,region,DE80,tourism_nights,no,POOL_GR,2026-09-27T17:58:57.344071+00:00,2025-12,2026-08,8,5510478,4944920,6161595,4489173,6817624
498,Mecklenburg-Vorpommern,region,DE80,tourism_nights,no,POOL_GR,2026-09-27T17:58:57.344071+00:00,2025-12,2026-09,9,3299979,2956959,3695199,2686714,4090509
498,Mecklenburg-Vorpommern,region,DE80,tourism_nights,no,POOL_GR,2026-09-27T17:58:57.344071+00:00,2025-12,2026-10,10,2588347,2316657,2903498,2110293,3236121
498,Mecklenburg-Vorpommern,region,DE80,tourism_nights,no,POOL_GR,2026-09-27T17:58:57.344071+00:00,2025-12,2026-11,11,1069383,955536,1200372,868116,1336327
498,Mecklenburg-Vorpommern,region,DE80,tourism_nights,no,POOL_GR,2026-09-27T17:58:57.344071+00:00,2025-12,2026-12,12,1239474,1107032,1393692,1004406,1554528
618,Mellersta Norrland,region,SE32,tourism_nights,no,POOL_GR,2026-09-27T17:58:57.344071+00:00,2025-12,2026-01,1,212313,192826,234324,176212,256607
618,Mellersta Norrland,region,SE32,tourism_nights,no,POOL_GR,2026-09-27T17:58:57.344071+00:00,2025-12,2026-02,2,279202,252608,309140,232110,338394
618,Mellersta Norrland,region,SE32,tourism_nights,no,POOL_GR,2026-09-27T17:58:57.344071+00:00,2025-12,2026-03,3,261777,236303,290887,216462,319624
618,Mellersta Norrland,region,SE32,tourism_nights,no,POOL_GR,2026-09-27T17:58:57.344071+00:00,2025-12,2026-04,4,212787,191664,236733,175817,260026
618,Mellersta Norrland,region,SE32,tourism_nights,no,POOL_GR,2026-09-27T17:58:57.344071+00:00,2025-12,2026-05,5,195081,175520,217573,160599,239370
618,Mellersta Norrland,region,SE32,tourism_nights,no,POOL_GR,2026-09-27T17:58:57.344071+00:00,2025-12,2026-06,6,313733,282049,350013,257706,385899
618,Mellersta Norrland,region,SE32,tourism_nights,no,POOL_GR,2026-09-27T17:58:57.344071+00:00,2025-12,2026-07,7,674870,605922,755248,551275,832600
618,Mellersta Norrland,region,SE32,tourism_nights,no,POOL_GR,2026-09-27T17:58:57.344071+00:00,2025-12,2026-08,8,384550,345082,429988,313278,475769
618,Mellersta Norrland,region,SE32,tourism_nights,no,POOL_GR,2026-09-27T17:58:57.344071+00:00,2025-12,2026-09,9,216725,194198,242681,176449,268643
618,Mellersta Norrland,region,SE32,tourism_nights,no,POOL_GR,2026-09-27T17:58:57.344071+00:00,2025-12,2026-10,10,185989,166466,208634,151638,232536
618,Mellersta Norrland,region,SE32,tourism_nights,no,POOL_GR,2026-09-27T17:58:57.344071+00:00,2025-12,2026-11,11,155651,139081,174717,126357,194506
618,Mellersta Norrland,region,SE32,tourism_nights,no,POOL_GR,2026-09-27T17:58:57.344071+00:00,2025-12,2026-12,12,203864,182081,229229,165201,255683
534,Midi-Pyrénées,region,FRJ2,tourism_nights,no,POOL_GR,2026-09-27T17:58:57.344071+00:00,2025-12,2026-01,1,714598,649010,788682,593091,863685
534,Midi-Pyrénées,region,FRJ2,tourism_nights,no,POOL_GR,2026-09-27T17:58:57.344071+00:00,2025-12,2026-02,2,876430,792950,970407,728607,1062236
534,Midi-Pyrénées,region,FRJ2,tourism_nights,no,POOL_GR,2026-09-27T17:58:57.344071+00:00,2025-12,2026-03,3,845386,763121,939393,699044,1032196
534,Midi-Pyrénées,region,FRJ2,tourism_nights,no,POOL_GR,2026-09-27T17:58:57.344071+00:00,2025-12,2026-04,4,1233129,1110718,1371900,1018884,1506885
534,Midi-Pyrénées,region,FRJ2,tourism_nights,no,POOL_GR,2026-09-27T17:58:57.344071+00:00,2025-12,2026-05,5,1573951,1416130,1755421,1295745,1931279
534,Midi-Pyrénées,region,FRJ2,tourism_nights,no,POOL_GR,2026-09-27T17:58:57.344071+00:00,2025-12,2026-06,6,1767493,1588992,1971883,1451853,2174056
534,Midi-Pyrénées,region,FRJ2,tourism_nights,no,POOL_GR,2026-09-27T17:58:57.344071+00:00,2025-12,2026-07,7,3133177,2813075,3506341,2559371,3865458
534,Midi-Pyrénées,region,FRJ2,tourism_nights,no,POOL_GR,2026-09-27T17:58:57.344071+00:00,2025-12,2026-08,8,3908275,3507157,4370076,3183921,4835361
534,Midi-Pyrénées,region,FRJ2,tourism_nights,no,POOL_GR,2026-09-27T17:58:57.344071+00:00,2025-12,2026-09,9,1708539,1530943,1913161,1391026,2117830
534,Midi-Pyrénées,region,FRJ2,tourism_nights,no,POOL_GR,2026-09-27T17:58:57.344071+00:00,2025-12,2026-10,10,1272755,1139158,1427723,1037684,1591282
534,Midi-Pyrénées,region,FRJ2,tourism_nights,no,POOL_GR,2026-09-27T17:58:57.344071+00:00,2025-12,2026-11,11,663928,593246,745253,538972,829661
534,Midi-Pyrénées,region,FRJ2,tourism_nights,no,POOL_GR,2026-09-27T17:58:57.344071+00:00,2025-12,2026-12,12,772178,689668,868254,625734,968453
448,Midtjylland,region,DK04,tourism_nights,no,POOL_GR,2026-09-27T17:58:57.344071+00:00,2025-12,2026-01,1,202597,184002,223601,168148,244865
448,Midtjylland,region,DK04,tourism_nights,no,POOL_GR,2026-09-27T17:58:57.344071+00:00,2025-12,2026-02,2,241184,218211,267045,200505,292316
448,Midtjylland,region,DK04,tourism_nights,no,POOL_GR,2026-09-27T17:58:57.344071+00:00,2025-12,2026-03,3,266427,240501,296054,220306,325301
448,Midtjylland,region,DK04,tourism_nights,no,POOL_GR,2026-09-27T17:58:57.344071+00:00,2025-12,2026-04,4,478821,431289,532705,395630,585120
448,Midtjylland,region,DK04,tourism_nights,no,POOL_GR,2026-09-27T17:58:57.344071+00:00,2025-12,2026-05,5,595924,536170,664631,490590,731214
448,Midtjylland,region,DK04,tourism_nights,no,POOL_GR,2026-09-27T17:58:57.344071+00:00,2025-12,2026-06,6,682420,613502,761334,560553,839392
448,Midtjylland,region,DK04,tourism_nights,no,POOL_GR,2026-09-27T17:58:57.344071+00:00,2025-12,2026-07,7,1257728,1129232,1407525,1027390,1551682
448,Midtjylland,region,DK04,tourism_nights,no,POOL_GR,2026-09-27T17:58:57.344071+00:00,2025-12,2026-08,8,975465,875350,1090725,794673,1206855
448,Midtjylland,region,DK04,tourism_nights,no,POOL_GR,2026-09-27T17:58:57.344071+00:00,2025-12,2026-09,9,501420,449300,561473,408237,621539
448,Midtjylland,region,DK04,tourism_nights,no,POOL_GR,2026-09-27T17:58:57.344071+00:00,2025-12,2026-10,10,405708,363122,455106,330776,507243
448,Midtjylland,region,DK04,tourism_nights,no,POOL_GR,2026-09-27T17:58:57.344071+00:00,2025-12,2026-11,11,274813,245556,308475,223091,343413
448,Midtjylland,region,DK04,tourism_nights,no,POOL_GR,2026-09-27T17:58:57.344071+00:00,2025-12,2026-12,12,217176,193970,244197,175988,272378
470,Mittelfranken,region,DE25,tourism_nights,no,POOL_GR,2026-09-27T17:58:57.344071+00:00,2025-12,2026-01,1,462979,420485,510977,384256,559570
470,Mittelfranken,region,DE25,tourism_nights,no,POOL_GR,2026-09-27T17:58:57.344071+00:00,2025-12,2026-02,2,503945,455944,557981,418947,610783
470,Mittelfranken,region,DE25,tourism_nights,no,POOL_GR,2026-09-27T17:58:57.344071+00:00,2025-12,2026-03,3,592508,534851,658395,489941,723439
470,Mittelfranken,region,DE25,tourism_nights,no,POOL_GR,2026-09-27T17:58:57.344071+00:00,2025-12,2026-04,4,702882,633108,781981,580763,858923
470,Mittelfranken,region,DE25,tourism_nights,no,POOL_GR,2026-09-27T17:58:57.344071+00:00,2025-12,2026-05,5,870645,783344,971026,716752,1068303
470,Mittelfranken,region,DE25,tourism_nights,no,POOL_GR,2026-09-27T17:58:57.344071+00:00,2025-12,2026-06,6,945948,850416,1055336,777020,1163538
470,Mittelfranken,region,DE25,tourism_nights,no,POOL_GR,2026-09-27T17:58:57.344071+00:00,2025-12,2026-07,7,1082171,971611,1211059,883984,1335095
470,Mittelfranken,region,DE25,tourism_nights,no,POOL_GR,2026-09-27T17:58:57.344071+00:00,2025-12,2026-08,8,1058395,949769,1183455,862233,1309458
470,Mittelfranken,region,DE25,tourism_nights,no,POOL_GR,2026-09-27T17:58:57.344071+00:00,2025-12,2026-09,9,850304,761918,952140,692284,1054000
470,Mittelfranken,region,DE25,tourism_nights,no,POOL_GR,2026-09-27T17:58:57.344071+00:00,2025-12,2026-10,10,826108,739394,926693,673531,1032855
470,Mittelfranken,region,DE25,tourism_nights,no,POOL_GR,2026-09-27T17:58:57.344071+00:00,2025-12,2026-11,11,635421,567774,713254,515830,794038
470,Mittelfranken,region,DE25,tourism_nights,no,POOL_GR,2026-09-27T17:58:57.344071+00:00,2025-12,2026-12,12,730874,652778,821811,592263,916650
514,Molise,region,ITF2,tourism_nights,no,POOL_GR,2026-09-27T17:58:57.344071+00:00,2025-12,2026-01,1,12937,11750,14278,10737,15636
514,Molise,region,ITF2,tourism_nights,no,POOL_GR,2026-09-27T17:58:57.344071+00:00,2025-12,2026-02,2,13378,12104,14812,11122,16214
514,Molise,region,ITF2,tourism_nights,no,POOL_GR,2026-09-27T17:58:57.344071+00:00,2025-12,2026-03,3,16511,14904,18347,13653,20159
514,Molise,region,ITF2,tourism_nights,no,POOL_GR,2026-09-27T17:58:57.344071+00:00,2025-12,2026-04,4,14196,12787,15794,11730,17348
514,Molise,region,ITF2,tourism_nights,no,POOL_GR,2026-09-27T17:58:57.344071+00:00,2025-12,2026-05,5,29707,26728,33132,24456,36451
514,Molise,region,ITF2,tourism_nights,no,POOL_GR,2026-09-27T17:58:57.344071+00:00,2025-12,2026-06,6,68201,61313,76088,56022,83889
514,Molise,region,ITF2,tourism_nights,no,POOL_GR,2026-09-27T17:58:57.344071+00:00,2025-12,2026-07,7,98657,88578,110408,80589,121715
514,Molise,region,ITF2,tourism_nights,no,POOL_GR,2026-09-27T17:58:57.344071+00:00,2025-12,2026-08,8,143177,128482,160095,116641,177140
514,Molise,region,ITF2,tourism_nights,no,POOL_GR,2026-09-27T17:58:57.344071+00:00,2025-12,2026-09,9,52240,46809,58496,42531,64754
514,Molise,region,ITF2,tourism_nights,no,POOL_GR,2026-09-27T17:58:57.344071+00:00,2025-12,2026-10,10,19172,17159,21506,15631,23970
514,Molise,region,ITF2,tourism_nights,no,POOL_GR,2026-09-27T17:58:57.344071+00:00,2025-12,2026-11,11,13678,12222,15353,11104,17092
514,Molise,region,ITF2,tourism_nights,no,POOL_GR,2026-09-27T17:58:57.344071+00:00,2025-12,2026-12,12,18492,16516,20793,14985,23192
497,Moravskoslezsko,region,CZ08,tourism_nights,no,POOL_GR,2026-09-27T17:58:57.344071+00:00,2025-12,2026-01,1,186322,169221,205638,154641,225194
497,Moravskoslezsko,region,CZ08,tourism_nights,no,POOL_GR,2026-09-27T17:58:57.344071+00:00,2025-12,2026-02,2,201355,182176,222946,167394,244043
497,Moravskoslezsko,region,CZ08,tourism_nights,no,POOL_GR,2026-09-27T17:58:57.344071+00:00,2025-12,2026-03,3,178129,160795,197937,147294,217491
497,Moravskoslezsko,region,CZ08,tourism_nights,no,POOL_GR,2026-09-27T17:58:57.344071+00:00,2025-12,2026-04,4,194376,175080,216250,160605,237528
497,Moravskoslezsko,region,CZ08,tourism_nights,no,POOL_GR,2026-09-27T17:58:57.344071+00:00,2025-12,2026-05,5,261420,235207,291561,215212,320769
497,Moravskoslezsko,region,CZ08,tourism_nights,no,POOL_GR,2026-09-27T17:58:57.344071+00:00,2025-12,2026-06,6,275134,247348,306950,226000,338420
497,Moravskoslezsko,region,CZ08,tourism_nights,no,POOL_GR,2026-09-27T17:58:57.344071+00:00,2025-12,2026-07,7,393540,353334,440411,321468,485518
497,Moravskoslezsko,region,CZ08,tourism_nights,no,POOL_GR,2026-09-27T17:58:57.344071+00:00,2025-12,2026-08,8,392358,352089,438719,319639,485430
497,Moravskoslezsko,region,CZ08,tourism_nights,no,POOL_GR,2026-09-27T17:58:57.344071+00:00,2025-12,2026-09,9,259365,232405,290428,211165,321498
497,Moravskoslezsko,region,CZ08,tourism_nights,no,POOL_GR,2026-09-27T17:58:57.344071+00:00,2025-12,2026-10,10,217623,194780,244120,177429,272087
497,Moravskoslezsko,region,CZ08,tourism_nights,no,POOL_GR,2026-09-27T17:58:57.344071+00:00,2025-12,2026-11,11,175007,156375,196443,142069,218693
497,Moravskoslezsko,region,CZ08,tourism_nights,no,POOL_GR,2026-09-27T17:58:57.344071+00:00,2025-12,2026-12,12,144986,129494,163025,117489,181839
446,Münster,region,DEA3,tourism_nights,no,POOL_GR,2026-09-27T17:58:57.344071+00:00,2025-12,2026-01,1,252078,228941,278211,209216,304669
446,Münster,region,DEA3,tourism_nights,no,POOL_GR,2026-09-27T17:58:57.344071+00:00,2025-12,2026-02,2,269258,243611,298130,223843,326342
446,Münster,region,DEA3,tourism_nights,no,POOL_GR,2026-09-27T17:58:57.344071+00:00,2025-12,2026-03,3,358270,323406,398109,296251,437439
446,Münster,region,DEA3,tourism_nights,no,POOL_GR,2026-09-27T17:58:57.344071+00:00,2025-12,2026-04,4,388234,349694,431924,320782,474422
446,Münster,region,DEA3,tourism_nights,no,POOL_GR,2026-09-27T17:58:57.344071+00:00,2025-12,2026-05,5,509951,458817,568746,419813,625723
446,Münster,region,DEA3,tourism_nights,no,POOL_GR,2026-09-27T17:58:57.344071+00:00,2025-12,2026-06,6,481663,433019,537362,395647,592456
446,Münster,region,DEA3,tourism_nights,no,POOL_GR,2026-09-27T17:58:57.344071+00:00,2025-12,2026-07,7,474214,425766,530694,387367,585047
446,Münster,region,DEA3,tourism_nights,no,POOL_GR,2026-09-27T17:58:57.344071+00:00,2025-12,2026-08,8,508177,456021,568223,413992,628722
446,Münster,region,DEA3,tourism_nights,no,POOL_GR,2026-09-27T17:58:57.344071+00:00,2025-12,2026-09,9,472067,422997,528603,384338,585153
446,Münster,region,DEA3,tourism_nights,no,POOL_GR,2026-09-27T17:58:57.344071+00:00,2025-12,2026-10,10,445630,398854,499889,363325,557156
446,Münster,region,DEA3,tourism_nights,no,POOL_GR,2026-09-27T17:58:57.344071+00:00,2025-12,2026-11,11,367934,328763,413002,298686,459779
446,Münster,region,DEA3,tourism_nights,no,POOL_GR,2026-09-27T17:58:57.344071+00:00,2025-12,2026-12,12,315650,281922,354924,255787,395883
316,Netherlands,country,NL,tourism_nights,yes,POOL_GR_WG,2026-09-27T17:58:57.344071+00:00,2026-06,2026-07,1,17327966,16133354,18633125,14990200,19818869
316,Netherlands,country,NL,tourism_nights,yes,POOL_GR_WG,2026-09-27T17:58:57.344071+00:00,2026-06,2026-08,2,22889128,21337311,24696338,19981501,26198950
316,Netherlands,country,NL,tourism_nights,yes,POOL_GR_WG,2026-09-27T17:58:57.344071+00:00,2026-06,2026-09,3,13317996,12378631,14462522,11621479,15232588
316,Netherlands,country,NL,tourism_nights,yes,POOL_GR_WG,2026-09-27T17:58:57.344071+00:00,2026-06,2026-10,4,13237638,12298314,14355445,11498729,15155726
316,Netherlands,country,NL,tourism_nights,yes,POOL_GR_WG,2026-09-27T17:58:57.344071+00:00,2026-06,2026-11,5,7997401,7422642,8690771,6962797,9171610
316,Netherlands,country,NL,tourism_nights,yes,POOL_GR_WG,2026-09-27T17:58:57.344071+00:00,2026-06,2026-12,6,7773496,7206890,8438596,6722831,8910710
316,Netherlands,country,NL,tourism_nights,yes,POOL_GR_WG,2026-09-27T17:58:57.344071+00:00,2026-06,2027-01,7,6830718,6325228,7427148,5917343,7839992
316,Netherlands,country,NL,tourism_nights,yes,POOL_GR_WG,2026-09-27T17:58:57.344071+00:00,2026-06,2027-02,8,7203567,6661347,7830143,6212791,8284456
316,Netherlands,country,NL,tourism_nights,yes,POOL_GR_WG,2026-09-27T17:58:57.344071+00:00,2026-06,2027-03,9,8385078,7755575,9111698,7256460,9625184
316,Netherlands,country,NL,tourism_nights,yes,POOL_GR_WG,2026-09-27T17:58:57.344071+00:00,2026-06,2027-04,10,13620145,12573614,14861335,11769564,15700791
316,Netherlands,country,NL,tourism_nights,yes,POOL_GR_WG,2026-09-27T17:58:57.344071+00:00,2026-06,2027-05,11,16210457,14966277,17655842,13963773,18642402
316,Netherlands,country,NL,tourism_nights,yes,POOL_GR_WG,2026-09-27T17:58:57.344071+00:00,2026-06,2027-06,12,15019545,13870547,16410724,12919854,17419952
499,Niederbayern,region,DE22,tourism_nights,no,POOL_GR,2026-09-27T17:58:57.344071+00:00,2025-12,2026-01,1,509900,463099,562762,423199,616280
499,Niederbayern,region,DE22,tourism_nights,no,POOL_GR,2026-09-27T17:58:57.344071+00:00,2025-12,2026-02,2,528075,477776,584699,439007,640029
499,Niederbayern,region,DE22,tourism_nights,no,POOL_GR,2026-09-27T17:58:57.344071+00:00,2025-12,2026-03,3,654498,590808,727278,541200,799127
499,Niederbayern,region,DE22,tourism_nights,no,POOL_GR,2026-09-27T17:58:57.344071+00:00,2025-12,2026-04,4,801172,721641,891333,661976,979034
499,Niederbayern,region,DE22,tourism_nights,no,POOL_GR,2026-09-27T17:58:57.344071+00:00,2025-12,2026-05,5,887337,798363,989643,730494,1088786
499,Niederbayern,region,DE22,tourism_nights,no,POOL_GR,2026-09-27T17:58:57.344071+00:00,2025-12,2026-06,6,955979,859434,1066527,785260,1175876
499,Niederbayern,region,DE22,tourism_nights,no,POOL_GR,2026-09-27T17:58:57.344071+00:00,2025-12,2026-07,7,989478,888387,1107325,808266,1220737
499,Niederbayern,region,DE22,tourism_nights,no,POOL_GR,2026-09-27T17:58:57.344071+00:00,2025-12,2026-08,8,1196483,1073684,1337860,974729,1480302
499,Niederbayern,region,DE22,tourism_nights,no,POOL_GR,2026-09-27T17:58:57.344071+00:00,2025-12,2026-09,9,973208,872047,1089764,792348,1206346
499,Niederbayern,region,DE22,tourism_nights,no,POOL_GR,2026-09-27T17:58:57.344071+00:00,2025-12,2026-10,10,912792,816979,1023931,744204,1141232
499,Niederbayern,region,DE22,tourism_nights,no,POOL_GR,2026-09-27T17:58:57.344071+00:00,2025-12,2026-11,11,641950,573608,720583,521130,802197
499,Niederbayern,region,DE22,tourism_nights,no,POOL_GR,2026-09-27T17:58:57.344071+00:00,2025-12,2026-12,12,589129,526179,662429,477400,738876
422,Niederösterreich,region,AT12,tourism_nights,no,POOL_GR,2026-09-27T17:58:57.344071+00:00,2025-12,2026-01,1,382594,347478,422258,317539,462414
422,Niederösterreich,region,AT12,tourism_nights,no,POOL_GR,2026-09-27T17:58:57.344071+00:00,2025-12,2026-02,2,388409,351413,430056,322898,470753
422,Niederösterreich,region,AT12,tourism_nights,no,POOL_GR,2026-09-27T17:58:57.344071+00:00,2025-12,2026-03,3,425576,384163,472901,351906,519619
422,Niederösterreich,region,AT12,tourism_nights,no,POOL_GR,2026-09-27T17:58:57.344071+00:00,2025-12,2026-04,4,516291,465039,574392,426590,630908
422,Niederösterreich,region,AT12,tourism_nights,no,POOL_GR,2026-09-27T17:58:57.344071+00:00,2025-12,2026-05,5,653662,588118,729026,538122,802060
422,Niederösterreich,region,AT12,tourism_nights,no,POOL_GR,2026-09-27T17:58:57.344071+00:00,2025-12,2026-06,6,658849,592311,735037,541191,810398
422,Niederösterreich,region,AT12,tourism_nights,no,POOL_GR,2026-09-27T17:58:57.344071+00:00,2025-12,2026-07,7,723227,649338,809364,590776,892258
422,Niederösterreich,region,AT12,tourism_nights,no,POOL_GR,2026-09-27T17:58:57.344071+00:00,2025-12,2026-08,8,822451,738040,919631,670019,1017545
422,Niederösterreich,region,AT12,tourism_nights,no,POOL_GR,2026-09-27T17:58:57.344071+00:00,2025-12,2026-09,9,654400,586377,732773,532787,811165
422,Niederösterreich,region,AT12,tourism_nights,no,POOL_GR,2026-09-27T17:58:57.344071+00:00,2025-12,2026-10,10,575732,515300,645832,469398,719818
422,Niederösterreich,region,AT12,tourism_nights,no,POOL_GR,2026-09-27T17:58:57.344071+00:00,2025-12,2026-11,11,440261,393390,494188,357400,550161
422,Niederösterreich,region,AT12,tourism_nights,no,POOL_GR,2026-09-27T17:58:57.344071+00:00,2025-12,2026-12,12,435124,388629,489263,352602,545725
552,Noord-Brabant,region,NL41,tourism_nights,no,POOL_GR,2026-09-27T17:58:57.344071+00:00,2025-12,2026-01,1,721325,655119,796106,598674,871815
552,Noord-Brabant,region,NL41,tourism_nights,no,POOL_GR,2026-09-27T17:58:57.344071+00:00,2025-12,2026-02,2,661262,598277,732167,549730,801452
552,Noord-Brabant,region,NL41,tourism_nights,no,POOL_GR,2026-09-27T17:58:57.344071+00:00,2025-12,2026-03,3,797281,719697,885939,659266,973461
552,Noord-Brabant,region,NL41,tourism_nights,no,POOL_GR,2026-09-27T17:58:57.344071+00:00,2025-12,2026-04,4,1274848,1148295,1418314,1053354,1557866
552,Noord-Brabant,region,NL41,tourism_nights,no,POOL_GR,2026-09-27T17:58:57.344071+00:00,2025-12,2026-05,5,1327267,1194181,1480295,1092663,1628591
552,Noord-Brabant,region,NL41,tourism_nights,no,POOL_GR,2026-09-27T17:58:57.344071+00:00,2025-12,2026-06,6,1624993,1460883,1812904,1334800,1998778
552,Noord-Brabant,region,NL41,tourism_nights,no,POOL_GR,2026-09-27T17:58:57.344071+00:00,2025-12,2026-07,7,1752105,1573100,1960782,1431227,2161604
552,Noord-Brabant,region,NL41,tourism_nights,no,POOL_GR,2026-09-27T17:58:57.344071+00:00,2025-12,2026-08,8,2269200,2036304,2537328,1848629,2807479
552,Noord-Brabant,region,NL41,tourism_nights,no,POOL_GR,2026-09-27T17:58:57.344071+00:00,2025-12,2026-09,9,1179911,1057264,1321222,960637,1462566
552,Noord-Brabant,region,NL41,tourism_nights,no,POOL_GR,2026-09-27T17:58:57.344071+00:00,2025-12,2026-10,10,1287442,1152303,1444198,1049658,1609644
552,Noord-Brabant,region,NL41,tourism_nights,no,POOL_GR,2026-09-27T17:58:57.344071+00:00,2025-12,2026-11,11,757853,677171,850682,615219,947032
552,Noord-Brabant,region,NL41,tourism_nights,no,POOL_GR,2026-09-27T17:58:57.344071+00:00,2025-12,2026-12,12,713977,637686,802811,578570,895458
532,Noord-Holland,region,NL32,tourism_nights,no,POOL_GR,2026-09-27T17:58:57.344071+00:00,2025-12,2026-01,1,2464227,2238051,2719698,2045221,2978338
532,Noord-Holland,region,NL32,tourism_nights,no,POOL_GR,2026-09-27T17:58:57.344071+00:00,2025-12,2026-02,2,2402822,2173952,2660468,1997549,2912229
532,Noord-Holland,region,NL32,tourism_nights,no,POOL_GR,2026-09-27T17:58:57.344071+00:00,2025-12,2026-03,3,2943572,2657131,3270900,2434020,3594034
532,Noord-Holland,region,NL32,tourism_nights,no,POOL_GR,2026-09-27T17:58:57.344071+00:00,2025-12,2026-04,4,4061458,3658283,4518518,3355817,4963108
532,Noord-Holland,region,NL32,tourism_nights,no,POOL_GR,2026-09-27T17:58:57.344071+00:00,2025-12,2026-05,5,3790475,3410401,4227500,3120482,4651011
532,Noord-Holland,region,NL32,tourism_nights,no,POOL_GR,2026-09-27T17:58:57.344071+00:00,2025-12,2026-06,6,4050821,3641724,4519251,3327422,4982600
532,Noord-Holland,region,NL32,tourism_nights,no,POOL_GR,2026-09-27T17:58:57.344071+00:00,2025-12,2026-07,7,4338550,3895300,4855276,3543994,5352549
532,Noord-Holland,region,NL32,tourism_nights,no,POOL_GR,2026-09-27T17:58:57.344071+00:00,2025-12,2026-08,8,5009788,4495618,5601743,4081280,6198165
532,Noord-Holland,region,NL32,tourism_nights,no,POOL_GR,2026-09-27T17:58:57.344071+00:00,2025-12,2026-09,9,3611529,3236125,4044061,2940366,4476692
532,Noord-Holland,region,NL32,tourism_nights,no,POOL_GR,2026-09-27T17:58:57.344071+00:00,2025-12,2026-10,10,3724421,3333481,4177898,3036540,4656515
532,Noord-Holland,region,NL32,tourism_nights,no,POOL_GR,2026-09-27T17:58:57.344071+00:00,2025-12,2026-11,11,2798429,2500507,3141209,2271743,3496987
532,Noord-Holland,region,NL32,tourism_nights,no,POOL_GR,2026-09-27T17:58:57.344071+00:00,2025-12,2026-12,12,2628872,2347969,2955961,2130303,3297087
625,Nord-Est,region,RO21,tourism_nights,no,POOL_GR,2026-09-27T17:58:57.344071+00:00,2025-12,2026-01,1,160665,145919,177321,133346,194184
625,Nord-Est,region,RO21,tourism_nights,no,POOL_GR,2026-09-27T17:58:57.344071+00:00,2025-12,2026-02,2,157808,142776,174729,131191,191263
625,Nord-Est,region,RO21,tourism_nights,no,POOL_GR,2026-09-27T17:58:57.344071+00:00,2025-12,2026-03,3,146620,132352,162924,121239,179019
625,Nord-Est,region,RO21,tourism_nights,no,POOL_GR,2026-09-27T17:58:57.344071+00:00,2025-12,2026-04,4,197257,177675,219455,162985,241048
625,Nord-Est,region,RO21,tourism_nights,no,POOL_GR,2026-09-27T17:58:57.344071+00:00,2025-12,2026-05,5,250723,225582,279630,206406,307643
625,Nord-Est,region,RO21,tourism_nights,no,POOL_GR,2026-09-27T17:58:57.344071+00:00,2025-12,2026-06,6,242771,218253,270844,199417,298613
625,Nord-Est,region,RO21,tourism_nights,no,POOL_GR,2026-09-27T17:58:57.344071+00:00,2025-12,2026-07,7,331555,297681,371043,270834,409045
625,Nord-Est,region,RO21,tourism_nights,no,POOL_GR,2026-09-27T17:58:57.344071+00:00,2025-12,2026-08,8,364959,327502,408083,297318,451532
625,Nord-Est,region,RO21,tourism_nights,no,POOL_GR,2026-09-27T17:58:57.344071+00:00,2025-12,2026-09,9,240904,215863,269756,196134,298614
625,Nord-Est,region,RO21,tourism_nights,no,POOL_GR,2026-09-27T17:58:57.344071+00:00,2025-12,2026-10,10,242567,217106,272102,197767,303274
625,Nord-Est,region,RO21,tourism_nights,no,POOL_GR,2026-09-27T17:58:57.344071+00:00,2025-12,2026-11,11,178529,159523,200397,144928,223094
625,Nord-Est,region,RO21,tourism_nights,no,POOL_GR,2026-09-27T17:58:57.344071+00:00,2025-12,2026-12,12,192043,171522,215937,155622,240857
453,Nordjylland,region,DK05,tourism_nights,no,POOL_GR,2026-09-27T17:58:57.344071+00:00,2025-12,2026-01,1,135159,122753,149171,112177,163357
453,Nordjylland,region,DK05,tourism_nights,no,POOL_GR,2026-09-27T17:58:57.344071+00:00,2025-12,2026-02,2,177387,160491,196408,147468,214994
453,Nordjylland,region,DK05,tourism_nights,no,POOL_GR,2026-09-27T17:58:57.344071+00:00,2025-12,2026-03,3,181168,163538,201314,149806,221202
453,Nordjylland,region,DK05,tourism_nights,no,POOL_GR,2026-09-27T17:58:57.344071+00:00,2025-12,2026-04,4,373889,336773,415965,308929,456893
453,Nordjylland,region,DK05,tourism_nights,no,POOL_GR,2026-09-27T17:58:57.344071+00:00,2025-12,2026-05,5,466689,419894,520496,384199,572640
453,Nordjylland,region,DK05,tourism_nights,no,POOL_GR,2026-09-27T17:58:57.344071+00:00,2025-12,2026-06,6,567025,509761,632595,465766,697454
453,Nordjylland,region,DK05,tourism_nights,no,POOL_GR,2026-09-27T17:58:57.344071+00:00,2025-12,2026-07,7,1201691,1078920,1344814,981615,1482548
453,Nordjylland,region,DK05,tourism_nights,no,POOL_GR,2026-09-27T17:58:57.344071+00:00,2025-12,2026-08,8,822141,737762,919285,669767,1017162
453,Nordjylland,region,DK05,tourism_nights,no,POOL_GR,2026-09-27T17:58:57.344071+00:00,2025-12,2026-09,9,438518,392936,491037,357024,543567
453,Nordjylland,region,DK05,tourism_nights,no,POOL_GR,2026-09-27T17:58:57.344071+00:00,2025-12,2026-10,10,324742,290655,364282,264764,406014
453,Nordjylland,region,DK05,tourism_nights,no,POOL_GR,2026-09-27T17:58:57.344071+00:00,2025-12,2026-11,11,197036,176060,221172,159953,246222
453,Nordjylland,region,DK05,tourism_nights,no,POOL_GR,2026-09-27T17:58:57.344071+00:00,2025-12,2026-12,12,165869,148145,186506,134412,208030
486,Nord-Pas de Calais,region,FRE1,tourism_nights,no,POOL_GR,2026-09-27T17:58:57.344071+00:00,2025-12,2026-01,1,466362,423558,514711,387064,563659
486,Nord-Pas de Calais,region,FRE1,tourism_nights,no,POOL_GR,2026-09-27T17:58:57.344071+00:00,2025-12,2026-02,2,498964,451438,552466,414806,604746
486,Nord-Pas de Calais,region,FRE1,tourism_nights,no,POOL_GR,2026-09-27T17:58:57.344071+00:00,2025-12,2026-03,3,591753,534169,657557,489317,722517
486,Nord-Pas de Calais,region,FRE1,tourism_nights,no,POOL_GR,2026-09-27T17:58:57.344071+00:00,2025-12,2026-04,4,842385,758763,937184,696029,1029396
486,Nord-Pas de Calais,region,FRE1,tourism_nights,no,POOL_GR,2026-09-27T17:58:57.344071+00:00,2025-12,2026-05,5,948580,853465,1057948,780912,1163933
486,Nord-Pas de Calais,region,FRE1,tourism_nights,no,POOL_GR,2026-09-27T17:58:57.344071+00:00,2025-12,2026-06,6,960284,863304,1071330,788796,1181171
486,Nord-Pas de Calais,region,FRE1,tourism_nights,no,POOL_GR,2026-09-27T17:58:57.344071+00:00,2025-12,2026-07,7,1180347,1059756,1320927,964180,1456216
486,Nord-Pas de Calais,region,FRE1,tourism_nights,no,POOL_GR,2026-09-27T17:58:57.344071+00:00,2025-12,2026-08,8,1284648,1152800,1436441,1046553,1589380
486,Nord-Pas de Calais,region,FRE1,tourism_nights,no,POOL_GR,2026-09-27T17:58:57.344071+00:00,2025-12,2026-09,9,855739,766788,958226,696709,1060736
486,Nord-Pas de Calais,region,FRE1,tourism_nights,no,POOL_GR,2026-09-27T17:58:57.344071+00:00,2025-12,2026-10,10,757663,678134,849914,617727,947280
486,Nord-Pas de Calais,region,FRE1,tourism_nights,no,POOL_GR,2026-09-27T17:58:57.344071+00:00,2025-12,2026-11,11,571534,510688,641541,463967,714203
486,Nord-Pas de Calais,region,FRE1,tourism_nights,no,POOL_GR,2026-09-27T17:58:57.344071+00:00,2025-12,2026-12,12,610328,545113,686266,494579,765464
622,Nord-Vest,region,RO11,tourism_nights,no,POOL_GR,2026-09-27T17:58:57.344071+00:00,2025-12,2026-01,1,214225,194562,236434,177799,258918
622,Nord-Vest,region,RO11,tourism_nights,no,POOL_GR,2026-09-27T17:58:57.344071+00:00,2025-12,2026-02,2,209948,189951,232460,174537,254458
622,Nord-Vest,region,RO11,tourism_nights,no,POOL_GR,2026-09-27T17:58:57.344071+00:00,2025-12,2026-03,3,210320,189853,233707,173912,256795
622,Nord-Vest,region,RO11,tourism_nights,no,POOL_GR,2026-09-27T17:58:57.344071+00:00,2025-12,2026-04,4,235813,212404,262350,194842,288163
622,Nord-Vest,region,RO11,tourism_nights,no,POOL_GR,2026-09-27T17:58:57.344071+00:00,2025-12,2026-05,5,319283,287268,356095,262848,391769
622,Nord-Vest,region,RO11,tourism_nights,no,POOL_GR,2026-09-27T17:58:57.344071+00:00,2025-12,2026-06,6,357399,321305,398728,293575,439609
622,Nord-Vest,region,RO11,tourism_nights,no,POOL_GR,2026-09-27T17:58:57.344071+00:00,2025-12,2026-07,7,432380,388206,483877,353195,533435
622,Nord-Vest,region,RO11,tourism_nights,no,POOL_GR,2026-09-27T17:58:57.344071+00:00,2025-12,2026-08,8,484989,435213,542295,395102,600034
622,Nord-Vest,region,RO11,tourism_nights,no,POOL_GR,2026-09-27T17:58:57.344071+00:00,2025-12,2026-09,9,348411,312195,390138,283662,431875
622,Nord-Vest,region,RO11,tourism_nights,no,POOL_GR,2026-09-27T17:58:57.344071+00:00,2025-12,2026-10,10,312076,279318,350073,254437,390178
622,Nord-Vest,region,RO11,tourism_nights,no,POOL_GR,2026-09-27T17:58:57.344071+00:00,2025-12,2026-11,11,271465,242565,304717,220373,339230
622,Nord-Vest,region,RO11,tourism_nights,no,POOL_GR,2026-09-27T17:58:57.344071+00:00,2025-12,2026-12,12,245176,218978,275681,198678,307496
623,Norra Mellansverige,region,SE31,tourism_nights,no,POOL_GR,2026-09-27T17:58:57.344071+00:00,2025-12,2026-01,1,478825,434877,528466,397408,578722
623,Norra Mellansverige,region,SE31,tourism_nights,no,POOL_GR,2026-09-27T17:58:57.344071+00:00,2025-12,2026-02,2,567878,513787,628769,472096,688270
623,Norra Mellansverige,region,SE31,tourism_nights,no,POOL_GR,2026-09-27T17:58:57.344071+00:00,2025-12,2026-03,3,492169,444275,546898,406971,600927
623,Norra Mellansverige,region,SE31,tourism_nights,no,POOL_GR,2026-09-27T17:58:57.344071+00:00,2025-12,2026-04,4,372061,335127,413931,307419,454659
623,Norra Mellansverige,region,SE31,tourism_nights,no,POOL_GR,2026-09-27T17:58:57.344071+00:00,2025-12,2026-05,5,438191,394253,488712,360738,537671
623,Norra Mellansverige,region,SE31,tourism_nights,no,POOL_GR,2026-09-27T17:58:57.344071+00:00,2025-12,2026-06,6,684908,615739,764110,562597,842453
623,Norra Mellansverige,region,SE31,tourism_nights,no,POOL_GR,2026-09-27T17:58:57.344071+00:00,2025-12,2026-07,7,1387613,1245847,1552879,1133487,1711924
623,Norra Mellansverige,region,SE31,tourism_nights,no,POOL_GR,2026-09-27T17:58:57.344071+00:00,2025-12,2026-08,8,829940,744760,928005,676120,1026810
623,Norra Mellansverige,region,SE31,tourism_nights,no,POOL_GR,2026-09-27T17:58:57.344071+00:00,2025-12,2026-09,9,382065,342351,427822,311062,473591
623,Norra Mellansverige,region,SE31,tourism_nights,no,POOL_GR,2026-09-27T17:58:57.344071+00:00,2025-12,2026-10,10,317118,283831,355729,258548,396481
623,Norra Mellansverige,region,SE31,tourism_nights,no,POOL_GR,2026-09-27T17:58:57.344071+00:00,2025-12,2026-11,11,265746,237454,298297,215730,332083
623,Norra Mellansverige,region,SE31,tourism_nights,no,POOL_GR,2026-09-27T17:58:57.344071+00:00,2025-12,2026-12,12,374004,334040,420538,303073,469069
548,Norte,region,PT11,tourism_nights,no,POOL_GR,2026-09-27T17:58:57.344071+00:00,2025-12,2026-01,1,713165,647708,787100,591902,861952
548,Norte,region,PT11,tourism_nights,no,POOL_GR,2026-09-27T17:58:57.344071+00:00,2025-12,2026-02,2,798606,722538,884237,663908,967913
548,Norte,region,PT11,tourism_nights,no,POOL_GR,2026-09-27T17:58:57.344071+00:00,2025-12,2026-03,3,1067185,963336,1185856,882448,1303008
548,Norte,region,PT11,tourism_nights,no,POOL_GR,2026-09-27T17:58:57.344071+00:00,2025-12,2026-04,4,1384007,1246619,1539758,1143549,1691259
548,Norte,region,PT11,tourism_nights,no,POOL_GR,2026-09-27T17:58:57.344071+00:00,2025-12,2026-05,5,1568832,1411524,1749711,1291530,1924997
548,Norte,region,PT11,tourism_nights,no,POOL_GR,2026-09-27T17:58:57.344071+00:00,2025-12,2026-06,6,1555810,1398687,1735721,1277972,1913681
548,Norte,region,PT11,tourism_nights,no,POOL_GR,2026-09-27T17:58:57.344071+00:00,2025-12,2026-07,7,1817903,1632176,2034417,1484975,2242780
548,Norte,region,PT11,tourism_nights,no,POOL_GR,2026-09-27T17:58:57.344071+00:00,2025-12,2026-08,8,2250420,2019452,2516329,1833330,2784244
548,Norte,region,PT11,tourism_nights,no,POOL_GR,2026-09-27T17:58:57.344071+00:00,2025-12,2026-09,9,1685230,1510057,1887061,1372049,2088938
548,Norte,region,PT11,tourism_nights,no,POOL_GR,2026-09-27T17:58:57.344071+00:00,2025-12,2026-10,10,1473152,1318520,1652519,1201068,1841831
548,Norte,region,PT11,tourism_nights,no,POOL_GR,2026-09-27T17:58:57.344071+00:00,2025-12,2026-11,11,1028016,918573,1153938,834535,1284634
548,Norte,region,PT11,tourism_nights,no,POOL_GR,2026-09-27T17:58:57.344071+00:00,2025-12,2026-12,12,931368,831848,1047250,754733,1168106
579,Northern and Western,region,IE04,tourism_nights,no,POOL_GR,2026-09-27T17:58:57.344071+00:00,2025-12,2026-01,1,445980,405047,492216,370148,539025
579,Northern and Western,region,IE04,tourism_nights,no,POOL_GR,2026-09-27T17:58:57.344071+00:00,2025-12,2026-02,2,584782,529081,647486,486150,708758
579,Northern and Western,region,IE04,tourism_nights,no,POOL_GR,2026-09-27T17:58:57.344071+00:00,2025-12,2026-03,3,836086,754726,929060,691354,1020842
579,Northern and Western,region,IE04,tourism_nights,no,POOL_GR,2026-09-27T17:58:57.344071+00:00,2025-12,2026-04,4,768899,692571,855427,635310,939595
579,Northern and Western,region,IE04,tourism_nights,no,POOL_GR,2026-09-27T17:58:57.344071+00:00,2025-12,2026-05,5,1149464,1034206,1281992,946288,1410422
579,Northern and Western,region,IE04,tourism_nights,no,POOL_GR,2026-09-27T17:58:57.344071+00:00,2025-12,2026-06,6,1606108,1443905,1791835,1319288,1975548
579,Northern and Western,region,IE04,tourism_nights,no,POOL_GR,2026-09-27T17:58:57.344071+00:00,2025-12,2026-07,7,1881814,1689558,2105941,1537182,2321629
579,Northern and Western,region,IE04,tourism_nights,no,POOL_GR,2026-09-27T17:58:57.344071+00:00,2025-12,2026-08,8,1547011,1388237,1729806,1260290,1913979
579,Northern and Western,region,IE04,tourism_nights,no,POOL_GR,2026-09-27T17:58:57.344071+00:00,2025-12,2026-09,9,1239814,1110941,1388300,1009408,1536819
579,Northern and Western,region,IE04,tourism_nights,no,POOL_GR,2026-09-27T17:58:57.344071+00:00,2025-12,2026-10,10,1097136,981973,1230720,894501,1371711
579,Northern and Western,region,IE04,tourism_nights,no,POOL_GR,2026-09-27T17:58:57.344071+00:00,2025-12,2026-11,11,565787,505553,635090,459301,707021
579,Northern and Western,region,IE04,tourism_nights,no,POOL_GR,2026-09-27T17:58:57.344071+00:00,2025-12,2026-12,12,611716,546353,687827,495704,767205
439,Notio Aigaio,region,EL42,tourism_nights,no,POOL_GR,2026-09-27T17:58:57.344071+00:00,2025-12,2026-01,1,111264,101052,122799,92345,134477
439,Notio Aigaio,region,EL42,tourism_nights,no,POOL_GR,2026-09-27T17:58:57.344071+00:00,2025-12,2026-02,2,126688,114621,140273,105320,153547
439,Notio Aigaio,region,EL42,tourism_nights,no,POOL_GR,2026-09-27T17:58:57.344071+00:00,2025-12,2026-03,3,358727,323819,398618,296629,437998
439,Notio Aigaio,region,EL42,tourism_nights,no,POOL_GR,2026-09-27T17:58:57.344071+00:00,2025-12,2026-04,4,1658807,1494139,1845482,1370604,2027064
439,Notio Aigaio,region,EL42,tourism_nights,no,POOL_GR,2026-09-27T17:58:57.344071+00:00,2025-12,2026-05,5,4835945,4351040,5393508,3981158,5933829
439,Notio Aigaio,region,EL42,tourism_nights,no,POOL_GR,2026-09-27T17:58:57.344071+00:00,2025-12,2026-06,6,6970690,6266713,7776768,5725859,8574104
439,Notio Aigaio,region,EL42,tourism_nights,no,POOL_GR,2026-09-27T17:58:57.344071+00:00,2025-12,2026-07,7,8821078,7919869,9871677,7205599,10882727
439,Notio Aigaio,region,EL42,tourism_nights,no,POOL_GR,2026-09-27T17:58:57.344071+00:00,2025-12,2026-08,8,9377870,8415390,10485957,7639788,11602404
439,Notio Aigaio,region,EL42,tourism_nights,no,POOL_GR,2026-09-27T17:58:57.344071+00:00,2025-12,2026-09,9,6674161,5980409,7473488,5433841,8272996
439,Notio Aigaio,region,EL42,tourism_nights,no,POOL_GR,2026-09-27T17:58:57.344071+00:00,2025-12,2026-10,10,3466454,3102591,3888521,2826218,4333988
439,Notio Aigaio,region,EL42,tourism_nights,no,POOL_GR,2026-09-27T17:58:57.344071+00:00,2025-12,2026-11,11,293475,262232,329423,238241,366734
439,Notio Aigaio,region,EL42,tourism_nights,no,POOL_GR,2026-09-27T17:58:57.344071+00:00,2025-12,2026-12,12,196566,175563,221024,159287,246530
569,Nyugat-Dunántúl,region,HU22,tourism_nights,no,POOL_GR,2026-09-27T17:58:57.344071+00:00,2025-12,2026-01,1,317301,288178,350196,263349,383500
569,Nyugat-Dunántúl,region,HU22,tourism_nights,no,POOL_GR,2026-09-27T17:58:57.344071+00:00,2025-12,2026-02,2,353420,319757,391316,293810,428347
569,Nyugat-Dunántúl,region,HU22,tourism_nights,no,POOL_GR,2026-09-27T17:58:57.344071+00:00,2025-12,2026-03,3,377978,341197,420010,312548,461503
569,Nyugat-Dunántúl,region,HU22,tourism_nights,no,POOL_GR,2026-09-27T17:58:57.344071+00:00,2025-12,2026-04,4,444544,400414,494571,367308,543233
569,Nyugat-Dunántúl,region,HU22,tourism_nights,no,POOL_GR,2026-09-27T17:58:57.344071+00:00,2025-12,2026-05,5,494858,445238,551913,407389,607204
569,Nyugat-Dunántúl,region,HU22,tourism_nights,no,POOL_GR,2026-09-27T17:58:57.344071+00:00,2025-12,2026-06,6,547957,492618,611321,450102,673999
569,Nyugat-Dunántúl,region,HU22,tourism_nights,no,POOL_GR,2026-09-27T17:58:57.344071+00:00,2025-12,2026-07,7,743734,667750,832313,607527,917558
569,Nyugat-Dunántúl,region,HU22,tourism_nights,no,POOL_GR,2026-09-27T17:58:57.344071+00:00,2025-12,2026-08,8,813578,730078,909710,662790,1006567
569,Nyugat-Dunántúl,region,HU22,tourism_nights,no,POOL_GR,2026-09-27T17:58:57.344071+00:00,2025-12,2026-09,9,500966,448893,560964,407867,620976
569,Nyugat-Dunántúl,region,HU22,tourism_nights,no,POOL_GR,2026-09-27T17:58:57.344071+00:00,2025-12,2026-10,10,526547,471277,590658,429297,658324
569,Nyugat-Dunántúl,region,HU22,tourism_nights,no,POOL_GR,2026-09-27T17:58:57.344071+00:00,2025-12,2026-11,11,414114,370027,464839,336174,517487
569,Nyugat-Dunántúl,region,HU22,tourism_nights,no,POOL_GR,2026-09-27T17:58:57.344071+00:00,2025-12,2026-12,12,376228,336026,423038,304876,471858
495,Oberbayern,region,DE21,tourism_nights,no,POOL_GR,2026-09-27T17:58:57.344071+00:00,2025-12,2026-01,1,2597669,2359245,2866973,2155972,3139619
495,Oberbayern,region,DE21,tourism_nights,no,POOL_GR,2026-09-27T17:58:57.344071+00:00,2025-12,2026-02,2,2527414,2286677,2798420,2101127,3063235
495,Oberbayern,region,DE21,tourism_nights,no,POOL_GR,2026-09-27T17:58:57.344071+00:00,2025-12,2026-03,3,2719127,2454527,3021496,2248428,3319992
495,Oberbayern,region,DE21,tourism_nights,no,POOL_GR,2026-09-27T17:58:57.344071+00:00,2025-12,2026-04,4,3451837,3109177,3840292,2852111,4218150
495,Oberbayern,region,DE21,tourism_nights,no,POOL_GR,2026-09-27T17:58:57.344071+00:00,2025-12,2026-05,5,3912066,3519800,4363111,3220582,4800207
495,Oberbayern,region,DE21,tourism_nights,no,POOL_GR,2026-09-27T17:58:57.344071+00:00,2025-12,2026-06,6,4305160,3870378,4803001,3536342,5295444
495,Oberbayern,region,DE21,tourism_nights,no,POOL_GR,2026-09-27T17:58:57.344071+00:00,2025-12,2026-07,7,5137986,4613062,5749926,4197023,6338829
495,Oberbayern,region,DE21,tourism_nights,no,POOL_GR,2026-09-27T17:58:57.344071+00:00,2025-12,2026-08,8,5197611,4664164,5811759,4234293,6430542
495,Oberbayern,region,DE21,tourism_nights,no,POOL_GR,2026-09-27T17:58:57.344071+00:00,2025-12,2026-09,9,4524447,4054149,5066315,3683628,5608306
495,Oberbayern,region,DE21,tourism_nights,no,POOL_GR,2026-09-27T17:58:57.344071+00:00,2025-12,2026-10,10,4108062,3676852,4608250,3349325,5136169
495,Oberbayern,region,DE21,tourism_nights,no,POOL_GR,2026-09-27T17:58:57.344071+00:00,2025-12,2026-11,11,2761843,2467816,3100142,2242042,3451268
495,Oberbayern,region,DE21,tourism_nights,no,POOL_GR,2026-09-27T17:58:57.344071+00:00,2025-12,2026-12,12,3298093,2945681,3708447,2672606,4136413
465,Oberfranken,region,DE24,tourism_nights,no,POOL_GR,2026-09-27T17:58:57.344071+00:00,2025-12,2026-01,1,201629,183122,222532,167345,243694
465,Oberfranken,region,DE24,tourism_nights,no,POOL_GR,2026-09-27T17:58:57.344071+00:00,2025-12,2026-02,2,217504,196787,240826,180819,263616
465,Oberfranken,region,DE24,tourism_nights,no,POOL_GR,2026-09-27T17:58:57.344071+00:00,2025-12,2026-03,3,278010,250957,308925,229885,339444
465,Oberfranken,region,DE24,tourism_nights,no,POOL_GR,2026-09-27T17:58:57.344071+00:00,2025-12,2026-04,4,387316,348868,430903,320023,473301
465,Oberfranken,region,DE24,tourism_nights,no,POOL_GR,2026-09-27T17:58:57.344071+00:00,2025-12,2026-05,5,488881,439861,545247,402468,599870
465,Oberfranken,region,DE24,tourism_nights,no,POOL_GR,2026-09-27T17:58:57.344071+00:00,2025-12,2026-06,6,485722,436669,541890,398982,597449
465,Oberfranken,region,DE24,tourism_nights,no,POOL_GR,2026-09-27T17:58:57.344071+00:00,2025-12,2026-07,7,521002,467773,583053,425586,642769
465,Oberfranken,region,DE24,tourism_nights,no,POOL_GR,2026-09-27T17:58:57.344071+00:00,2025-12,2026-08,8,559208,501815,625284,455565,691859
465,Oberfranken,region,DE24,tourism_nights,no,POOL_GR,2026-09-27T17:58:57.344071+00:00,2025-12,2026-09,9,466762,418244,522663,380019,578577
465,Oberfranken,region,DE24,tourism_nights,no,POOL_GR,2026-09-27T17:58:57.344071+00:00,2025-12,2026-10,10,438865,392798,492300,357809,548697
465,Oberfranken,region,DE24,tourism_nights,no,POOL_GR,2026-09-27T17:58:57.344071+00:00,2025-12,2026-11,11,280252,250416,314580,227507,350210
465,Oberfranken,region,DE24,tourism_nights,no,POOL_GR,2026-09-27T17:58:57.344071+00:00,2025-12,2026-12,12,261273,233355,293781,211722,327684
416,Oberösterreich,region,AT31,tourism_nights,no,POOL_GR,2026-09-27T17:58:57.344071+00:00,2025-12,2026-01,1,482661,438360,532699,400591,583358
416,Oberösterreich,region,AT31,tourism_nights,no,POOL_GR,2026-09-27T17:58:57.344071+00:00,2025-12,2026-02,2,491270,444476,543947,408410,595421
416,Oberösterreich,region,AT31,tourism_nights,no,POOL_GR,2026-09-27T17:58:57.344071+00:00,2025-12,2026-03,3,490734,442980,545304,405784,599175
416,Oberösterreich,region,AT31,tourism_nights,no,POOL_GR,2026-09-27T17:58:57.344071+00:00,2025-12,2026-04,4,573500,516570,638040,473860,700818
416,Oberösterreich,region,AT31,tourism_nights,no,POOL_GR,2026-09-27T17:58:57.344071+00:00,2025-12,2026-05,5,717187,645274,799876,590419,880007
416,Oberösterreich,region,AT31,tourism_nights,no,POOL_GR,2026-09-27T17:58:57.344071+00:00,2025-12,2026-06,6,878931,790167,980570,721971,1081105
416,Oberösterreich,region,AT31,tourism_nights,no,POOL_GR,2026-09-27T17:58:57.344071+00:00,2025-12,2026-07,7,1034944,929209,1158207,845406,1276830
416,Oberösterreich,region,AT31,tourism_nights,no,POOL_GR,2026-09-27T17:58:57.344071+00:00,2025-12,2026-08,8,1128522,1012698,1261868,919363,1396220
416,Oberösterreich,region,AT31,tourism_nights,no,POOL_GR,2026-09-27T17:58:57.344071+00:00,2025-12,2026-09,9,782531,701190,876251,637106,969991
416,Oberösterreich,region,AT31,tourism_nights,no,POOL_GR,2026-09-27T17:58:57.344071+00:00,2025-12,2026-10,10,658397,589287,738561,536794,823171
416,Oberösterreich,region,AT31,tourism_nights,no,POOL_GR,2026-09-27T17:58:57.344071+00:00,2025-12,2026-11,11,473289,422902,531262,384212,591434
416,Oberösterreich,region,AT31,tourism_nights,no,POOL_GR,2026-09-27T17:58:57.344071+00:00,2025-12,2026-12,12,519740,464204,584407,421170,651849
502,Oberpfalz,region,DE23,tourism_nights,no,POOL_GR,2026-09-27T17:58:57.344071+00:00,2025-12,2026-01,1,259629,235799,286545,215483,313795
502,Oberpfalz,region,DE23,tourism_nights,no,POOL_GR,2026-09-27T17:58:57.344071+00:00,2025-12,2026-02,2,273546,247491,302877,227408,331539
502,Oberpfalz,region,DE23,tourism_nights,no,POOL_GR,2026-09-27T17:58:57.344071+00:00,2025-12,2026-03,3,328117,296188,364604,271318,400624
502,Oberpfalz,region,DE23,tourism_nights,no,POOL_GR,2026-09-27T17:58:57.344071+00:00,2025-12,2026-04,4,417468,376026,464448,344937,510146
502,Oberpfalz,region,DE23,tourism_nights,no,POOL_GR,2026-09-27T17:58:57.344071+00:00,2025-12,2026-05,5,477673,429777,532747,393241,586118
502,Oberpfalz,region,DE23,tourism_nights,no,POOL_GR,2026-09-27T17:58:57.344071+00:00,2025-12,2026-06,6,543746,488832,606624,446643,668820
502,Oberpfalz,region,DE23,tourism_nights,no,POOL_GR,2026-09-27T17:58:57.344071+00:00,2025-12,2026-07,7,596673,535714,667738,487400,736127
502,Oberpfalz,region,DE23,tourism_nights,no,POOL_GR,2026-09-27T17:58:57.344071+00:00,2025-12,2026-08,8,674996,605719,754754,549893,835113
502,Oberpfalz,region,DE23,tourism_nights,no,POOL_GR,2026-09-27T17:58:57.344071+00:00,2025-12,2026-09,9,490350,439380,549077,399224,607817
502,Oberpfalz,region,DE23,tourism_nights,no,POOL_GR,2026-09-27T17:58:57.344071+00:00,2025-12,2026-10,10,472749,423126,530310,385435,591062
502,Oberpfalz,region,DE23,tourism_nights,no,POOL_GR,2026-09-27T17:58:57.344071+00:00,2025-12,2026-11,11,327642,292761,367775,265977,409430
502,Oberpfalz,region,DE23,tourism_nights,no,POOL_GR,2026-09-27T17:58:57.344071+00:00,2025-12,2026-12,12,325923,291098,366475,264112,408768
611,Oeste e Vale do Tejo,region,PT1D,tourism_nights,no,POOL_GR,2026-09-27T17:58:57.344071+00:00,2025-12,2026-01,1,150600,136777,166213,124992,182019
611,Oeste e Vale do Tejo,region,PT1D,tourism_nights,no,POOL_GR,2026-09-27T17:58:57.344071+00:00,2025-12,2026-02,2,171008,154720,189345,142165,207263
611,Oeste e Vale do Tejo,region,PT1D,tourism_nights,no,POOL_GR,2026-09-27T17:58:57.344071+00:00,2025-12,2026-03,3,251975,227455,279995,208356,307655
611,Oeste e Vale do Tejo,region,PT1D,tourism_nights,no,POOL_GR,2026-09-27T17:58:57.344071+00:00,2025-12,2026-04,4,345543,311241,384429,285508,422254
611,Oeste e Vale do Tejo,region,PT1D,tourism_nights,no,POOL_GR,2026-09-27T17:58:57.344071+00:00,2025-12,2026-05,5,392073,352760,437278,322772,481084
611,Oeste e Vale do Tejo,region,PT1D,tourism_nights,no,POOL_GR,2026-09-27T17:58:57.344071+00:00,2025-12,2026-06,6,419366,377014,467860,344475,515829
611,Oeste e Vale do Tejo,region,PT1D,tourism_nights,no,POOL_GR,2026-09-27T17:58:57.344071+00:00,2025-12,2026-07,7,555391,498649,621538,453677,685196
611,Oeste e Vale do Tejo,region,PT1D,tourism_nights,no,POOL_GR,2026-09-27T17:58:57.344071+00:00,2025-12,2026-08,8,715491,642058,800034,582883,885214
611,Oeste e Vale do Tejo,region,PT1D,tourism_nights,no,POOL_GR,2026-09-27T17:58:57.344071+00:00,2025-12,2026-09,9,466181,417723,522013,379546,577857
611,Oeste e Vale do Tejo,region,PT1D,tourism_nights,no,POOL_GR,2026-09-27T17:58:57.344071+00:00,2025-12,2026-10,10,387109,346475,434242,315612,483989
611,Oeste e Vale do Tejo,region,PT1D,tourism_nights,no,POOL_GR,2026-09-27T17:58:57.344071+00:00,2025-12,2026-11,11,264594,236425,297004,214795,330643
611,Oeste e Vale do Tejo,region,PT1D,tourism_nights,no,POOL_GR,2026-09-27T17:58:57.344071+00:00,2025-12,2026-12,12,210654,188145,236864,170703,264198
556,Opolskie,region,PL52,tourism_nights,no,POOL_GR,2026-09-27T17:58:57.344071+00:00,2025-12,2026-01,1,44334,40265,48930,36796,53584
556,Opolskie,region,PL52,tourism_nights,no,POOL_GR,2026-09-27T17:58:57.344071+00:00,2025-12,2026-02,2,48452,43837,53648,40280,58724
556,Opolskie,region,PL52,tourism_nights,no,POOL_GR,2026-09-27T17:58:57.344071+00:00,2025-12,2026-03,3,55078,49719,61203,45544,67249
556,Opolskie,region,PL52,tourism_nights,no,POOL_GR,2026-09-27T17:58:57.344071+00:00,2025-12,2026-04,4,67257,60580,74826,55572,82188
556,Opolskie,region,PL52,tourism_nights,no,POOL_GR,2026-09-27T17:58:57.344071+00:00,2025-12,2026-05,5,84949,76431,94743,69933,104234
556,Opolskie,region,PL52,tourism_nights,no,POOL_GR,2026-09-27T17:58:57.344071+00:00,2025-12,2026-06,6,94590,85037,105528,77698,116348
556,Opolskie,region,PL52,tourism_nights,no,POOL_GR,2026-09-27T17:58:57.344071+00:00,2025-12,2026-07,7,108921,97793,121894,88974,134378
556,Opolskie,region,PL52,tourism_nights,no,POOL_GR,2026-09-27T17:58:57.344071+00:00,2025-12,2026-08,8,118217,106084,132185,96307,146259
556,Opolskie,region,PL52,tourism_nights,no,POOL_GR,2026-09-27T17:58:57.344071+00:00,2025-12,2026-09,9,78227,70095,87595,63689,96966
556,Opolskie,region,PL52,tourism_nights,no,POOL_GR,2026-09-27T17:58:57.344071+00:00,2025-12,2026-10,10,70619,63207,79218,57576,88293
556,Opolskie,region,PL52,tourism_nights,no,POOL_GR,2026-09-27T17:58:57.344071+00:00,2025-12,2026-11,11,62855,56163,70554,51025,78545
556,Opolskie,region,PL52,tourism_nights,no,POOL_GR,2026-09-27T17:58:57.344071+00:00,2025-12,2026-12,12,58335,52102,65594,47272,73163
620,Östra Mellansverige,region,SE12,tourism_nights,no,POOL_GR,2026-09-27T17:58:57.344071+00:00,2025-12,2026-01,1,320535,291115,353766,266033,387408
620,Östra Mellansverige,region,SE12,tourism_nights,no,POOL_GR,2026-09-27T17:58:57.344071+00:00,2025-12,2026-02,2,331120,299580,366625,275271,401318
620,Östra Mellansverige,region,SE12,tourism_nights,no,POOL_GR,2026-09-27T17:58:57.344071+00:00,2025-12,2026-03,3,372745,336473,414194,308220,455113
620,Östra Mellansverige,region,SE12,tourism_nights,no,POOL_GR,2026-09-27T17:58:57.344071+00:00,2025-12,2026-04,4,459646,414017,511372,379786,561688
620,Östra Mellansverige,region,SE12,tourism_nights,no,POOL_GR,2026-09-27T17:58:57.344071+00:00,2025-12,2026-05,5,660275,594069,736402,543567,810175
620,Östra Mellansverige,region,SE12,tourism_nights,no,POOL_GR,2026-09-27T17:58:57.344071+00:00,2025-12,2026-06,6,779883,701122,870068,640611,959274
620,Östra Mellansverige,region,SE12,tourism_nights,no,POOL_GR,2026-09-27T17:58:57.344071+00:00,2025-12,2026-07,7,1274110,1143940,1425858,1040772,1571894
620,Östra Mellansverige,region,SE12,tourism_nights,no,POOL_GR,2026-09-27T17:58:57.344071+00:00,2025-12,2026-08,8,904590,811749,1011477,736935,1119169
620,Östra Mellansverige,region,SE12,tourism_nights,no,POOL_GR,2026-09-27T17:58:57.344071+00:00,2025-12,2026-09,9,532018,476717,595735,433148,659466
620,Östra Mellansverige,region,SE12,tourism_nights,no,POOL_GR,2026-09-27T17:58:57.344071+00:00,2025-12,2026-10,10,478604,428367,536878,390209,598382
620,Östra Mellansverige,region,SE12,tourism_nights,no,POOL_GR,2026-09-27T17:58:57.344071+00:00,2025-12,2026-11,11,398544,356115,447362,323535,498031
620,Östra Mellansverige,region,SE12,tourism_nights,no,POOL_GR,2026-09-27T17:58:57.344071+00:00,2025-12,2026-12,12,336255,300325,378093,272484,421726
526,Overijssel,region,NL21,tourism_nights,no,POOL_GR,2026-09-27T17:58:57.344071+00:00,2025-12,2026-01,1,252478,229305,278653,209548,305152
526,Overijssel,region,NL21,tourism_nights,no,POOL_GR,2026-09-27T17:58:57.344071+00:00,2025-12,2026-02,2,243727,220512,269861,202618,295398
526,Overijssel,region,NL21,tourism_nights,no,POOL_GR,2026-09-27T17:58:57.344071+00:00,2025-12,2026-03,3,290002,261782,322250,239801,354086
526,Overijssel,region,NL21,tourism_nights,no,POOL_GR,2026-09-27T17:58:57.344071+00:00,2025-12,2026-04,4,732213,659527,814613,604998,894765
526,Overijssel,region,NL21,tourism_nights,no,POOL_GR,2026-09-27T17:58:57.344071+00:00,2025-12,2026-05,5,870066,782824,970381,716276,1067593
526,Overijssel,region,NL21,tourism_nights,no,POOL_GR,2026-09-27T17:58:57.344071+00:00,2025-12,2026-06,6,1151964,1035626,1285175,946246,1416942
526,Overijssel,region,NL21,tourism_nights,no,POOL_GR,2026-09-27T17:58:57.344071+00:00,2025-12,2026-07,7,1160828,1042231,1299084,948236,1432135
526,Overijssel,region,NL21,tourism_nights,no,POOL_GR,2026-09-27T17:58:57.344071+00:00,2025-12,2026-08,8,1749233,1569704,1955922,1425033,2164170
526,Overijssel,region,NL21,tourism_nights,no,POOL_GR,2026-09-27T17:58:57.344071+00:00,2025-12,2026-09,9,728930,653161,816230,593466,903550
526,Overijssel,region,NL21,tourism_nights,no,POOL_GR,2026-09-27T17:58:57.344071+00:00,2025-12,2026-10,10,713318,638443,800169,581572,891836
526,Overijssel,region,NL21,tourism_nights,no,POOL_GR,2026-09-27T17:58:57.344071+00:00,2025-12,2026-11,11,303812,271468,341026,246632,379651
526,Overijssel,region,NL21,tourism_nights,no,POOL_GR,2026-09-27T17:58:57.344071+00:00,2025-12,2026-12,12,311231,277975,349955,252206,390341
608,Övre Norrland,region,SE33,tourism_nights,no,POOL_GR,2026-09-27T17:58:57.344071+00:00,2025-12,2026-01,1,288911,262394,318863,239786,349187
608,Övre Norrland,region,SE33,tourism_nights,no,POOL_GR,2026-09-27T17:58:57.344071+00:00,2025-12,2026-02,2,358481,324335,396919,298017,434480
608,Övre Norrland,region,SE33,tourism_nights,no,POOL_GR,2026-09-27T17:58:57.344071+00:00,2025-12,2026-03,3,359170,324219,399110,296995,438538
608,Övre Norrland,region,SE33,tourism_nights,no,POOL_GR,2026-09-27T17:58:57.344071+00:00,2025-12,2026-04,4,278686,251021,310048,230267,340554
608,Övre Norrland,region,SE33,tourism_nights,no,POOL_GR,2026-09-27T17:58:57.344071+00:00,2025-12,2026-05,5,323401,290973,360688,266238,396821
608,Övre Norrland,region,SE33,tourism_nights,no,POOL_GR,2026-09-27T17:58:57.344071+00:00,2025-12,2026-06,6,475407,427395,530382,390508,584761
608,Övre Norrland,region,SE33,tourism_nights,no,POOL_GR,2026-09-27T17:58:57.344071+00:00,2025-12,2026-07,7,1023507,918940,1145408,836064,1262720
608,Övre Norrland,region,SE33,tourism_nights,no,POOL_GR,2026-09-27T17:58:57.344071+00:00,2025-12,2026-08,8,549542,493141,614476,447691,679899
608,Övre Norrland,region,SE33,tourism_nights,no,POOL_GR,2026-09-27T17:58:57.344071+00:00,2025-12,2026-09,9,330124,295809,369661,268774,409207
608,Övre Norrland,region,SE33,tourism_nights,no,POOL_GR,2026-09-27T17:58:57.344071+00:00,2025-12,2026-10,10,284300,254458,318915,231791,355450
608,Övre Norrland,region,SE33,tourism_nights,no,POOL_GR,2026-09-27T17:58:57.344071+00:00,2025-12,2026-11,11,249796,223203,280394,202783,312152
608,Övre Norrland,region,SE33,tourism_nights,no,POOL_GR,2026-09-27T17:58:57.344071+00:00,2025-12,2026-12,12,290402,259371,326534,235327,364217
426,País Vasco,region,ES21,tourism_nights,no,POOL_GR,2026-09-27T17:58:57.344071+00:00,2025-12,2026-01,1,470647,427449,519439,390620,568837
426,País Vasco,region,ES21,tourism_nights,no,POOL_GR,2026-09-27T17:58:57.344071+00:00,2025-12,2026-02,2,519167,469716,574836,431602,629233
426,País Vasco,region,ES21,tourism_nights,no,POOL_GR,2026-09-27T17:58:57.344071+00:00,2025-12,2026-03,3,684560,617945,760684,566058,835832
426,País Vasco,region,ES21,tourism_nights,no,POOL_GR,2026-09-27T17:58:57.344071+00:00,2025-12,2026-04,4,901631,812127,1003097,744981,1101795
426,País Vasco,region,ES21,tourism_nights,no,POOL_GR,2026-09-27T17:58:57.344071+00:00,2025-12,2026-05,5,1010622,909286,1127143,831988,1240060
426,País Vasco,region,ES21,tourism_nights,no,POOL_GR,2026-09-27T17:58:57.344071+00:00,2025-12,2026-06,6,1054582,948079,1176532,866254,1297160
426,País Vasco,region,ES21,tourism_nights,no,POOL_GR,2026-09-27T17:58:57.344071+00:00,2025-12,2026-07,7,1338214,1201495,1497596,1093135,1650979
426,País Vasco,region,ES21,tourism_nights,no,POOL_GR,2026-09-27T17:58:57.344071+00:00,2025-12,2026-08,8,1503732,1349399,1681412,1225032,1860433
426,País Vasco,region,ES21,tourism_nights,no,POOL_GR,2026-09-27T17:58:57.344071+00:00,2025-12,2026-09,9,1092377,978829,1223205,889371,1354063
426,País Vasco,region,ES21,tourism_nights,no,POOL_GR,2026-09-27T17:58:57.344071+00:00,2025-12,2026-10,10,957429,856931,1074003,780597,1197040
426,País Vasco,region,ES21,tourism_nights,no,POOL_GR,2026-09-27T17:58:57.344071+00:00,2025-12,2026-11,11,688414,615125,772738,558849,860259
426,País Vasco,region,ES21,tourism_nights,no,POOL_GR,2026-09-27T17:58:57.344071+00:00,2025-12,2026-12,12,607652,542723,683257,492410,762107
543,Panonska Hrvatska,region,HR02,tourism_nights,no,POOL_GR,2026-09-27T17:58:57.344071+00:00,2025-12,2026-01,1,55018,49968,60722,45663,66496
543,Panonska Hrvatska,region,HR02,tourism_nights,no,POOL_GR,2026-09-27T17:58:57.344071+00:00,2025-12,2026-02,2,51411,46514,56924,42740,62311
543,Panonska Hrvatska,region,HR02,tourism_nights,no,POOL_GR,2026-09-27T17:58:57.344071+00:00,2025-12,2026-03,3,66242,59796,73609,54775,80880
543,Panonska Hrvatska,region,HR02,tourism_nights,no,POOL_GR,2026-09-27T17:58:57.344071+00:00,2025-12,2026-04,4,96321,86760,107161,79586,117705
543,Panonska Hrvatska,region,HR02,tourism_nights,no,POOL_GR,2026-09-27T17:58:57.344071+00:00,2025-12,2026-05,5,135531,121942,151158,111575,166300
543,Panonska Hrvatska,region,HR02,tourism_nights,no,POOL_GR,2026-09-27T17:58:57.344071+00:00,2025-12,2026-06,6,146368,131586,163293,120229,180036
543,Panonska Hrvatska,region,HR02,tourism_nights,no,POOL_GR,2026-09-27T17:58:57.344071+00:00,2025-12,2026-07,7,191068,171548,213825,156076,235724
543,Panonska Hrvatska,region,HR02,tourism_nights,no,POOL_GR,2026-09-27T17:58:57.344071+00:00,2025-12,2026-08,8,253015,227047,282911,206121,313032
543,Panonska Hrvatska,region,HR02,tourism_nights,no,POOL_GR,2026-09-27T17:58:57.344071+00:00,2025-12,2026-09,9,149341,133818,167227,121588,185116
543,Panonska Hrvatska,region,HR02,tourism_nights,no,POOL_GR,2026-09-27T17:58:57.344071+00:00,2025-12,2026-10,10,110668,99052,124143,90228,138365
543,Panonska Hrvatska,region,HR02,tourism_nights,no,POOL_GR,2026-09-27T17:58:57.344071+00:00,2025-12,2026-11,11,77298,69068,86766,62750,96593
543,Panonska Hrvatska,region,HR02,tourism_nights,no,POOL_GR,2026-09-27T17:58:57.344071+00:00,2025-12,2026-12,12,60148,53721,67632,48741,75437
507,Pays de la Loire,region,FRG0,tourism_nights,no,POOL_GR,2026-09-27T17:58:57.344071+00:00,2025-12,2026-01,1,579760,526547,639864,481180,700715
507,Pays de la Loire,region,FRG0,tourism_nights,no,POOL_GR,2026-09-27T17:58:57.344071+00:00,2025-12,2026-02,2,628072,568248,695418,522138,761225
507,Pays de la Loire,region,FRG0,tourism_nights,no,POOL_GR,2026-09-27T17:58:57.344071+00:00,2025-12,2026-03,3,737781,665987,819823,610066,900814
507,Pays de la Loire,region,FRG0,tourism_nights,no,POOL_GR,2026-09-27T17:58:57.344071+00:00,2025-12,2026-04,4,2008492,1809112,2234520,1659535,2454381
507,Pays de la Loire,region,FRG0,tourism_nights,no,POOL_GR,2026-09-27T17:58:57.344071+00:00,2025-12,2026-05,5,2418393,2175898,2697223,1990925,2967431
507,Pays de la Loire,region,FRG0,tourism_nights,no,POOL_GR,2026-09-27T17:58:57.344071+00:00,2025-12,2026-06,6,2629426,2363877,2933488,2159861,3234252
507,Pays de la Loire,region,FRG0,tourism_nights,no,POOL_GR,2026-09-27T17:58:57.344071+00:00,2025-12,2026-07,7,5687253,5106213,6364611,4645698,7016470
507,Pays de la Loire,region,FRG0,tourism_nights,no,POOL_GR,2026-09-27T17:58:57.344071+00:00,2025-12,2026-08,8,6922500,6212022,7740461,5639493,8564593
507,Pays de la Loire,region,FRG0,tourism_nights,no,POOL_GR,2026-09-27T17:58:57.344071+00:00,2025-12,2026-09,9,1989778,1782949,2228082,1619999,2466441
507,Pays de la Loire,region,FRG0,tourism_nights,no,POOL_GR,2026-09-27T17:58:57.344071+00:00,2025-12,2026-10,10,1158758,1037127,1299845,944741,1448755
507,Pays de la Loire,region,FRG0,tourism_nights,no,POOL_GR,2026-09-27T17:58:57.344071+00:00,2025-12,2026-11,11,674635,602813,757271,547663,843040
507,Pays de la Loire,region,FRG0,tourism_nights,no,POOL_GR,2026-09-27T17:58:57.344071+00:00,2025-12,2026-12,12,641988,573389,721865,520234,805170
445,Peloponnisos,region,EL65,tourism_nights,no,POOL_GR,2026-09-27T17:58:57.344071+00:00,2025-12,2026-01,1,120600,109531,133102,100093,145760
445,Peloponnisos,region,EL65,tourism_nights,no,POOL_GR,2026-09-27T17:58:57.344071+00:00,2025-12,2026-02,2,120700,109203,133642,100342,146289
445,Peloponnisos,region,EL65,tourism_nights,no,POOL_GR,2026-09-27T17:58:57.344071+00:00,2025-12,2026-03,3,245745,221831,273072,203205,300049
445,Peloponnisos,region,EL65,tourism_nights,no,POOL_GR,2026-09-27T17:58:57.344071+00:00,2025-12,2026-04,4,440571,396836,490151,364026,538378
445,Peloponnisos,region,EL65,tourism_nights,no,POOL_GR,2026-09-27T17:58:57.344071+00:00,2025-12,2026-05,5,530382,477201,591533,436634,650793
445,Peloponnisos,region,EL65,tourism_nights,no,POOL_GR,2026-09-27T17:58:57.344071+00:00,2025-12,2026-06,6,813504,731347,907576,668228,1000628
445,Peloponnisos,region,EL65,tourism_nights,no,POOL_GR,2026-09-27T17:58:57.344071+00:00,2025-12,2026-07,7,1186668,1065432,1328002,969344,1464015
445,Peloponnisos,region,EL65,tourism_nights,no,POOL_GR,2026-09-27T17:58:57.344071+00:00,2025-12,2026-08,8,1482915,1330719,1658136,1208073,1834678
445,Peloponnisos,region,EL65,tourism_nights,no,POOL_GR,2026-09-27T17:58:57.344071+00:00,2025-12,2026-09,9,842476,754904,943375,685911,1044297
445,Peloponnisos,region,EL65,tourism_nights,no,POOL_GR,2026-09-27T17:58:57.344071+00:00,2025-12,2026-10,10,402819,360536,451865,328420,503630
445,Peloponnisos,region,EL65,tourism_nights,no,POOL_GR,2026-09-27T17:58:57.344071+00:00,2025-12,2026-11,11,157651,140867,176961,127980,197004
445,Peloponnisos,region,EL65,tourism_nights,no,POOL_GR,2026-09-27T17:58:57.344071+00:00,2025-12,2026-12,12,150155,134111,168838,121678,188322
587,Península de Setúbal,region,PT1B,tourism_nights,no,POOL_GR,2026-09-27T17:58:57.344071+00:00,2025-12,2026-01,1,100914,91651,111375,83755,121967
587,Península de Setúbal,region,PT1B,tourism_nights,no,POOL_GR,2026-09-27T17:58:57.344071+00:00,2025-12,2026-02,2,111960,101296,123965,93076,135696
587,Península de Setúbal,region,PT1B,tourism_nights,no,POOL_GR,2026-09-27T17:58:57.344071+00:00,2025-12,2026-03,3,146306,132068,162575,120979,178636
587,Península de Setúbal,region,PT1B,tourism_nights,no,POOL_GR,2026-09-27T17:58:57.344071+00:00,2025-12,2026-04,4,181318,163318,201722,149815,221570
587,Península de Setúbal,region,PT1B,tourism_nights,no,POOL_GR,2026-09-27T17:58:57.344071+00:00,2025-12,2026-05,5,208536,187626,232579,171676,255879
587,Península de Setúbal,region,PT1B,tourism_nights,no,POOL_GR,2026-09-27T17:58:57.344071+00:00,2025-12,2026-06,6,237233,213275,264667,194868,291802
587,Península de Setúbal,region,PT1B,tourism_nights,no,POOL_GR,2026-09-27T17:58:57.344071+00:00,2025-12,2026-07,7,323602,290541,362144,264338,399234
587,Península de Setúbal,region,PT1B,tourism_nights,no,POOL_GR,2026-09-27T17:58:57.344071+00:00,2025-12,2026-08,8,421500,378240,471304,343380,521485
587,Península de Setúbal,region,PT1B,tourism_nights,no,POOL_GR,2026-09-27T17:58:57.344071+00:00,2025-12,2026-09,9,279225,250201,312666,227334,346115
587,Península de Setúbal,region,PT1B,tourism_nights,no,POOL_GR,2026-09-27T17:58:57.344071+00:00,2025-12,2026-10,10,217451,194626,243927,177289,271871
587,Península de Setúbal,region,PT1B,tourism_nights,no,POOL_GR,2026-09-27T17:58:57.344071+00:00,2025-12,2026-11,11,130979,117035,147023,106328,163675
587,Península de Setúbal,region,PT1B,tourism_nights,no,POOL_GR,2026-09-27T17:58:57.344071+00:00,2025-12,2026-12,12,112106,100127,126055,90845,140602
563,Pest,region,HU12,tourism_nights,no,POOL_GR,2026-09-27T17:58:57.344071+00:00,2025-12,2026-01,1,87311,79297,96362,72465,105526
563,Pest,region,HU12,tourism_nights,no,POOL_GR,2026-09-27T17:58:57.344071+00:00,2025-12,2026-02,2,87441,79113,96817,72693,105979
563,Pest,region,HU12,tourism_nights,no,POOL_GR,2026-09-27T17:58:57.344071+00:00,2025-12,2026-03,3,96059,86711,106740,79430,117285
563,Pest,region,HU12,tourism_nights,no,POOL_GR,2026-09-27T17:58:57.344071+00:00,2025-12,2026-04,4,124355,112011,138350,102750,151962
563,Pest,region,HU12,tourism_nights,no,POOL_GR,2026-09-27T17:58:57.344071+00:00,2025-12,2026-05,5,145098,130549,161827,119451,178039
563,Pest,region,HU12,tourism_nights,no,POOL_GR,2026-09-27T17:58:57.344071+00:00,2025-12,2026-06,6,156724,140896,174847,128736,192774
563,Pest,region,HU12,tourism_nights,no,POOL_GR,2026-09-27T17:58:57.344071+00:00,2025-12,2026-07,7,197132,176992,220610,161029,243205
563,Pest,region,HU12,tourism_nights,no,POOL_GR,2026-09-27T17:58:57.344071+00:00,2025-12,2026-08,8,214716,192679,240087,174921,265649
563,Pest,region,HU12,tourism_nights,no,POOL_GR,2026-09-27T17:58:57.344071+00:00,2025-12,2026-09,9,139346,124862,156035,113450,172727
563,Pest,region,HU12,tourism_nights,no,POOL_GR,2026-09-27T17:58:57.344071+00:00,2025-12,2026-10,10,138587,124040,155461,112991,173271
563,Pest,region,HU12,tourism_nights,no,POOL_GR,2026-09-27T17:58:57.344071+00:00,2025-12,2026-11,11,109048,97439,122405,88524,136269
563,Pest,region,HU12,tourism_nights,no,POOL_GR,2026-09-27T17:58:57.344071+00:00,2025-12,2026-12,12,114585,102342,128842,92854,143711
489,Picardie,region,FRE2,tourism_nights,no,POOL_GR,2026-09-27T17:58:57.344071+00:00,2025-12,2026-01,1,218260,198228,240888,181148,263796
489,Picardie,region,FRE2,tourism_nights,no,POOL_GR,2026-09-27T17:58:57.344071+00:00,2025-12,2026-02,2,265506,240216,293975,220724,321794
489,Picardie,region,FRE2,tourism_nights,no,POOL_GR,2026-09-27T17:58:57.344071+00:00,2025-12,2026-03,3,290211,261970,322483,239973,354341
489,Picardie,region,FRE2,tourism_nights,no,POOL_GR,2026-09-27T17:58:57.344071+00:00,2025-12,2026-04,4,711753,641098,791851,588092,869763
489,Picardie,region,FRE2,tourism_nights,no,POOL_GR,2026-09-27T17:58:57.344071+00:00,2025-12,2026-05,5,754421,678775,841403,621072,925695
489,Picardie,region,FRE2,tourism_nights,no,POOL_GR,2026-09-27T17:58:57.344071+00:00,2025-12,2026-06,6,774516,696297,864079,636202,952672
489,Picardie,region,FRE2,tourism_nights,no,POOL_GR,2026-09-27T17:58:57.344071+00:00,2025-12,2026-07,7,1129629,1014220,1264169,922751,1393645
489,Picardie,region,FRE2,tourism_nights,no,POOL_GR,2026-09-27T17:58:57.344071+00:00,2025-12,2026-08,8,1214658,1089994,1358182,989535,1502788
489,Picardie,region,FRE2,tourism_nights,no,POOL_GR,2026-09-27T17:58:57.344071+00:00,2025-12,2026-09,9,580526,520182,650052,472641,719594
489,Picardie,region,FRE2,tourism_nights,no,POOL_GR,2026-09-27T17:58:57.344071+00:00,2025-12,2026-10,10,522672,467808,586311,426137,653478
489,Picardie,region,FRE2,tourism_nights,no,POOL_GR,2026-09-27T17:58:57.344071+00:00,2025-12,2026-11,11,277414,247881,311395,225203,346664
489,Picardie,region,FRE2,tourism_nights,no,POOL_GR,2026-09-27T17:58:57.344071+00:00,2025-12,2026-12,12,301120,268944,338586,244012,377659
529,Piemonte,region,ITC1,tourism_nights,no,POOL_GR,2026-09-27T17:58:57.344071+00:00,2025-12,2026-01,1,1117308,1014757,1233141,927325,1350411
529,Piemonte,region,ITC1,tourism_nights,no,POOL_GR,2026-09-27T17:58:57.344071+00:00,2025-12,2026-02,2,1118025,1011533,1237907,929453,1355050
529,Piemonte,region,ITC1,tourism_nights,no,POOL_GR,2026-09-27T17:58:57.344071+00:00,2025-12,2026-03,3,1269587,1146043,1410766,1049813,1550136
529,Piemonte,region,ITC1,tourism_nights,no,POOL_GR,2026-09-27T17:58:57.344071+00:00,2025-12,2026-04,4,1477986,1331268,1644313,1221200,1806101
529,Piemonte,region,ITC1,tourism_nights,no,POOL_GR,2026-09-27T17:58:57.344071+00:00,2025-12,2026-05,5,1727375,1554170,1926534,1422050,2119534
529,Piemonte,region,ITC1,tourism_nights,no,POOL_GR,2026-09-27T17:58:57.344071+00:00,2025-12,2026-06,6,1927609,1732938,2150514,1583375,2371002
529,Piemonte,region,ITC1,tourism_nights,no,POOL_GR,2026-09-27T17:58:57.344071+00:00,2025-12,2026-07,7,2647019,2376585,2962282,2162248,3265676
529,Piemonte,region,ITC1,tourism_nights,no,POOL_GR,2026-09-27T17:58:57.344071+00:00,2025-12,2026-08,8,2755316,2472529,3080883,2244649,3408907
529,Piemonte,region,ITC1,tourism_nights,no,POOL_GR,2026-09-27T17:58:57.344071+00:00,2025-12,2026-09,9,1843067,1651488,2063801,1500553,2284585
529,Piemonte,region,ITC1,tourism_nights,no,POOL_GR,2026-09-27T17:58:57.344071+00:00,2025-12,2026-10,10,1410547,1262486,1582292,1150026,1763558
529,Piemonte,region,ITC1,tourism_nights,no,POOL_GR,2026-09-27T17:58:57.344071+00:00,2025-12,2026-11,11,1008099,900776,1131581,818367,1259745
529,Piemonte,region,ITC1,tourism_nights,no,POOL_GR,2026-09-27T17:58:57.344071+00:00,2025-12,2026-12,12,1042351,930973,1172042,844668,1307299
591,Podkarpackie,region,PL82,tourism_nights,no,POOL_GR,2026-09-27T17:58:57.344071+00:00,2025-12,2026-01,1,210353,191046,232160,174585,254238
591,Podkarpackie,region,PL82,tourism_nights,no,POOL_GR,2026-09-27T17:58:57.344071+00:00,2025-12,2026-02,2,215707,195161,238837,179325,261438
591,Podkarpackie,region,PL82,tourism_nights,no,POOL_GR,2026-09-27T17:58:57.344071+00:00,2025-12,2026-03,3,229936,207561,255505,190133,280747
591,Podkarpackie,region,PL82,tourism_nights,no,POOL_GR,2026-09-27T17:58:57.344071+00:00,2025-12,2026-04,4,220928,198997,245790,182544,269974
591,Podkarpackie,region,PL82,tourism_nights,no,POOL_GR,2026-09-27T17:58:57.344071+00:00,2025-12,2026-05,5,314866,283294,351169,259212,386349
591,Podkarpackie,region,PL82,tourism_nights,no,POOL_GR,2026-09-27T17:58:57.344071+00:00,2025-12,2026-06,6,345083,310233,384988,283458,424460
591,Podkarpackie,region,PL82,tourism_nights,no,POOL_GR,2026-09-27T17:58:57.344071+00:00,2025-12,2026-07,7,465896,418297,521384,380572,574784
591,Podkarpackie,region,PL82,tourism_nights,no,POOL_GR,2026-09-27T17:58:57.344071+00:00,2025-12,2026-08,8,486347,436432,543813,396208,601714
591,Podkarpackie,region,PL82,tourism_nights,no,POOL_GR,2026-09-27T17:58:57.344071+00:00,2025-12,2026-09,9,333621,298942,373577,271621,413541
591,Podkarpackie,region,PL82,tourism_nights,no,POOL_GR,2026-09-27T17:58:57.344071+00:00,2025-12,2026-10,10,295787,264739,331802,241157,369813
591,Podkarpackie,region,PL82,tourism_nights,no,POOL_GR,2026-09-27T17:58:57.344071+00:00,2025-12,2026-11,11,235219,210177,264031,190949,293935
591,Podkarpackie,region,PL82,tourism_nights,no,POOL_GR,2026-09-27T17:58:57.344071+00:00,2025-12,2026-12,12,216323,193208,243239,175297,271309
593,Podlaskie,region,PL84,tourism_nights,no,POOL_GR,2026-09-27T17:58:57.344071+00:00,2025-12,2026-01,1,72378,65735,79882,60071,87478
593,Podlaskie,region,PL84,tourism_nights,no,POOL_GR,2026-09-27T17:58:57.344071+00:00,2025-12,2026-02,2,87941,79564,97370,73108,106585
593,Podlaskie,region,PL84,tourism_nights,no,POOL_GR,2026-09-27T17:58:57.344071+00:00,2025-12,2026-03,3,85606,77275,95125,70787,104523
593,Podlaskie,region,PL84,tourism_nights,no,POOL_GR,2026-09-27T17:58:57.344071+00:00,2025-12,2026-04,4,104528,94151,116291,86367,127733
593,Podlaskie,region,PL84,tourism_nights,no,POOL_GR,2026-09-27T17:58:57.344071+00:00,2025-12,2026-05,5,147079,132331,164036,121082,180470
593,Podlaskie,region,PL84,tourism_nights,no,POOL_GR,2026-09-27T17:58:57.344071+00:00,2025-12,2026-06,6,175557,157827,195858,144206,215939
593,Podlaskie,region,PL84,tourism_nights,no,POOL_GR,2026-09-27T17:58:57.344071+00:00,2025-12,2026-07,7,240486,215916,269128,196444,296692
593,Podlaskie,region,PL84,tourism_nights,no,POOL_GR,2026-09-27T17:58:57.344071+00:00,2025-12,2026-08,8,252570,226648,282414,205759,312483
593,Podlaskie,region,PL84,tourism_nights,no,POOL_GR,2026-09-27T17:58:57.344071+00:00,2025-12,2026-09,9,140278,125697,157078,114209,173883
593,Podlaskie,region,PL84,tourism_nights,no,POOL_GR,2026-09-27T17:58:57.344071+00:00,2025-12,2026-10,10,116705,104455,130914,95150,145912
593,Podlaskie,region,PL84,tourism_nights,no,POOL_GR,2026-09-27T17:58:57.344071+00:00,2025-12,2026-11,11,95700,85512,107422,77689,119589
593,Podlaskie,region,PL84,tourism_nights,no,POOL_GR,2026-09-27T17:58:57.344071+00:00,2025-12,2026-12,12,87315,77985,98179,70756,109509
394,Pohjois- ja Itä-Suomi,region,FI1D,tourism_nights,no,POOL_GR,2026-09-27T17:58:57.344071+00:00,2025-12,2026-01,1,740976,672967,817795,614984,895566
394,Pohjois- ja Itä-Suomi,region,FI1D,tourism_nights,no,POOL_GR,2026-09-27T17:58:57.344071+00:00,2025-12,2026-02,2,874149,790886,967880,726710,1059471
394,Pohjois- ja Itä-Suomi,region,FI1D,tourism_nights,no,POOL_GR,2026-09-27T17:58:57.344071+00:00,2025-12,2026-03,3,843947,761822,937795,697854,1030440
394,Pohjois- ja Itä-Suomi,region,FI1D,tourism_nights,no,POOL_GR,2026-09-27T17:58:57.344071+00:00,2025-12,2026-04,4,496035,446794,551857,409853,606156
394,Pohjois- ja Itä-Suomi,region,FI1D,tourism_nights,no,POOL_GR,2026-09-27T17:58:57.344071+00:00,2025-12,2026-05,5,337337,303512,376231,277711,413922
394,Pohjois- ja Itä-Suomi,region,FI1D,tourism_nights,no,POOL_GR,2026-09-27T17:58:57.344071+00:00,2025-12,2026-06,6,663033,596073,739705,544628,815546
394,Pohjois- ja Itä-Suomi,region,FI1D,tourism_nights,no,POOL_GR,2026-09-27T17:58:57.344071+00:00,2025-12,2026-07,7,1056410,948481,1182229,862940,1303312
394,Pohjois- ja Itä-Suomi,region,FI1D,tourism_nights,no,POOL_GR,2026-09-27T17:58:57.344071+00:00,2025-12,2026-08,8,669946,601187,749107,545779,828865
394,Pohjois- ja Itä-Suomi,region,FI1D,tourism_nights,no,POOL_GR,2026-09-27T17:58:57.344071+00:00,2025-12,2026-09,9,587623,526542,657999,478420,728391
394,Pohjois- ja Itä-Suomi,region,FI1D,tourism_nights,no,POOL_GR,2026-09-27T17:58:57.344071+00:00,2025-12,2026-10,10,491296,439726,551115,400556,614250
394,Pohjois- ja Itä-Suomi,region,FI1D,tourism_nights,no,POOL_GR,2026-09-27T17:58:57.344071+00:00,2025-12,2026-11,11,499170,446029,560314,405223,623776
394,Pohjois- ja Itä-Suomi,region,FI1D,tourism_nights,no,POOL_GR,2026-09-27T17:58:57.344071+00:00,2025-12,2026-12,12,979961,875249,1101889,794110,1229051
387,Poitou-Charentes,region,FRI3,tourism_nights,no,POOL_GR,2026-09-27T17:58:57.344071+00:00,2025-12,2026-01,1,335294,304520,370055,278282,405247
387,Poitou-Charentes,region,FRI3,tourism_nights,no,POOL_GR,2026-09-27T17:58:57.344071+00:00,2025-12,2026-02,2,441598,399535,488949,367115,535218
387,Poitou-Charentes,region,FRI3,tourism_nights,no,POOL_GR,2026-09-27T17:58:57.344071+00:00,2025-12,2026-03,3,516298,466057,573711,426923,630388
387,Poitou-Charentes,region,FRI3,tourism_nights,no,POOL_GR,2026-09-27T17:58:57.344071+00:00,2025-12,2026-04,4,1432890,1290649,1594141,1183938,1750994
387,Poitou-Charentes,region,FRI3,tourism_nights,no,POOL_GR,2026-09-27T17:58:57.344071+00:00,2025-12,2026-05,5,1580269,1421814,1762467,1300946,1939031
387,Poitou-Charentes,region,FRI3,tourism_nights,no,POOL_GR,2026-09-27T17:58:57.344071+00:00,2025-12,2026-06,6,1782475,1602461,1988597,1464159,2192484
387,Poitou-Charentes,region,FRI3,tourism_nights,no,POOL_GR,2026-09-27T17:58:57.344071+00:00,2025-12,2026-07,7,3825278,3434467,4280873,3124723,4719317
387,Poitou-Charentes,region,FRI3,tourism_nights,no,POOL_GR,2026-09-27T17:58:57.344071+00:00,2025-12,2026-08,8,4710591,4227129,5267194,3837537,5827995
387,Poitou-Charentes,region,FRI3,tourism_nights,no,POOL_GR,2026-09-27T17:58:57.344071+00:00,2025-12,2026-09,9,1492583,1337435,1671341,1215203,1850140
387,Poitou-Charentes,region,FRI3,tourism_nights,no,POOL_GR,2026-09-27T17:58:57.344071+00:00,2025-12,2026-10,10,881200,788703,988493,718447,1101734
387,Poitou-Charentes,region,FRI3,tourism_nights,no,POOL_GR,2026-09-27T17:58:57.344071+00:00,2025-12,2026-11,11,416901,372518,467968,338437,520970
387,Poitou-Charentes,region,FRI3,tourism_nights,no,POOL_GR,2026-09-27T17:58:57.344071+00:00,2025-12,2026-12,12,451970,403676,508205,366254,566854
339,Poland,country,PL,tourism_nights,yes,POOL_GR_WG,2026-09-27T17:58:57.344071+00:00,2026-06,2026-07,1,14394996,13402586,15479240,12452925,16464283
339,Poland,country,PL,tourism_nights,yes,POOL_GR_WG,2026-09-27T17:58:57.344071+00:00,2026-06,2026-08,2,15158228,14130544,16355045,13232665,17350144
339,Poland,country,PL,tourism_nights,yes,POOL_GR_WG,2026-09-27T17:58:57.344071+00:00,2026-06,2026-09,3,9811794,9119734,10655003,8561916,11222336
339,Poland,country,PL,tourism_nights,yes,POOL_GR_WG,2026-09-27T17:58:57.344071+00:00,2026-06,2026-10,4,8409151,7812450,9119233,7304517,9627608
339,Poland,country,PL,tourism_nights,yes,POOL_GR_WG,2026-09-27T17:58:57.344071+00:00,2026-06,2026-11,5,7240459,6720100,7868203,6303779,8303531
339,Poland,country,PL,tourism_nights,yes,POOL_GR_WG,2026-09-27T17:58:57.344071+00:00,2026-06,2026-12,6,7208697,6683258,7825473,6234370,8263284
339,Poland,country,PL,tourism_nights,yes,POOL_GR_WG,2026-09-27T17:58:57.344071+00:00,2026-06,2027-01,7,6756600,6256595,7346559,5853136,7754923
339,Poland,country,PL,tourism_nights,yes,POOL_GR_WG,2026-09-27T17:58:57.344071+00:00,2026-06,2027-02,8,7343538,6790782,7982289,6333511,8445429
339,Poland,country,PL,tourism_nights,yes,POOL_GR_WG,2026-09-27T17:58:57.344071+00:00,2026-06,2027-03,9,6844468,6330626,7437585,5923214,7856727
339,Poland,country,PL,tourism_nights,yes,POOL_GR_WG,2026-09-27T17:58:57.344071+00:00,2026-06,2027-04,10,7444098,6872115,8122470,6432661,8581275
339,Poland,country,PL,tourism_nights,yes,POOL_GR_WG,2026-09-27T17:58:57.344071+00:00,2026-06,2027-05,11,9567222,8832922,10420272,8241255,11002528
339,Poland,country,PL,tourism_nights,yes,POOL_GR_WG,2026-09-27T17:58:57.344071+00:00,2026-06,2027-06,12,10956823,10118624,11971694,9425090,12707931
557,Pomorskie,region,PL63,tourism_nights,no,POOL_GR,2026-09-27T17:58:57.344071+00:00,2025-12,2026-01,1,470308,427142,519066,390339,568428
557,Pomorskie,region,PL63,tourism_nights,no,POOL_GR,2026-09-27T17:58:57.344071+00:00,2025-12,2026-02,2,563609,509925,624043,468547,683096
557,Pomorskie,region,PL63,tourism_nights,no,POOL_GR,2026-09-27T17:58:57.344071+00:00,2025-12,2026-03,3,536487,484281,596145,443618,655039
557,Pomorskie,region,PL63,tourism_nights,no,POOL_GR,2026-09-27T17:58:57.344071+00:00,2025-12,2026-04,4,637975,574644,709770,527133,779607
557,Pomorskie,region,PL63,tourism_nights,no,POOL_GR,2026-09-27T17:58:57.344071+00:00,2025-12,2026-05,5,916662,824748,1022350,754636,1124768
557,Pomorskie,region,PL63,tourism_nights,no,POOL_GR,2026-09-27T17:58:57.344071+00:00,2025-12,2026-06,6,1281607,1152176,1429810,1052737,1576405
557,Pomorskie,region,PL63,tourism_nights,no,POOL_GR,2026-09-27T17:58:57.344071+00:00,2025-12,2026-07,7,2145818,1926590,2401387,1752836,2647335
557,Pomorskie,region,PL63,tourism_nights,no,POOL_GR,2026-09-27T17:58:57.344071+00:00,2025-12,2026-08,8,2168935,1946330,2425216,1766947,2683430
557,Pomorskie,region,PL63,tourism_nights,no,POOL_GR,2026-09-27T17:58:57.344071+00:00,2025-12,2026-09,9,1037332,929505,1161567,844555,1285831
557,Pomorskie,region,PL63,tourism_nights,no,POOL_GR,2026-09-27T17:58:57.344071+00:00,2025-12,2026-10,10,683159,611450,766339,556983,854130
557,Pomorskie,region,PL63,tourism_nights,no,POOL_GR,2026-09-27T17:58:57.344071+00:00,2025-12,2026-11,11,575640,514357,646150,467300,719334
557,Pomorskie,region,PL63,tourism_nights,no,POOL_GR,2026-09-27T17:58:57.344071+00:00,2025-12,2026-12,12,573909,512585,645316,465067,719788
329,Portugal,country,PT,tourism_nights,yes,POOL_GR_WG,2026-09-27T17:58:57.344071+00:00,2026-06,2026-07,1,10756160,10014617,11566324,9305015,12302363
329,Portugal,country,PT,tourism_nights,yes,POOL_GR_WG,2026-09-27T17:58:57.344071+00:00,2026-06,2026-08,2,12863294,11991200,13878915,11229258,14723357
329,Portugal,country,PT,tourism_nights,yes,POOL_GR_WG,2026-09-27T17:58:57.344071+00:00,2026-06,2026-09,3,9561089,8886711,10382753,8343146,10935589
329,Portugal,country,PT,tourism_nights,yes,POOL_GR_WG,2026-09-27T17:58:57.344071+00:00,2026-06,2026-10,4,8489085,7886711,9205916,7373950,9719123
329,Portugal,country,PT,tourism_nights,yes,POOL_GR_WG,2026-09-27T17:58:57.344071+00:00,2026-06,2026-11,5,5542388,5144066,6022910,4825383,6356143
329,Portugal,country,PT,tourism_nights,yes,POOL_GR_WG,2026-09-27T17:58:57.344071+00:00,2026-06,2026-12,6,4697869,4355443,5099818,4062905,5385138
329,Portugal,country,PT,tourism_nights,yes,POOL_GR_WG,2026-09-27T17:58:57.344071+00:00,2026-06,2027-01,7,4148039,3841074,4510229,3593381,4760934
329,Portugal,country,PT,tourism_nights,yes,POOL_GR_WG,2026-09-27T17:58:57.344071+00:00,2026-06,2027-02,8,4589292,4243851,4988475,3958083,5277911
329,Portugal,country,PT,tourism_nights,yes,POOL_GR_WG,2026-09-27T17:58:57.344071+00:00,2026-06,2027-03,9,6136037,5675379,6667763,5310136,7043522
329,Portugal,country,PT,tourism_nights,yes,POOL_GR_WG,2026-09-27T17:58:57.344071+00:00,2026-06,2027-04,10,7920080,7311524,8641828,6843971,9129970
329,Portugal,country,PT,tourism_nights,yes,POOL_GR_WG,2026-09-27T17:58:57.344071+00:00,2026-06,2027-05,11,8896523,8213700,9689771,7663512,10231208
329,Portugal,country,PT,tourism_nights,yes,POOL_GR_WG,2026-09-27T17:58:57.344071+00:00,2026-06,2027-06,12,9200900,8497029,10053129,7914640,10671378
482,Praha,region,CZ01,tourism_nights,no,POOL_GR,2026-09-27T17:58:57.344071+00:00,2025-12,2026-01,1,1144170,1039154,1262788,949621,1382878
482,Praha,region,CZ01,tourism_nights,no,POOL_GR,2026-09-27T17:58:57.344071+00:00,2025-12,2026-02,2,1131068,1023333,1252348,940296,1370858
482,Praha,region,CZ01,tourism_nights,no,POOL_GR,2026-09-27T17:58:57.344071+00:00,2025-12,2026-03,3,1381438,1247010,1535055,1142302,1686704
482,Praha,region,CZ01,tourism_nights,no,POOL_GR,2026-09-27T17:58:57.344071+00:00,2025-12,2026-04,4,1708666,1539049,1900952,1411800,2087992
482,Praha,region,CZ01,tourism_nights,no,POOL_GR,2026-09-27T17:58:57.344071+00:00,2025-12,2026-05,5,1733424,1559612,1933281,1427030,2126956
482,Praha,region,CZ01,tourism_nights,no,POOL_GR,2026-09-27T17:58:57.344071+00:00,2025-12,2026-06,6,1711960,1539067,1909928,1406237,2105749
482,Praha,region,CZ01,tourism_nights,no,POOL_GR,2026-09-27T17:58:57.344071+00:00,2025-12,2026-07,7,1840918,1652840,2060174,1503775,2271175
482,Praha,region,CZ01,tourism_nights,no,POOL_GR,2026-09-27T17:58:57.344071+00:00,2025-12,2026-08,8,1945739,1746042,2175647,1585119,2407290
482,Praha,region,CZ01,tourism_nights,no,POOL_GR,2026-09-27T17:58:57.344071+00:00,2025-12,2026-09,9,1695957,1519669,1899072,1380782,2102234
482,Praha,region,CZ01,tourism_nights,no,POOL_GR,2026-09-27T17:58:57.344071+00:00,2025-12,2026-10,10,1841567,1648264,2065792,1501440,2302448
482,Praha,region,CZ01,tourism_nights,no,POOL_GR,2026-09-27T17:58:57.344071+00:00,2025-12,2026-11,11,1534684,1371301,1722668,1245844,1917779
482,Praha,region,CZ01,tourism_nights,no,POOL_GR,2026-09-27T17:58:57.344071+00:00,2025-12,2026-12,12,1945970,1738037,2188091,1576914,2440602
403,Principado de Asturias,region,ES12,tourism_nights,no,POOL_GR,2026-09-27T17:58:57.344071+00:00,2025-12,2026-01,1,163062,148095,179966,135335,197081
403,Principado de Asturias,region,ES12,tourism_nights,no,POOL_GR,2026-09-27T17:58:57.344071+00:00,2025-12,2026-02,2,182860,165443,202468,152018,221627
403,Principado de Asturias,region,ES12,tourism_nights,no,POOL_GR,2026-09-27T17:58:57.344071+00:00,2025-12,2026-03,3,268921,242752,298825,222369,328346
403,Principado de Asturias,region,ES12,tourism_nights,no,POOL_GR,2026-09-27T17:58:57.344071+00:00,2025-12,2026-04,4,438648,395104,488012,362437,536029
403,Principado de Asturias,region,ES12,tourism_nights,no,POOL_GR,2026-09-27T17:58:57.344071+00:00,2025-12,2026-05,5,459141,413103,512078,377985,563378
403,Principado de Asturias,region,ES12,tourism_nights,no,POOL_GR,2026-09-27T17:58:57.344071+00:00,2025-12,2026-06,6,647331,581957,722187,531730,796232
403,Principado de Asturias,region,ES12,tourism_nights,no,POOL_GR,2026-09-27T17:58:57.344071+00:00,2025-12,2026-07,7,1226251,1100970,1372298,1001677,1512848
403,Principado de Asturias,region,ES12,tourism_nights,no,POOL_GR,2026-09-27T17:58:57.344071+00:00,2025-12,2026-08,8,1565320,1404666,1750277,1275205,1936631
403,Principado de Asturias,region,ES12,tourism_nights,no,POOL_GR,2026-09-27T17:58:57.344071+00:00,2025-12,2026-09,9,728436,652718,815677,593065,902938
403,Principado de Asturias,region,ES12,tourism_nights,no,POOL_GR,2026-09-27T17:58:57.344071+00:00,2025-12,2026-10,10,430392,385216,482796,350901,538105
403,Principado de Asturias,region,ES12,tourism_nights,no,POOL_GR,2026-09-27T17:58:57.344071+00:00,2025-12,2026-11,11,268682,240078,301593,218114,335752
403,Principado de Asturias,region,ES12,tourism_nights,no,POOL_GR,2026-09-27T17:58:57.344071+00:00,2025-12,2026-12,12,254482,227290,286145,206219,319167
417,Prov. Antwerpen,region,BE21,tourism_nights,no,POOL_GR,2026-09-27T17:58:57.344071+00:00,2025-12,2026-01,1,319172,289877,352261,264901,385760
417,Prov. Antwerpen,region,BE21,tourism_nights,no,POOL_GR,2026-09-27T17:58:57.344071+00:00,2025-12,2026-02,2,396464,358700,438975,329594,480515
417,Prov. Antwerpen,region,BE21,tourism_nights,no,POOL_GR,2026-09-27T17:58:57.344071+00:00,2025-12,2026-03,3,440394,397539,489366,364159,537710
417,Prov. Antwerpen,region,BE21,tourism_nights,no,POOL_GR,2026-09-27T17:58:57.344071+00:00,2025-12,2026-04,4,573822,516859,638397,474125,701211
417,Prov. Antwerpen,region,BE21,tourism_nights,no,POOL_GR,2026-09-27T17:58:57.344071+00:00,2025-12,2026-05,5,578605,520588,645315,476332,709963
417,Prov. Antwerpen,region,BE21,tourism_nights,no,POOL_GR,2026-09-27T17:58:57.344071+00:00,2025-12,2026-06,6,546907,491674,610150,449240,672708
417,Prov. Antwerpen,region,BE21,tourism_nights,no,POOL_GR,2026-09-27T17:58:57.344071+00:00,2025-12,2026-07,7,903075,810812,1010632,737687,1114141
417,Prov. Antwerpen,region,BE21,tourism_nights,no,POOL_GR,2026-09-27T17:58:57.344071+00:00,2025-12,2026-08,8,740667,664650,828184,603393,916361
417,Prov. Antwerpen,region,BE21,tourism_nights,no,POOL_GR,2026-09-27T17:58:57.344071+00:00,2025-12,2026-09,9,495611,444094,554967,403507,614337
417,Prov. Antwerpen,region,BE21,tourism_nights,no,POOL_GR,2026-09-27T17:58:57.344071+00:00,2025-12,2026-10,10,584727,523350,655921,476731,731064
417,Prov. Antwerpen,region,BE21,tourism_nights,no,POOL_GR,2026-09-27T17:58:57.344071+00:00,2025-12,2026-11,11,435866,389463,489255,353832,544668
417,Prov. Antwerpen,region,BE21,tourism_nights,no,POOL_GR,2026-09-27T17:58:57.344071+00:00,2025-12,2026-12,12,438772,391888,493365,355558,550301
410,Prov. Brabant wallon,region,BE31,tourism_nights,no,POOL_GR,2026-09-27T17:58:57.344071+00:00,2025-12,2026-01,1,36494,33144,40277,30289,44108
410,Prov. Brabant wallon,region,BE31,tourism_nights,no,POOL_GR,2026-09-27T17:58:57.344071+00:00,2025-12,2026-02,2,39697,35916,43953,33001,48113
410,Prov. Brabant wallon,region,BE31,tourism_nights,no,POOL_GR,2026-09-27T17:58:57.344071+00:00,2025-12,2026-03,3,44159,39862,49070,36515,53918
410,Prov. Brabant wallon,region,BE31,tourism_nights,no,POOL_GR,2026-09-27T17:58:57.344071+00:00,2025-12,2026-04,4,56080,50513,62391,46337,68530
410,Prov. Brabant wallon,region,BE31,tourism_nights,no,POOL_GR,2026-09-27T17:58:57.344071+00:00,2025-12,2026-05,5,60271,54227,67220,49618,73954
410,Prov. Brabant wallon,region,BE31,tourism_nights,no,POOL_GR,2026-09-27T17:58:57.344071+00:00,2025-12,2026-06,6,60963,54806,68013,50076,74986
410,Prov. Brabant wallon,region,BE31,tourism_nights,no,POOL_GR,2026-09-27T17:58:57.344071+00:00,2025-12,2026-07,7,62471,56088,69911,51030,77071
410,Prov. Brabant wallon,region,BE31,tourism_nights,no,POOL_GR,2026-09-27T17:58:57.344071+00:00,2025-12,2026-08,8,65196,58505,72900,53113,80662
410,Prov. Brabant wallon,region,BE31,tourism_nights,no,POOL_GR,2026-09-27T17:58:57.344071+00:00,2025-12,2026-09,9,55227,49486,61841,44964,68457
410,Prov. Brabant wallon,region,BE31,tourism_nights,no,POOL_GR,2026-09-27T17:58:57.344071+00:00,2025-12,2026-10,10,58533,52389,65659,47722,73181
410,Prov. Brabant wallon,region,BE31,tourism_nights,no,POOL_GR,2026-09-27T17:58:57.344071+00:00,2025-12,2026-11,11,47454,42402,53266,38523,59300
410,Prov. Brabant wallon,region,BE31,tourism_nights,no,POOL_GR,2026-09-27T17:58:57.344071+00:00,2025-12,2026-12,12,47222,42176,53098,38266,59225
571,Provence-Alpes-Côte d’Azur,region,FRL0,tourism_nights,no,POOL_GR,2026-09-27T17:58:57.344071+00:00,2025-12,2026-01,1,1956869,1777260,2159741,1624131,2365129
571,Provence-Alpes-Côte d’Azur,region,FRL0,tourism_nights,no,POOL_GR,2026-09-27T17:58:57.344071+00:00,2025-12,2026-02,2,2369632,2143924,2623719,1969957,2872002
571,Provence-Alpes-Côte d’Azur,region,FRL0,tourism_nights,no,POOL_GR,2026-09-27T17:58:57.344071+00:00,2025-12,2026-03,3,2565879,2316192,2851207,2121708,3132879
571,Provence-Alpes-Côte d’Azur,region,FRL0,tourism_nights,no,POOL_GR,2026-09-27T17:58:57.344071+00:00,2025-12,2026-04,4,4531064,4081271,5040971,3743832,5536967
571,Provence-Alpes-Côte d’Azur,region,FRL0,tourism_nights,no,POOL_GR,2026-09-27T17:58:57.344071+00:00,2025-12,2026-05,5,5201098,4679579,5800762,4281768,6381882
571,Provence-Alpes-Côte d’Azur,region,FRL0,tourism_nights,no,POOL_GR,2026-09-27T17:58:57.344071+00:00,2025-12,2026-06,6,6574973,5910960,7335291,5400810,8087364
571,Provence-Alpes-Côte d’Azur,region,FRL0,tourism_nights,no,POOL_GR,2026-09-27T17:58:57.344071+00:00,2025-12,2026-07,7,10108426,9075695,11312350,8257184,12470952
571,Provence-Alpes-Côte d’Azur,region,FRL0,tourism_nights,no,POOL_GR,2026-09-27T17:58:57.344071+00:00,2025-12,2026-08,8,11684096,10484921,13064686,9518581,14455693
571,Provence-Alpes-Côte d’Azur,region,FRL0,tourism_nights,no,POOL_GR,2026-09-27T17:58:57.344071+00:00,2025-12,2026-09,9,6074401,5442992,6801898,4945540,7529561
571,Provence-Alpes-Côte d’Azur,region,FRL0,tourism_nights,no,POOL_GR,2026-09-27T17:58:57.344071+00:00,2025-12,2026-10,10,3872273,3465813,4343751,3157085,4841369
571,Provence-Alpes-Côte d’Azur,region,FRL0,tourism_nights,no,POOL_GR,2026-09-27T17:58:57.344071+00:00,2025-12,2026-11,11,1700414,1519387,1908698,1380382,2124879
571,Provence-Alpes-Côte d’Azur,region,FRL0,tourism_nights,no,POOL_GR,2026-09-27T17:58:57.344071+00:00,2025-12,2026-12,12,2037323,1819629,2290811,1650943,2555177
411,Prov. Hainaut,region,BE32,tourism_nights,no,POOL_GR,2026-09-27T17:58:57.344071+00:00,2025-12,2026-01,1,69069,62730,76230,57325,83479
411,Prov. Hainaut,region,BE32,tourism_nights,no,POOL_GR,2026-09-27T17:58:57.344071+00:00,2025-12,2026-02,2,80180,72543,88777,66656,97178
411,Prov. Hainaut,region,BE32,tourism_nights,no,POOL_GR,2026-09-27T17:58:57.344071+00:00,2025-12,2026-03,3,97969,88435,108863,81010,119618
411,Prov. Hainaut,region,BE32,tourism_nights,no,POOL_GR,2026-09-27T17:58:57.344071+00:00,2025-12,2026-04,4,136002,122501,151307,112373,166195
411,Prov. Hainaut,region,BE32,tourism_nights,no,POOL_GR,2026-09-27T17:58:57.344071+00:00,2025-12,2026-05,5,138514,124625,154484,114030,169960
411,Prov. Hainaut,region,BE32,tourism_nights,no,POOL_GR,2026-09-27T17:58:57.344071+00:00,2025-12,2026-06,6,133131,119686,148526,109356,163754
411,Prov. Hainaut,region,BE32,tourism_nights,no,POOL_GR,2026-09-27T17:58:57.344071+00:00,2025-12,2026-07,7,172072,154492,192566,140559,212288
411,Prov. Hainaut,region,BE32,tourism_nights,no,POOL_GR,2026-09-27T17:58:57.344071+00:00,2025-12,2026-08,8,166848,149724,186563,135925,206427
411,Prov. Hainaut,region,BE32,tourism_nights,no,POOL_GR,2026-09-27T17:58:57.344071+00:00,2025-12,2026-09,9,117164,104986,131196,95391,145232
411,Prov. Hainaut,region,BE32,tourism_nights,no,POOL_GR,2026-09-27T17:58:57.344071+00:00,2025-12,2026-10,10,128386,114910,144018,104674,160517
411,Prov. Hainaut,region,BE32,tourism_nights,no,POOL_GR,2026-09-27T17:58:57.344071+00:00,2025-12,2026-11,11,97126,86786,109023,78846,121371
411,Prov. Hainaut,region,BE32,tourism_nights,no,POOL_GR,2026-09-27T17:58:57.344071+00:00,2025-12,2026-12,12,97860,87404,110036,79301,122735
551,Provincia Autonoma di Bolzano/Bozen,region,ITH1,tourism_nights,no,POOL_GR,2026-09-27T17:58:57.344071+00:00,2025-12,2026-01,1,3483947,3164177,3845133,2891552,4210801
551,Provincia Autonoma di Bolzano/Bozen,region,ITH1,tourism_nights,no,POOL_GR,2026-09-27T17:58:57.344071+00:00,2025-12,2026-02,2,3447575,3119193,3817247,2866088,4178474
551,Provincia Autonoma di Bolzano/Bozen,region,ITH1,tourism_nights,no,POOL_GR,2026-09-27T17:58:57.344071+00:00,2025-12,2026-03,3,2521899,2276492,2802337,2085342,3079181
551,Provincia Autonoma di Bolzano/Bozen,region,ITH1,tourism_nights,no,POOL_GR,2026-09-27T17:58:57.344071+00:00,2025-12,2026-04,4,1779309,1602679,1979545,1470170,2174318
551,Provincia Autonoma di Bolzano/Bozen,region,ITH1,tourism_nights,no,POOL_GR,2026-09-27T17:58:57.344071+00:00,2025-12,2026-05,5,1918945,1726531,2140191,1579758,2354595
551,Provincia Autonoma di Bolzano/Bozen,region,ITH1,tourism_nights,no,POOL_GR,2026-09-27T17:58:57.344071+00:00,2025-12,2026-06,6,3764293,3384133,4199589,3092063,4630164
551,Provincia Autonoma di Bolzano/Bozen,region,ITH1,tourism_nights,no,POOL_GR,2026-09-27T17:58:57.344071+00:00,2025-12,2026-07,7,5512166,4949013,6168670,4502676,6800461
551,Provincia Autonoma di Bolzano/Bozen,region,ITH1,tourism_nights,no,POOL_GR,2026-09-27T17:58:57.344071+00:00,2025-12,2026-08,8,6374352,5720132,7127543,5192938,7886418
551,Provincia Autonoma di Bolzano/Bozen,region,ITH1,tourism_nights,no,POOL_GR,2026-09-27T17:58:57.344071+00:00,2025-12,2026-09,9,4006464,3590008,4486295,3261906,4966236
551,Provincia Autonoma di Bolzano/Bozen,region,ITH1,tourism_nights,no,POOL_GR,2026-09-27T17:58:57.344071+00:00,2025-12,2026-10,10,2799198,2505375,3140022,2282201,3499741
551,Provincia Autonoma di Bolzano/Bozen,region,ITH1,tourism_nights,no,POOL_GR,2026-09-27T17:58:57.344071+00:00,2025-12,2026-11,11,826571,738574,927817,671004,1032903
551,Provincia Autonoma di Bolzano/Bozen,region,ITH1,tourism_nights,no,POOL_GR,2026-09-27T17:58:57.344071+00:00,2025-12,2026-12,12,3086077,2756320,3470053,2500799,3870507
554,Provincia Autonoma di Trento,region,ITH2,tourism_nights,no,POOL_GR,2026-09-27T17:58:57.344071+00:00,2025-12,2026-01,1,2512018,2281456,2772443,2084886,3036099
554,Provincia Autonoma di Trento,region,ITH2,tourism_nights,no,POOL_GR,2026-09-27T17:58:57.344071+00:00,2025-12,2026-02,2,2475478,2239688,2740915,2057951,3000289
554,Provincia Autonoma di Trento,region,ITH2,tourism_nights,no,POOL_GR,2026-09-27T17:58:57.344071+00:00,2025-12,2026-03,3,1701416,1535851,1890615,1406890,2077390
554,Provincia Autonoma di Trento,region,ITH2,tourism_nights,no,POOL_GR,2026-09-27T17:58:57.344071+00:00,2025-12,2026-04,4,834323,751501,928214,689367,1019544
554,Provincia Autonoma di Trento,region,ITH2,tourism_nights,no,POOL_GR,2026-09-27T17:58:57.344071+00:00,2025-12,2026-05,5,922753,830228,1029142,759650,1132242
554,Provincia Autonoma di Trento,region,ITH2,tourism_nights,no,POOL_GR,2026-09-27T17:58:57.344071+00:00,2025-12,2026-06,6,2051881,1844659,2289156,1685454,2523859
554,Provincia Autonoma di Trento,region,ITH2,tourism_nights,no,POOL_GR,2026-09-27T17:58:57.344071+00:00,2025-12,2026-07,7,4007772,3598317,4485102,3273795,4944463
554,Provincia Autonoma di Trento,region,ITH2,tourism_nights,no,POOL_GR,2026-09-27T17:58:57.344071+00:00,2025-12,2026-08,8,4445984,3989679,4971321,3621971,5500621
554,Provincia Autonoma di Trento,region,ITH2,tourism_nights,no,POOL_GR,2026-09-27T17:58:57.344071+00:00,2025-12,2026-09,9,1932458,1731586,2163897,1573332,2395390
554,Provincia Autonoma di Trento,region,ITH2,tourism_nights,no,POOL_GR,2026-09-27T17:58:57.344071+00:00,2025-12,2026-10,10,828550,741580,929433,675521,1035908
554,Provincia Autonoma di Trento,region,ITH2,tourism_nights,no,POOL_GR,2026-09-27T17:58:57.344071+00:00,2025-12,2026-11,11,350445,313136,393371,284488,437924
554,Provincia Autonoma di Trento,region,ITH2,tourism_nights,no,POOL_GR,2026-09-27T17:58:57.344071+00:00,2025-12,2026-12,12,1843873,1646849,2073291,1494180,2312554
418,Prov. Liège,region,BE33,tourism_nights,no,POOL_GR,2026-09-27T17:58:57.344071+00:00,2025-12,2026-01,1,127719,115997,140960,106003,154365
418,Prov. Liège,region,BE33,tourism_nights,no,POOL_GR,2026-09-27T17:58:57.344071+00:00,2025-12,2026-02,2,135958,123008,150536,113027,164782
418,Prov. Liège,region,BE33,tourism_nights,no,POOL_GR,2026-09-27T17:58:57.344071+00:00,2025-12,2026-03,3,170000,153457,188904,140572,207566
418,Prov. Liège,region,BE33,tourism_nights,no,POOL_GR,2026-09-27T17:58:57.344071+00:00,2025-12,2026-04,4,271540,244584,302098,224362,331822
418,Prov. Liège,region,BE33,tourism_nights,no,POOL_GR,2026-09-27T17:58:57.344071+00:00,2025-12,2026-05,5,303447,273020,338433,249811,372337
418,Prov. Liège,region,BE33,tourism_nights,no,POOL_GR,2026-09-27T17:58:57.344071+00:00,2025-12,2026-06,6,280075,251790,312463,230059,344499
418,Prov. Liège,region,BE33,tourism_nights,no,POOL_GR,2026-09-27T17:58:57.344071+00:00,2025-12,2026-07,7,401415,360404,449224,327901,495233
418,Prov. Liège,region,BE33,tourism_nights,no,POOL_GR,2026-09-27T17:58:57.344071+00:00,2025-12,2026-08,8,410548,368413,459059,334458,507935
418,Prov. Liège,region,BE33,tourism_nights,no,POOL_GR,2026-09-27T17:58:57.344071+00:00,2025-12,2026-09,9,239554,214653,268244,195035,296940
418,Prov. Liège,region,BE33,tourism_nights,no,POOL_GR,2026-09-27T17:58:57.344071+00:00,2025-12,2026-10,10,257665,230619,289038,210076,322150
418,Prov. Liège,region,BE33,tourism_nights,no,POOL_GR,2026-09-27T17:58:57.344071+00:00,2025-12,2026-11,11,178316,159333,200158,144756,222828
418,Prov. Liège,region,BE33,tourism_nights,no,POOL_GR,2026-09-27T17:58:57.344071+00:00,2025-12,2026-12,12,187204,167200,210496,151700,234788
381,Prov. Limburg (BE),region,BE22,tourism_nights,no,POOL_GR,2026-09-27T17:58:57.344071+00:00,2025-12,2026-01,1,233460,212033,257664,193764,282167
381,Prov. Limburg (BE),region,BE22,tourism_nights,no,POOL_GR,2026-09-27T17:58:57.344071+00:00,2025-12,2026-02,2,292491,264631,323853,243158,354500
381,Prov. Limburg (BE),region,BE22,tourism_nights,no,POOL_GR,2026-09-27T17:58:57.344071+00:00,2025-12,2026-03,3,328242,296301,364743,271421,400776
381,Prov. Limburg (BE),region,BE22,tourism_nights,no,POOL_GR,2026-09-27T17:58:57.344071+00:00,2025-12,2026-04,4,490885,442155,546127,405598,599862
381,Prov. Limburg (BE),region,BE22,tourism_nights,no,POOL_GR,2026-09-27T17:58:57.344071+00:00,2025-12,2026-05,5,459835,413727,512852,378556,564230
381,Prov. Limburg (BE),region,BE22,tourism_nights,no,POOL_GR,2026-09-27T17:58:57.344071+00:00,2025-12,2026-06,6,434141,390297,484345,356612,534003
381,Prov. Limburg (BE),region,BE22,tourism_nights,no,POOL_GR,2026-09-27T17:58:57.344071+00:00,2025-12,2026-07,7,832604,747541,931768,680122,1027199
381,Prov. Limburg (BE),region,BE22,tourism_nights,no,POOL_GR,2026-09-27T17:58:57.344071+00:00,2025-12,2026-08,8,726117,651593,811915,591539,898360
381,Prov. Limburg (BE),region,BE22,tourism_nights,no,POOL_GR,2026-09-27T17:58:57.344071+00:00,2025-12,2026-09,9,347504,311383,389123,282925,430751
381,Prov. Limburg (BE),region,BE22,tourism_nights,no,POOL_GR,2026-09-27T17:58:57.344071+00:00,2025-12,2026-10,10,468851,419637,525937,382257,586188
381,Prov. Limburg (BE),region,BE22,tourism_nights,no,POOL_GR,2026-09-27T17:58:57.344071+00:00,2025-12,2026-11,11,303878,271527,341100,246685,379733
381,Prov. Limburg (BE),region,BE22,tourism_nights,no,POOL_GR,2026-09-27T17:58:57.344071+00:00,2025-12,2026-12,12,319910,285726,359713,259238,401225
420,Prov. Luxembourg (BE),region,BE34,tourism_nights,no,POOL_GR,2026-09-27T17:58:57.344071+00:00,2025-12,2026-01,1,119888,108884,132317,99503,144900
420,Prov. Luxembourg (BE),region,BE34,tourism_nights,no,POOL_GR,2026-09-27T17:58:57.344071+00:00,2025-12,2026-02,2,135284,122398,149790,112466,163965
420,Prov. Luxembourg (BE),region,BE34,tourism_nights,no,POOL_GR,2026-09-27T17:58:57.344071+00:00,2025-12,2026-03,3,161782,146039,179773,133777,197533
420,Prov. Luxembourg (BE),region,BE34,tourism_nights,no,POOL_GR,2026-09-27T17:58:57.344071+00:00,2025-12,2026-04,4,320156,288374,356185,264532,391231
420,Prov. Luxembourg (BE),region,BE34,tourism_nights,no,POOL_GR,2026-09-27T17:58:57.344071+00:00,2025-12,2026-05,5,340407,306274,379655,280238,417689
420,Prov. Luxembourg (BE),region,BE34,tourism_nights,no,POOL_GR,2026-09-27T17:58:57.344071+00:00,2025-12,2026-06,6,341303,306834,380770,280353,419810
420,Prov. Luxembourg (BE),region,BE34,tourism_nights,no,POOL_GR,2026-09-27T17:58:57.344071+00:00,2025-12,2026-07,7,601801,540318,673476,491588,742453
420,Prov. Luxembourg (BE),region,BE34,tourism_nights,no,POOL_GR,2026-09-27T17:58:57.344071+00:00,2025-12,2026-08,8,638287,572778,713707,519988,789696
420,Prov. Luxembourg (BE),region,BE34,tourism_nights,no,POOL_GR,2026-09-27T17:58:57.344071+00:00,2025-12,2026-09,9,257274,230532,288087,209463,318906
420,Prov. Luxembourg (BE),region,BE34,tourism_nights,no,POOL_GR,2026-09-27T17:58:57.344071+00:00,2025-12,2026-10,10,290697,260183,326092,237007,363448
420,Prov. Luxembourg (BE),region,BE34,tourism_nights,no,POOL_GR,2026-09-27T17:58:57.344071+00:00,2025-12,2026-11,11,180323,161126,202411,146385,225336
420,Prov. Luxembourg (BE),region,BE34,tourism_nights,no,POOL_GR,2026-09-27T17:58:57.344071+00:00,2025-12,2026-12,12,181630,162223,204229,147184,227798
421,Prov. Namur,region,BE35,tourism_nights,no,POOL_GR,2026-09-27T17:58:57.344071+00:00,2025-12,2026-01,1,56352,51180,62195,46771,68109
421,Prov. Namur,region,BE35,tourism_nights,no,POOL_GR,2026-09-27T17:58:57.344071+00:00,2025-12,2026-02,2,67699,61250,74958,56280,82051
421,Prov. Namur,region,BE35,tourism_nights,no,POOL_GR,2026-09-27T17:58:57.344071+00:00,2025-12,2026-03,3,90315,81527,100358,74681,110273
421,Prov. Namur,region,BE35,tourism_nights,no,POOL_GR,2026-09-27T17:58:57.344071+00:00,2025-12,2026-04,4,149612,134761,166449,123619,182827
421,Prov. Namur,region,BE35,tourism_nights,no,POOL_GR,2026-09-27T17:58:57.344071+00:00,2025-12,2026-05,5,159019,143074,177353,130911,195120
421,Prov. Namur,region,BE35,tourism_nights,no,POOL_GR,2026-09-27T17:58:57.344071+00:00,2025-12,2026-06,6,151456,136161,168971,124409,186295
421,Prov. Namur,region,BE35,tourism_nights,no,POOL_GR,2026-09-27T17:58:57.344071+00:00,2025-12,2026-07,7,261069,234397,292163,213257,322086
421,Prov. Namur,region,BE35,tourism_nights,no,POOL_GR,2026-09-27T17:58:57.344071+00:00,2025-12,2026-08,8,256336,230028,286625,208827,317142
421,Prov. Namur,region,BE35,tourism_nights,no,POOL_GR,2026-09-27T17:58:57.344071+00:00,2025-12,2026-09,9,134835,120820,150984,109778,167136
421,Prov. Namur,region,BE35,tourism_nights,no,POOL_GR,2026-09-27T17:58:57.344071+00:00,2025-12,2026-10,10,140903,126113,158059,114879,176166
421,Prov. Namur,region,BE35,tourism_nights,no,POOL_GR,2026-09-27T17:58:57.344071+00:00,2025-12,2026-11,11,95617,85438,107330,77622,119486
421,Prov. Namur,region,BE35,tourism_nights,no,POOL_GR,2026-09-27T17:58:57.344071+00:00,2025-12,2026-12,12,89909,80302,101096,72858,112763
397,Prov. Oost-Vlaanderen,region,BE23,tourism_nights,no,POOL_GR,2026-09-27T17:58:57.344071+00:00,2025-12,2026-01,1,160160,145460,176764,132927,193574
397,Prov. Oost-Vlaanderen,region,BE23,tourism_nights,no,POOL_GR,2026-09-27T17:58:57.344071+00:00,2025-12,2026-02,2,192141,173840,212744,159734,232876
397,Prov. Oost-Vlaanderen,region,BE23,tourism_nights,no,POOL_GR,2026-09-27T17:58:57.344071+00:00,2025-12,2026-03,3,232719,210073,258597,192434,284144
397,Prov. Oost-Vlaanderen,region,BE23,tourism_nights,no,POOL_GR,2026-09-27T17:58:57.344071+00:00,2025-12,2026-04,4,298123,268529,331672,246327,364306
397,Prov. Oost-Vlaanderen,region,BE23,tourism_nights,no,POOL_GR,2026-09-27T17:58:57.344071+00:00,2025-12,2026-05,5,304688,274137,339817,250832,373860
397,Prov. Oost-Vlaanderen,region,BE23,tourism_nights,no,POOL_GR,2026-09-27T17:58:57.344071+00:00,2025-12,2026-06,6,277308,249302,309375,227786,341095
397,Prov. Oost-Vlaanderen,region,BE23,tourism_nights,no,POOL_GR,2026-09-27T17:58:57.344071+00:00,2025-12,2026-07,7,402188,361098,450089,328532,496186
397,Prov. Oost-Vlaanderen,region,BE23,tourism_nights,no,POOL_GR,2026-09-27T17:58:57.344071+00:00,2025-12,2026-08,8,355174,318722,397142,289347,439426
397,Prov. Oost-Vlaanderen,region,BE23,tourism_nights,no,POOL_GR,2026-09-27T17:58:57.344071+00:00,2025-12,2026-09,9,265188,237622,296948,215905,328715
397,Prov. Oost-Vlaanderen,region,BE23,tourism_nights,no,POOL_GR,2026-09-27T17:58:57.344071+00:00,2025-12,2026-10,10,274315,245521,307715,223650,342966
397,Prov. Oost-Vlaanderen,region,BE23,tourism_nights,no,POOL_GR,2026-09-27T17:58:57.344071+00:00,2025-12,2026-11,11,215775,192803,242205,175164,269637
397,Prov. Oost-Vlaanderen,region,BE23,tourism_nights,no,POOL_GR,2026-09-27T17:58:57.344071+00:00,2025-12,2026-12,12,228319,203923,256727,185018,286354
398,Prov. Vlaams-Brabant,region,BE24,tourism_nights,no,POOL_GR,2026-09-27T17:58:57.344071+00:00,2025-12,2026-01,1,143272,130122,158125,118911,173163
398,Prov. Vlaams-Brabant,region,BE24,tourism_nights,no,POOL_GR,2026-09-27T17:58:57.344071+00:00,2025-12,2026-02,2,162305,146846,179709,134930,196715
398,Prov. Vlaams-Brabant,region,BE24,tourism_nights,no,POOL_GR,2026-09-27T17:58:57.344071+00:00,2025-12,2026-03,3,194415,175496,216034,160760,237376
398,Prov. Vlaams-Brabant,region,BE24,tourism_nights,no,POOL_GR,2026-09-27T17:58:57.344071+00:00,2025-12,2026-04,4,231797,208787,257883,191525,283257
398,Prov. Vlaams-Brabant,region,BE24,tourism_nights,no,POOL_GR,2026-09-27T17:58:57.344071+00:00,2025-12,2026-05,5,243817,219370,271928,200721,299170
398,Prov. Vlaams-Brabant,region,BE24,tourism_nights,no,POOL_GR,2026-09-27T17:58:57.344071+00:00,2025-12,2026-06,6,217660,195679,242830,178790,267727
398,Prov. Vlaams-Brabant,region,BE24,tourism_nights,no,POOL_GR,2026-09-27T17:58:57.344071+00:00,2025-12,2026-07,7,317971,285485,355842,259738,392287
398,Prov. Vlaams-Brabant,region,BE24,tourism_nights,no,POOL_GR,2026-09-27T17:58:57.344071+00:00,2025-12,2026-08,8,252881,226927,282761,206012,312867
398,Prov. Vlaams-Brabant,region,BE24,tourism_nights,no,POOL_GR,2026-09-27T17:58:57.344071+00:00,2025-12,2026-09,9,218343,195647,244493,177766,270649
398,Prov. Vlaams-Brabant,region,BE24,tourism_nights,no,POOL_GR,2026-09-27T17:58:57.344071+00:00,2025-12,2026-10,10,238432,213405,267463,194395,298104
398,Prov. Vlaams-Brabant,region,BE24,tourism_nights,no,POOL_GR,2026-09-27T17:58:57.344071+00:00,2025-12,2026-11,11,188621,168540,211725,153121,235705
398,Prov. Vlaams-Brabant,region,BE24,tourism_nights,no,POOL_GR,2026-09-27T17:58:57.344071+00:00,2025-12,2026-12,12,193615,172926,217705,156896,242828
408,Prov. West-Vlaanderen,region,BE25,tourism_nights,no,POOL_GR,2026-09-27T17:58:57.344071+00:00,2025-12,2026-01,1,337224,306272,372185,279884,407579
408,Prov. West-Vlaanderen,region,BE25,tourism_nights,no,POOL_GR,2026-09-27T17:58:57.344071+00:00,2025-12,2026-02,2,459983,416170,509306,382400,557501
408,Prov. West-Vlaanderen,region,BE25,tourism_nights,no,POOL_GR,2026-09-27T17:58:57.344071+00:00,2025-12,2026-03,3,670233,605012,744763,554211,818339
408,Prov. West-Vlaanderen,region,BE25,tourism_nights,no,POOL_GR,2026-09-27T17:58:57.344071+00:00,2025-12,2026-04,4,1077117,970193,1198331,889977,1316238
408,Prov. West-Vlaanderen,region,BE25,tourism_nights,no,POOL_GR,2026-09-27T17:58:57.344071+00:00,2025-12,2026-05,5,1188576,1069396,1325613,978487,1458413
408,Prov. West-Vlaanderen,region,BE25,tourism_nights,no,POOL_GR,2026-09-27T17:58:57.344071+00:00,2025-12,2026-06,6,1283866,1154207,1432330,1054592,1579184
408,Prov. West-Vlaanderen,region,BE25,tourism_nights,no,POOL_GR,2026-09-27T17:58:57.344071+00:00,2025-12,2026-07,7,1805789,1621300,2020861,1475080,2227836
408,Prov. West-Vlaanderen,region,BE25,tourism_nights,no,POOL_GR,2026-09-27T17:58:57.344071+00:00,2025-12,2026-08,8,1919986,1722932,2146851,1564138,2375428
408,Prov. West-Vlaanderen,region,BE25,tourism_nights,no,POOL_GR,2026-09-27T17:58:57.344071+00:00,2025-12,2026-09,9,1156511,1036297,1295020,941586,1433561
408,Prov. West-Vlaanderen,region,BE25,tourism_nights,no,POOL_GR,2026-09-27T17:58:57.344071+00:00,2025-12,2026-10,10,978712,875980,1097878,797950,1223650
408,Prov. West-Vlaanderen,region,BE25,tourism_nights,no,POOL_GR,2026-09-27T17:58:57.344071+00:00,2025-12,2026-11,11,586775,524306,658649,476339,733248
408,Prov. West-Vlaanderen,region,BE25,tourism_nights,no,POOL_GR,2026-09-27T17:58:57.344071+00:00,2025-12,2026-12,12,754348,673743,848205,611285,946091
518,Puglia,region,ITF4,tourism_nights,no,POOL_GR,2026-09-27T17:58:57.344071+00:00,2025-12,2026-01,1,383795,348569,423584,318536,463866
518,Puglia,region,ITF4,tourism_nights,no,POOL_GR,2026-09-27T17:58:57.344071+00:00,2025-12,2026-02,2,379220,343099,419882,315258,459616
518,Puglia,region,ITF4,tourism_nights,no,POOL_GR,2026-09-27T17:58:57.344071+00:00,2025-12,2026-03,3,565777,510721,628692,467837,690801
518,Puglia,region,ITF4,tourism_nights,no,POOL_GR,2026-09-27T17:58:57.344071+00:00,2025-12,2026-04,4,1175089,1058440,1307329,970928,1435961
518,Puglia,region,ITF4,tourism_nights,no,POOL_GR,2026-09-27T17:58:57.344071+00:00,2025-12,2026-05,5,1718824,1546476,1916997,1415010,2109042
518,Puglia,region,ITF4,tourism_nights,no,POOL_GR,2026-09-27T17:58:57.344071+00:00,2025-12,2026-06,6,3249002,2920882,3624711,2668793,3996345
518,Puglia,region,ITF4,tourism_nights,no,POOL_GR,2026-09-27T17:58:57.344071+00:00,2025-12,2026-07,7,4985546,4476196,5579330,4072501,6150761
518,Puglia,region,ITF4,tourism_nights,no,POOL_GR,2026-09-27T17:58:57.344071+00:00,2025-12,2026-08,8,6276246,5632095,7017845,5113015,7765040
518,Puglia,region,ITF4,tourism_nights,no,POOL_GR,2026-09-27T17:58:57.344071+00:00,2025-12,2026-09,9,2952777,2645848,3306415,2404036,3660133
518,Puglia,region,ITF4,tourism_nights,no,POOL_GR,2026-09-27T17:58:57.344071+00:00,2025-12,2026-10,10,1353519,1211444,1518320,1103531,1692258
518,Puglia,region,ITF4,tourism_nights,no,POOL_GR,2026-09-27T17:58:57.344071+00:00,2025-12,2026-11,11,536640,479509,602373,435640,670599
518,Puglia,region,ITF4,tourism_nights,no,POOL_GR,2026-09-27T17:58:57.344071+00:00,2025-12,2026-12,12,499610,446225,561772,404858,626602
616,Região Autónoma da Madeira,region,PT30,tourism_nights,no,POOL_GR,2026-09-27T17:58:57.344071+00:00,2025-12,2026-01,1,644090,584973,710863,534571,778466
616,Região Autónoma da Madeira,region,PT30,tourism_nights,no,POOL_GR,2026-09-27T17:58:57.344071+00:00,2025-12,2026-02,2,680455,615641,753417,565685,824714
616,Região Autónoma da Madeira,region,PT30,tourism_nights,no,POOL_GR,2026-09-27T17:58:57.344071+00:00,2025-12,2026-03,3,797679,720056,886382,659595,973948
616,Região Autónoma da Madeira,region,PT30,tourism_nights,no,POOL_GR,2026-09-27T17:58:57.344071+00:00,2025-12,2026-04,4,863900,778142,961120,713805,1055687
616,Região Autónoma da Madeira,region,PT30,tourism_nights,no,POOL_GR,2026-09-27T17:58:57.344071+00:00,2025-12,2026-05,5,920439,828146,1026561,757745,1129402
616,Região Autónoma da Madeira,region,PT30,tourism_nights,no,POOL_GR,2026-09-27T17:58:57.344071+00:00,2025-12,2026-06,6,924673,831290,1031601,759545,1137369
616,Região Autónoma da Madeira,region,PT30,tourism_nights,no,POOL_GR,2026-09-27T17:58:57.344071+00:00,2025-12,2026-07,7,1029825,924613,1152478,841224,1270514
616,Região Autónoma da Madeira,region,PT30,tourism_nights,no,POOL_GR,2026-09-27T17:58:57.344071+00:00,2025-12,2026-08,8,1064322,955087,1190082,867062,1316791
616,Região Autónoma da Madeira,region,PT30,tourism_nights,no,POOL_GR,2026-09-27T17:58:57.344071+00:00,2025-12,2026-09,9,940263,842526,1052873,765525,1165509
616,Região Autónoma da Madeira,region,PT30,tourism_nights,no,POOL_GR,2026-09-27T17:58:57.344071+00:00,2025-12,2026-10,10,932726,834821,1046293,760457,1166156
616,Região Autónoma da Madeira,region,PT30,tourism_nights,no,POOL_GR,2026-09-27T17:58:57.344071+00:00,2025-12,2026-11,11,756339,675819,848983,613990,945140
616,Região Autónoma da Madeira,region,PT30,tourism_nights,no,POOL_GR,2026-09-27T17:58:57.344071+00:00,2025-12,2026-12,12,643177,574452,723203,521198,806662
612,Região Autónoma dos Açores,region,PT20,tourism_nights,no,POOL_GR,2026-09-27T17:58:57.344071+00:00,2025-12,2026-01,1,100146,90954,110529,83118,121040
612,Região Autónoma dos Açores,region,PT20,tourism_nights,no,POOL_GR,2026-09-27T17:58:57.344071+00:00,2025-12,2026-02,2,125678,113707,139154,104480,152322
612,Região Autónoma dos Açores,region,PT20,tourism_nights,no,POOL_GR,2026-09-27T17:58:57.344071+00:00,2025-12,2026-03,3,194029,175148,215605,160441,236905
612,Região Autónoma dos Açores,region,PT20,tourism_nights,no,POOL_GR,2026-09-27T17:58:57.344071+00:00,2025-12,2026-04,4,271320,244387,301854,224181,331554
612,Região Autónoma dos Açores,region,PT20,tourism_nights,no,POOL_GR,2026-09-27T17:58:57.344071+00:00,2025-12,2026-05,5,323642,291190,360957,266436,397117
612,Região Autónoma dos Açores,region,PT20,tourism_nights,no,POOL_GR,2026-09-27T17:58:57.344071+00:00,2025-12,2026-06,6,351792,316264,392473,288969,432712
612,Região Autónoma dos Açores,region,PT20,tourism_nights,no,POOL_GR,2026-09-27T17:58:57.344071+00:00,2025-12,2026-07,7,440980,395927,493501,360220,544045
612,Região Autónoma dos Açores,region,PT20,tourism_nights,no,POOL_GR,2026-09-27T17:58:57.344071+00:00,2025-12,2026-08,8,475706,426883,531915,387539,588549
612,Região Autónoma dos Açores,region,PT20,tourism_nights,no,POOL_GR,2026-09-27T17:58:57.344071+00:00,2025-12,2026-09,9,373070,334291,417751,303739,462442
612,Região Autónoma dos Açores,region,PT20,tourism_nights,no,POOL_GR,2026-09-27T17:58:57.344071+00:00,2025-12,2026-10,10,277312,248203,311076,226094,346713
612,Região Autónoma dos Açores,region,PT20,tourism_nights,no,POOL_GR,2026-09-27T17:58:57.344071+00:00,2025-12,2026-11,11,151718,135566,170302,123163,189591
612,Região Autónoma dos Açores,region,PT20,tourism_nights,no,POOL_GR,2026-09-27T17:58:57.344071+00:00,2025-12,2026-12,12,97566,87141,109705,79062,122365
377,Région de Bruxelles-Capitale/ Brussels Hoofdstedelijk Gewest,region,BE10,tourism_nights,no,POOL_GR,2026-09-27T17:58:57.344071+00:00,2025-12,2026-01,1,488416,443588,539051,405368,590314
377,Région de Bruxelles-Capitale/ Brussels Hoofdstedelijk Gewest,region,BE10,tourism_nights,no,POOL_GR,2026-09-27T17:58:57.344071+00:00,2025-12,2026-02,2,522959,473147,579034,434754,633828
377,Région de Bruxelles-Capitale/ Brussels Hoofdstedelijk Gewest,region,BE10,tourism_nights,no,POOL_GR,2026-09-27T17:58:57.344071+00:00,2025-12,2026-03,3,606700,547662,674166,501676,740767
377,Région de Bruxelles-Capitale/ Brussels Hoofdstedelijk Gewest,region,BE10,tourism_nights,no,POOL_GR,2026-09-27T17:58:57.344071+00:00,2025-12,2026-04,4,670547,603983,746008,554046,819410
377,Région de Bruxelles-Capitale/ Brussels Hoofdstedelijk Gewest,region,BE10,tourism_nights,no,POOL_GR,2026-09-27T17:58:57.344071+00:00,2025-12,2026-05,5,678087,610095,756268,558231,832030
377,Région de Bruxelles-Capitale/ Brussels Hoofdstedelijk Gewest,region,BE10,tourism_nights,no,POOL_GR,2026-09-27T17:58:57.344071+00:00,2025-12,2026-06,6,639894,575270,713890,525621,787084
377,Région de Bruxelles-Capitale/ Brussels Hoofdstedelijk Gewest,region,BE10,tourism_nights,no,POOL_GR,2026-09-27T17:58:57.344071+00:00,2025-12,2026-07,7,689643,619186,771781,563343,850826
377,Région de Bruxelles-Capitale/ Brussels Hoofdstedelijk Gewest,region,BE10,tourism_nights,no,POOL_GR,2026-09-27T17:58:57.344071+00:00,2025-12,2026-08,8,675309,606000,755104,550148,835500
377,Région de Bruxelles-Capitale/ Brussels Hoofdstedelijk Gewest,region,BE10,tourism_nights,no,POOL_GR,2026-09-27T17:58:57.344071+00:00,2025-12,2026-09,9,620891,556352,695251,505505,769629
377,Région de Bruxelles-Capitale/ Brussels Hoofdstedelijk Gewest,region,BE10,tourism_nights,no,POOL_GR,2026-09-27T17:58:57.344071+00:00,2025-12,2026-10,10,674953,604106,757134,550293,843871
377,Région de Bruxelles-Capitale/ Brussels Hoofdstedelijk Gewest,region,BE10,tourism_nights,no,POOL_GR,2026-09-27T17:58:57.344071+00:00,2025-12,2026-11,11,613832,548483,689021,498304,767060
377,Région de Bruxelles-Capitale/ Brussels Hoofdstedelijk Gewest,region,BE10,tourism_nights,no,POOL_GR,2026-09-27T17:58:57.344071+00:00,2025-12,2026-12,12,697326,622814,784088,565077,874574
406,Región de Murcia,region,ES62,tourism_nights,no,POOL_GR,2026-09-27T17:58:57.344071+00:00,2025-12,2026-01,1,344734,313093,380473,286117,416656
406,Región de Murcia,region,ES62,tourism_nights,no,POOL_GR,2026-09-27T17:58:57.344071+00:00,2025-12,2026-02,2,378836,342752,419458,314940,459151
406,Región de Murcia,region,ES62,tourism_nights,no,POOL_GR,2026-09-27T17:58:57.344071+00:00,2025-12,2026-03,3,445363,402024,494887,368267,543777
406,Región de Murcia,region,ES62,tourism_nights,no,POOL_GR,2026-09-27T17:58:57.344071+00:00,2025-12,2026-04,4,485032,436883,539615,400762,592710
406,Región de Murcia,region,ES62,tourism_nights,no,POOL_GR,2026-09-27T17:58:57.344071+00:00,2025-12,2026-05,5,503104,452657,561109,414177,617321
406,Región de Murcia,region,ES62,tourism_nights,no,POOL_GR,2026-09-27T17:58:57.344071+00:00,2025-12,2026-06,6,535338,481274,597244,439737,658478
406,Región de Murcia,region,ES62,tourism_nights,no,POOL_GR,2026-09-27T17:58:57.344071+00:00,2025-12,2026-07,7,643009,577316,719592,525249,793292
406,Región de Murcia,region,ES62,tourism_nights,no,POOL_GR,2026-09-27T17:58:57.344071+00:00,2025-12,2026-08,8,890905,799469,996174,725786,1102238
406,Región de Murcia,region,ES62,tourism_nights,no,POOL_GR,2026-09-27T17:58:57.344071+00:00,2025-12,2026-09,9,573280,513690,641939,466742,710613
406,Región de Murcia,region,ES62,tourism_nights,no,POOL_GR,2026-09-27T17:58:57.344071+00:00,2025-12,2026-10,10,486813,435714,546086,396901,608646
406,Región de Murcia,region,ES62,tourism_nights,no,POOL_GR,2026-09-27T17:58:57.344071+00:00,2025-12,2026-11,11,416698,372336,467740,338272,520716
406,Región de Murcia,region,ES62,tourism_nights,no,POOL_GR,2026-09-27T17:58:57.344071+00:00,2025-12,2026-12,12,353334,315579,397297,286324,443146
378,Rheinhessen-Pfalz,region,DEB3,tourism_nights,no,POOL_GR,2026-09-27T17:58:57.344071+00:00,2025-12,2026-01,1,294962,267889,325541,244808,356500
378,Rheinhessen-Pfalz,region,DEB3,tourism_nights,no,POOL_GR,2026-09-27T17:58:57.344071+00:00,2025-12,2026-02,2,317520,287276,351566,263965,384835
378,Rheinhessen-Pfalz,region,DEB3,tourism_nights,no,POOL_GR,2026-09-27T17:58:57.344071+00:00,2025-12,2026-03,3,443569,400405,492895,366785,541588
378,Rheinhessen-Pfalz,region,DEB3,tourism_nights,no,POOL_GR,2026-09-27T17:58:57.344071+00:00,2025-12,2026-04,4,505166,455019,562016,417398,617314
378,Rheinhessen-Pfalz,region,DEB3,tourism_nights,no,POOL_GR,2026-09-27T17:58:57.344071+00:00,2025-12,2026-05,5,643823,579267,718054,530023,789988
378,Rheinhessen-Pfalz,region,DEB3,tourism_nights,no,POOL_GR,2026-09-27T17:58:57.344071+00:00,2025-12,2026-06,6,634142,570099,707473,520896,780008
378,Rheinhessen-Pfalz,region,DEB3,tourism_nights,no,POOL_GR,2026-09-27T17:58:57.344071+00:00,2025-12,2026-07,7,611634,549147,684481,499621,754585
378,Rheinhessen-Pfalz,region,DEB3,tourism_nights,no,POOL_GR,2026-09-27T17:58:57.344071+00:00,2025-12,2026-08,8,666809,598373,745599,543224,824984
378,Rheinhessen-Pfalz,region,DEB3,tourism_nights,no,POOL_GR,2026-09-27T17:58:57.344071+00:00,2025-12,2026-09,9,651760,584012,729817,530637,807893
378,Rheinhessen-Pfalz,region,DEB3,tourism_nights,no,POOL_GR,2026-09-27T17:58:57.344071+00:00,2025-12,2026-10,10,613250,548879,687917,499986,766725
378,Rheinhessen-Pfalz,region,DEB3,tourism_nights,no,POOL_GR,2026-09-27T17:58:57.344071+00:00,2025-12,2026-11,11,424951,379711,477004,344972,531030
378,Rheinhessen-Pfalz,region,DEB3,tourism_nights,no,POOL_GR,2026-09-27T17:58:57.344071+00:00,2025-12,2026-12,12,372039,332286,418329,301481,466605
567,Rhône-Alpes,region,FRK2,tourism_nights,no,POOL_GR,2026-09-27T17:58:57.344071+00:00,2025-12,2026-01,1,5379962,4886169,5937712,4465177,6502381
567,Rhône-Alpes,region,FRK2,tourism_nights,no,POOL_GR,2026-09-27T17:58:57.344071+00:00,2025-12,2026-02,2,5918769,5355004,6553418,4920477,7173570
567,Rhône-Alpes,region,FRK2,tourism_nights,no,POOL_GR,2026-09-27T17:58:57.344071+00:00,2025-12,2026-03,3,5249103,4738310,5832808,4340448,6409035
567,Rhône-Alpes,region,FRK2,tourism_nights,no,POOL_GR,2026-09-27T17:58:57.344071+00:00,2025-12,2026-04,4,3867531,3483606,4302767,3195582,4726128
567,Rhône-Alpes,region,FRK2,tourism_nights,no,POOL_GR,2026-09-27T17:58:57.344071+00:00,2025-12,2026-05,5,3123796,2810570,3483957,2571644,3832979
567,Rhône-Alpes,region,FRK2,tourism_nights,no,POOL_GR,2026-09-27T17:58:57.344071+00:00,2025-12,2026-06,6,4180505,3758312,4663932,3433948,5142115
567,Rhône-Alpes,region,FRK2,tourism_nights,no,POOL_GR,2026-09-27T17:58:57.344071+00:00,2025-12,2026-07,7,8153108,7320143,9124151,6659960,10058640
567,Rhône-Alpes,region,FRK2,tourism_nights,no,POOL_GR,2026-09-27T17:58:57.344071+00:00,2025-12,2026-08,8,9356418,8396139,10461970,7622312,11575863
567,Rhône-Alpes,region,FRK2,tourism_nights,no,POOL_GR,2026-09-27T17:58:57.344071+00:00,2025-12,2026-09,9,3244424,2907179,3632990,2641483,4021645
567,Rhône-Alpes,region,FRK2,tourism_nights,no,POOL_GR,2026-09-27T17:58:57.344071+00:00,2025-12,2026-10,10,2121034,1898396,2379286,1729290,2651855
567,Rhône-Alpes,region,FRK2,tourism_nights,no,POOL_GR,2026-09-27T17:58:57.344071+00:00,2025-12,2026-11,11,1596698,1426713,1792278,1296187,1995274
567,Rhône-Alpes,region,FRK2,tourism_nights,no,POOL_GR,2026-09-27T17:58:57.344071+00:00,2025-12,2026-12,12,4097466,3659639,4607280,3320377,5138973
353,Romania,country,RO,tourism_nights,yes,POOL_GR_WG,2026-09-27T17:58:57.344071+00:00,2026-06,2026-07,1,4395070,4092069,4726111,3802119,5026864
353,Romania,country,RO,tourism_nights,yes,POOL_GR_WG,2026-09-27T17:58:57.344071+00:00,2026-06,2026-08,2,5081133,4736647,5482314,4435672,5815877
353,Romania,country,RO,tourism_nights,yes,POOL_GR_WG,2026-09-27T17:58:57.344071+00:00,2026-06,2026-09,3,2735479,2542536,2970562,2387019,3128731
353,Romania,country,RO,tourism_nights,yes,POOL_GR_WG,2026-09-27T17:58:57.344071+00:00,2026-06,2026-10,4,2298977,2135845,2493107,1996981,2632091
353,Romania,country,RO,tourism_nights,yes,POOL_GR_WG,2026-09-27T17:58:57.344071+00:00,2026-06,2026-11,5,1870940,1736479,2033150,1628901,2145639
353,Romania,country,RO,tourism_nights,yes,POOL_GR_WG,2026-09-27T17:58:57.344071+00:00,2026-06,2026-12,6,1732007,1605762,1880198,1497909,1985389
353,Romania,country,RO,tourism_nights,yes,POOL_GR_WG,2026-09-27T17:58:57.344071+00:00,2026-06,2027-01,7,1517141,1404869,1649612,1314275,1741307
353,Romania,country,RO,tourism_nights,yes,POOL_GR_WG,2026-09-27T17:58:57.344071+00:00,2026-06,2027-02,8,1561066,1443563,1696850,1346358,1795303
353,Romania,country,RO,tourism_nights,yes,POOL_GR_WG,2026-09-27T17:58:57.344071+00:00,2026-06,2027-03,9,1475848,1365050,1603740,1277201,1694118
353,Romania,country,RO,tourism_nights,yes,POOL_GR_WG,2026-09-27T17:58:57.344071+00:00,2026-06,2027-04,10,1584126,1462406,1728486,1368889,1826121
353,Romania,country,RO,tourism_nights,yes,POOL_GR_WG,2026-09-27T17:58:57.344071+00:00,2026-06,2027-05,11,2239410,2067531,2439084,1929039,2575373
353,Romania,country,RO,tourism_nights,yes,POOL_GR_WG,2026-09-27T17:58:57.344071+00:00,2026-06,2027-06,12,2803348,2588891,3063007,2411448,3251376
459,Saarland,region,DEC0,tourism_nights,no,POOL_GR,2026-09-27T17:58:57.344071+00:00,2025-12,2026-01,1,133503,121249,147343,110803,161355
459,Saarland,region,DEC0,tourism_nights,no,POOL_GR,2026-09-27T17:58:57.344071+00:00,2025-12,2026-02,2,145806,131918,161440,121214,176718
459,Saarland,region,DEC0,tourism_nights,no,POOL_GR,2026-09-27T17:58:57.344071+00:00,2025-12,2026-03,3,179919,162411,199926,148774,219677
459,Saarland,region,DEC0,tourism_nights,no,POOL_GR,2026-09-27T17:58:57.344071+00:00,2025-12,2026-04,4,214430,193143,238561,177174,262033
459,Saarland,region,DEC0,tourism_nights,no,POOL_GR,2026-09-27T17:58:57.344071+00:00,2025-12,2026-05,5,253447,228033,282668,208648,310986
459,Saarland,region,DEC0,tourism_nights,no,POOL_GR,2026-09-27T17:58:57.344071+00:00,2025-12,2026-06,6,276185,248293,308122,226864,339714
459,Saarland,region,DEC0,tourism_nights,no,POOL_GR,2026-09-27T17:58:57.344071+00:00,2025-12,2026-07,7,288390,258927,322738,235575,355793
459,Saarland,region,DEC0,tourism_nights,no,POOL_GR,2026-09-27T17:58:57.344071+00:00,2025-12,2026-08,8,314037,281807,351144,255834,388530
459,Saarland,region,DEC0,tourism_nights,no,POOL_GR,2026-09-27T17:58:57.344071+00:00,2025-12,2026-09,9,242143,216973,271143,197143,300149
459,Saarland,region,DEC0,tourism_nights,no,POOL_GR,2026-09-27T17:58:57.344071+00:00,2025-12,2026-10,10,245177,219441,275029,199894,306536
459,Saarland,region,DEC0,tourism_nights,no,POOL_GR,2026-09-27T17:58:57.344071+00:00,2025-12,2026-11,11,178649,159630,200532,145026,223245
459,Saarland,region,DEC0,tourism_nights,no,POOL_GR,2026-09-27T17:58:57.344071+00:00,2025-12,2026-12,12,167127,149269,187921,135431,209608
442,Sachsen-Anhalt,region,DEE0,tourism_nights,no,POOL_GR,2026-09-27T17:58:57.344071+00:00,2025-12,2026-01,1,312081,283437,344435,259016,377190
442,Sachsen-Anhalt,region,DEE0,tourism_nights,no,POOL_GR,2026-09-27T17:58:57.344071+00:00,2025-12,2026-02,2,354489,320724,392500,294699,429642
442,Sachsen-Anhalt,region,DEE0,tourism_nights,no,POOL_GR,2026-09-27T17:58:57.344071+00:00,2025-12,2026-03,3,443324,400184,492622,366581,541288
442,Sachsen-Anhalt,region,DEE0,tourism_nights,no,POOL_GR,2026-09-27T17:58:57.344071+00:00,2025-12,2026-04,4,620704,559088,690556,512863,758502
442,Sachsen-Anhalt,region,DEE0,tourism_nights,no,POOL_GR,2026-09-27T17:58:57.344071+00:00,2025-12,2026-05,5,762474,686020,850385,627702,935576
442,Sachsen-Anhalt,region,DEE0,tourism_nights,no,POOL_GR,2026-09-27T17:58:57.344071+00:00,2025-12,2026-06,6,784359,705146,875061,644288,964779
442,Sachsen-Anhalt,region,DEE0,tourism_nights,no,POOL_GR,2026-09-27T17:58:57.344071+00:00,2025-12,2026-07,7,797003,715577,891927,651041,983277
442,Sachsen-Anhalt,region,DEE0,tourism_nights,no,POOL_GR,2026-09-27T17:58:57.344071+00:00,2025-12,2026-08,8,837011,751106,935912,681880,1035559
442,Sachsen-Anhalt,region,DEE0,tourism_nights,no,POOL_GR,2026-09-27T17:58:57.344071+00:00,2025-12,2026-09,9,741301,664246,830083,603539,918885
442,Sachsen-Anhalt,region,DEE0,tourism_nights,no,POOL_GR,2026-09-27T17:58:57.344071+00:00,2025-12,2026-10,10,718459,643045,805937,585764,898265
442,Sachsen-Anhalt,region,DEE0,tourism_nights,no,POOL_GR,2026-09-27T17:58:57.344071+00:00,2025-12,2026-11,11,464181,414764,521038,376818,580052
442,Sachsen-Anhalt,region,DEE0,tourism_nights,no,POOL_GR,2026-09-27T17:58:57.344071+00:00,2025-12,2026-12,12,466643,416781,524704,378144,585256
433,Salzburg,region,AT32,tourism_nights,no,POOL_GR,2026-09-27T17:58:57.344071+00:00,2025-12,2026-01,1,3437154,3121679,3793489,2852715,4154246
433,Salzburg,region,AT32,tourism_nights,no,POOL_GR,2026-09-27T17:58:57.344071+00:00,2025-12,2026-02,2,3509161,3174912,3885436,2917287,4253116
433,Salzburg,region,AT32,tourism_nights,no,POOL_GR,2026-09-27T17:58:57.344071+00:00,2025-12,2026-03,3,2368245,2137790,2631596,1958286,2891573
433,Salzburg,region,AT32,tourism_nights,no,POOL_GR,2026-09-27T17:58:57.344071+00:00,2025-12,2026-04,4,1148024,1034061,1277218,948565,1402887
433,Salzburg,region,AT32,tourism_nights,no,POOL_GR,2026-09-27T17:58:57.344071+00:00,2025-12,2026-05,5,1143009,1028399,1274793,940974,1402502
433,Salzburg,region,AT32,tourism_nights,no,POOL_GR,2026-09-27T17:58:57.344071+00:00,2025-12,2026-06,6,2083317,1872921,2324229,1711277,2562527
433,Salzburg,region,AT32,tourism_nights,no,POOL_GR,2026-09-27T17:58:57.344071+00:00,2025-12,2026-07,7,3134282,2814067,3507578,2560274,3866821
433,Salzburg,region,AT32,tourism_nights,no,POOL_GR,2026-09-27T17:58:57.344071+00:00,2025-12,2026-08,8,3563581,3197839,3984653,2903111,4408901
433,Salzburg,region,AT32,tourism_nights,no,POOL_GR,2026-09-27T17:58:57.344071+00:00,2025-12,2026-09,9,1858739,1665531,2081350,1513313,2304012
433,Salzburg,region,AT32,tourism_nights,no,POOL_GR,2026-09-27T17:58:57.344071+00:00,2025-12,2026-10,10,1323886,1184922,1485080,1079372,1655210
433,Salzburg,region,AT32,tourism_nights,no,POOL_GR,2026-09-27T17:58:57.344071+00:00,2025-12,2026-11,11,718747,642229,806787,583474,898165
433,Salzburg,region,AT32,tourism_nights,no,POOL_GR,2026-09-27T17:58:57.344071+00:00,2025-12,2026-12,12,2617348,2337676,2943003,2120965,3282634
538,Sardegna,region,ITG2,tourism_nights,no,POOL_GR,2026-09-27T17:58:57.344071+00:00,2025-12,2026-01,1,167509,152135,184875,139027,202457
538,Sardegna,region,ITG2,tourism_nights,no,POOL_GR,2026-09-27T17:58:57.344071+00:00,2025-12,2026-02,2,171718,155362,190131,142755,208123
538,Sardegna,region,ITG2,tourism_nights,no,POOL_GR,2026-09-27T17:58:57.344071+00:00,2025-12,2026-03,3,229168,206867,254651,189497,279809
538,Sardegna,region,ITG2,tourism_nights,no,POOL_GR,2026-09-27T17:58:57.344071+00:00,2025-12,2026-04,4,835957,752972,930032,690717,1021540
538,Sardegna,region,ITG2,tourism_nights,no,POOL_GR,2026-09-27T17:58:57.344071+00:00,2025-12,2026-05,5,1672122,1504457,1864911,1376563,2051737
538,Sardegna,region,ITG2,tourism_nights,no,POOL_GR,2026-09-27T17:58:57.344071+00:00,2025-12,2026-06,6,3694733,3321598,4121985,3034925,4544604
538,Sardegna,region,ITG2,tourism_nights,no,POOL_GR,2026-09-27T17:58:57.344071+00:00,2025-12,2026-07,7,5224411,4690658,5846644,4267621,6445453
538,Sardegna,region,ITG2,tourism_nights,no,POOL_GR,2026-09-27T17:58:57.344071+00:00,2025-12,2026-08,8,5636013,5057572,6301963,4591442,6972938
538,Sardegna,region,ITG2,tourism_nights,no,POOL_GR,2026-09-27T17:58:57.344071+00:00,2025-12,2026-09,9,3690031,3306467,4131966,3004279,4574001
538,Sardegna,region,ITG2,tourism_nights,no,POOL_GR,2026-09-27T17:58:57.344071+00:00,2025-12,2026-10,10,1445299,1293591,1621275,1178360,1807008
538,Sardegna,region,ITG2,tourism_nights,no,POOL_GR,2026-09-27T17:58:57.344071+00:00,2025-12,2026-11,11,201911,180416,226644,163910,252313
538,Sardegna,region,ITG2,tourism_nights,no,POOL_GR,2026-09-27T17:58:57.344071+00:00,2025-12,2026-12,12,171384,153071,192708,138881,214947
444,Schleswig-Holstein,region,DEF0,tourism_nights,no,POOL_GR,2026-09-27T17:58:57.344071+00:00,2025-12,2026-01,1,925123,840212,1021032,767819,1118131
444,Schleswig-Holstein,region,DEF0,tourism_nights,no,POOL_GR,2026-09-27T17:58:57.344071+00:00,2025-12,2026-02,2,1062261,961080,1176163,883094,1287464
444,Schleswig-Holstein,region,DEF0,tourism_nights,no,POOL_GR,2026-09-27T17:58:57.344071+00:00,2025-12,2026-03,3,1620323,1462649,1800505,1339835,1978378
444,Schleswig-Holstein,region,DEF0,tourism_nights,no,POOL_GR,2026-09-27T17:58:57.344071+00:00,2025-12,2026-04,4,2881368,2595338,3205625,2380756,3521035
444,Schleswig-Holstein,region,DEF0,tourism_nights,no,POOL_GR,2026-09-27T17:58:57.344071+00:00,2025-12,2026-05,5,3448937,3103109,3846585,2839314,4231935
444,Schleswig-Holstein,region,DEF0,tourism_nights,no,POOL_GR,2026-09-27T17:58:57.344071+00:00,2025-12,2026-06,6,4274904,3843177,4769246,3511488,5258227
444,Schleswig-Holstein,region,DEF0,tourism_nights,no,POOL_GR,2026-09-27T17:58:57.344071+00:00,2025-12,2026-07,7,5636706,5060830,6308043,4604408,6954108
444,Schleswig-Holstein,region,DEF0,tourism_nights,no,POOL_GR,2026-09-27T17:58:57.344071+00:00,2025-12,2026-08,8,6090375,5465301,6810012,4961593,7535079
444,Schleswig-Holstein,region,DEF0,tourism_nights,no,POOL_GR,2026-09-27T17:58:57.344071+00:00,2025-12,2026-09,9,3811174,3415018,4267618,3102909,4724164
444,Schleswig-Holstein,region,DEF0,tourism_nights,no,POOL_GR,2026-09-27T17:58:57.344071+00:00,2025-12,2026-10,10,3084789,2760989,3460386,2515045,3856806
444,Schleswig-Holstein,region,DEF0,tourism_nights,no,POOL_GR,2026-09-27T17:58:57.344071+00:00,2025-12,2026-11,11,1310340,1170841,1470844,1063724,1637434
444,Schleswig-Holstein,region,DEF0,tourism_nights,no,POOL_GR,2026-09-27T17:58:57.344071+00:00,2025-12,2026-12,12,1513313,1351611,1701602,1226311,1897972
467,Schwaben,region,DE27,tourism_nights,no,POOL_GR,2026-09-27T17:58:57.344071+00:00,2025-12,2026-01,1,878967,798292,970091,729511,1062346
467,Schwaben,region,DE27,tourism_nights,no,POOL_GR,2026-09-27T17:58:57.344071+00:00,2025-12,2026-02,2,878497,794820,972695,730325,1064742
467,Schwaben,region,DE27,tourism_nights,no,POOL_GR,2026-09-27T17:58:57.344071+00:00,2025-12,2026-03,3,873782,788754,970947,722524,1066868
467,Schwaben,region,DE27,tourism_nights,no,POOL_GR,2026-09-27T17:58:57.344071+00:00,2025-12,2026-04,4,1221153,1099931,1358577,1008989,1492251
467,Schwaben,region,DE27,tourism_nights,no,POOL_GR,2026-09-27T17:58:57.344071+00:00,2025-12,2026-05,5,1369592,1232262,1527500,1127507,1680525
467,Schwaben,region,DE27,tourism_nights,no,POOL_GR,2026-09-27T17:58:57.344071+00:00,2025-12,2026-06,6,1727334,1552888,1927079,1418865,2124659
467,Schwaben,region,DE27,tourism_nights,no,POOL_GR,2026-09-27T17:58:57.344071+00:00,2025-12,2026-07,7,1976014,1774134,2211359,1614130,2437845
467,Schwaben,region,DE27,tourism_nights,no,POOL_GR,2026-09-27T17:58:57.344071+00:00,2025-12,2026-08,8,2195864,1970495,2455326,1788885,2716747
467,Schwaben,region,DE27,tourism_nights,no,POOL_GR,2026-09-27T17:58:57.344071+00:00,2025-12,2026-09,9,1628183,1458940,1823181,1325603,2018224
467,Schwaben,region,DE27,tourism_nights,no,POOL_GR,2026-09-27T17:58:57.344071+00:00,2025-12,2026-10,10,1478066,1322918,1658032,1205075,1847975
467,Schwaben,region,DE27,tourism_nights,no,POOL_GR,2026-09-27T17:58:57.344071+00:00,2025-12,2026-11,11,682689,610010,766312,554202,853105
467,Schwaben,region,DE27,tourism_nights,no,POOL_GR,2026-09-27T17:58:57.344071+00:00,2025-12,2026-12,12,921159,822731,1035772,746461,1155303
415,Severen tsentralen,region,BG32,tourism_nights,no,POOL_GR,2026-09-27T17:58:57.344071+00:00,2025-12,2026-01,1,44516,40430,49131,36947,53803
415,Severen tsentralen,region,BG32,tourism_nights,no,POOL_GR,2026-09-27T17:58:57.344071+00:00,2025-12,2026-02,2,45633,41287,50526,37936,55308
415,Severen tsentralen,region,BG32,tourism_nights,no,POOL_GR,2026-09-27T17:58:57.344071+00:00,2025-12,2026-03,3,64690,58395,71884,53492,78985
415,Severen tsentralen,region,BG32,tourism_nights,no,POOL_GR,2026-09-27T17:58:57.344071+00:00,2025-12,2026-04,4,73742,66421,82040,60930,90112
415,Severen tsentralen,region,BG32,tourism_nights,no,POOL_GR,2026-09-27T17:58:57.344071+00:00,2025-12,2026-05,5,88909,79994,99160,73194,109094
415,Severen tsentralen,region,BG32,tourism_nights,no,POOL_GR,2026-09-27T17:58:57.344071+00:00,2025-12,2026-06,6,90575,81427,101049,74400,111409
415,Severen tsentralen,region,BG32,tourism_nights,no,POOL_GR,2026-09-27T17:58:57.344071+00:00,2025-12,2026-07,7,94006,84402,105202,76790,115977
415,Severen tsentralen,region,BG32,tourism_nights,no,POOL_GR,2026-09-27T17:58:57.344071+00:00,2025-12,2026-08,8,102500,91980,114611,83503,126814
415,Severen tsentralen,region,BG32,tourism_nights,no,POOL_GR,2026-09-27T17:58:57.344071+00:00,2025-12,2026-09,9,88841,79607,99481,72331,110124
415,Severen tsentralen,region,BG32,tourism_nights,no,POOL_GR,2026-09-27T17:58:57.344071+00:00,2025-12,2026-10,10,79619,71261,89313,64913,99544
415,Severen tsentralen,region,BG32,tourism_nights,no,POOL_GR,2026-09-27T17:58:57.344071+00:00,2025-12,2026-11,11,66716,59613,74888,54159,83370
415,Severen tsentralen,region,BG32,tourism_nights,no,POOL_GR,2026-09-27T17:58:57.344071+00:00,2025-12,2026-12,12,57363,51234,64500,46484,71944
434,Severoiztochen,region,BG33,tourism_nights,no,POOL_GR,2026-09-27T17:58:57.344071+00:00,2025-12,2026-01,1,88324,80217,97481,73306,106751
434,Severoiztochen,region,BG33,tourism_nights,no,POOL_GR,2026-09-27T17:58:57.344071+00:00,2025-12,2026-02,2,85207,77091,94343,70835,103271
434,Severoiztochen,region,BG33,tourism_nights,no,POOL_GR,2026-09-27T17:58:57.344071+00:00,2025-12,2026-03,3,107138,96712,119052,88592,130813
434,Severoiztochen,region,BG33,tourism_nights,no,POOL_GR,2026-09-27T17:58:57.344071+00:00,2025-12,2026-04,4,181776,163732,202233,150194,222131
434,Severoiztochen,region,BG33,tourism_nights,no,POOL_GR,2026-09-27T17:58:57.344071+00:00,2025-12,2026-05,5,323061,290667,360308,265958,396404
434,Severoiztochen,region,BG33,tourism_nights,no,POOL_GR,2026-09-27T17:58:57.344071+00:00,2025-12,2026-06,6,1179485,1060367,1315878,968851,1450792
434,Severoiztochen,region,BG33,tourism_nights,no,POOL_GR,2026-09-27T17:58:57.344071+00:00,2025-12,2026-07,7,1988386,1785242,2225204,1624236,2453108
434,Severoiztochen,region,BG33,tourism_nights,no,POOL_GR,2026-09-27T17:58:57.344071+00:00,2025-12,2026-08,8,2079092,1865708,2324757,1693756,2572275
434,Severoiztochen,region,BG33,tourism_nights,no,POOL_GR,2026-09-27T17:58:57.344071+00:00,2025-12,2026-09,9,880382,788870,985821,716773,1091283
434,Severoiztochen,region,BG33,tourism_nights,no,POOL_GR,2026-09-27T17:58:57.344071+00:00,2025-12,2026-10,10,171986,153933,192927,140221,215028
434,Severoiztochen,region,BG33,tourism_nights,no,POOL_GR,2026-09-27T17:58:57.344071+00:00,2025-12,2026-11,11,110874,99071,124455,90007,138551
434,Severoiztochen,region,BG33,tourism_nights,no,POOL_GR,2026-09-27T17:58:57.344071+00:00,2025-12,2026-12,12,101508,90662,114138,82257,127310
492,Severovýchod,region,CZ05,tourism_nights,no,POOL_GR,2026-09-27T17:58:57.344071+00:00,2025-12,2026-01,1,815123,740308,899628,676523,985181
492,Severovýchod,region,CZ05,tourism_nights,no,POOL_GR,2026-09-27T17:58:57.344071+00:00,2025-12,2026-02,2,945481,855424,1046862,786011,1145926
492,Severovýchod,region,CZ05,tourism_nights,no,POOL_GR,2026-09-27T17:58:57.344071+00:00,2025-12,2026-03,3,541126,488469,601299,447453,660702
492,Severovýchod,region,CZ05,tourism_nights,no,POOL_GR,2026-09-27T17:58:57.344071+00:00,2025-12,2026-04,4,488100,439647,543028,403297,596458
492,Severovýchod,region,CZ05,tourism_nights,no,POOL_GR,2026-09-27T17:58:57.344071+00:00,2025-12,2026-05,5,811565,730189,905135,668116,995812
492,Severovýchod,region,CZ05,tourism_nights,no,POOL_GR,2026-09-27T17:58:57.344071+00:00,2025-12,2026-06,6,936343,841781,1044620,769130,1151723
492,Severovýchod,region,CZ05,tourism_nights,no,POOL_GR,2026-09-27T17:58:57.344071+00:00,2025-12,2026-07,7,1460941,1311684,1634941,1193387,1802390
492,Severovýchod,region,CZ05,tourism_nights,no,POOL_GR,2026-09-27T17:58:57.344071+00:00,2025-12,2026-08,8,1574101,1412546,1760096,1282359,1947495
492,Severovýchod,region,CZ05,tourism_nights,no,POOL_GR,2026-09-27T17:58:57.344071+00:00,2025-12,2026-09,9,768109,688267,860101,625364,952114
492,Severovýchod,region,CZ05,tourism_nights,no,POOL_GR,2026-09-27T17:58:57.344071+00:00,2025-12,2026-10,10,599764,536808,672790,488991,749864
492,Severovýchod,region,CZ05,tourism_nights,no,POOL_GR,2026-09-27T17:58:57.344071+00:00,2025-12,2026-11,11,406322,363065,456093,329849,507750
492,Severovýchod,region,CZ05,tourism_nights,no,POOL_GR,2026-09-27T17:58:57.344071+00:00,2025-12,2026-12,12,481709,430237,541644,390352,604151
474,Severozápad,region,CZ04,tourism_nights,no,POOL_GR,2026-09-27T17:58:57.344071+00:00,2025-12,2026-01,1,389575,353818,429963,323333,470852
474,Severozápad,region,CZ04,tourism_nights,no,POOL_GR,2026-09-27T17:58:57.344071+00:00,2025-12,2026-02,2,490787,444039,543412,408008,594836
474,Severozápad,region,CZ04,tourism_nights,no,POOL_GR,2026-09-27T17:58:57.344071+00:00,2025-12,2026-03,3,504004,454959,560050,416758,615377
474,Severozápad,region,CZ04,tourism_nights,no,POOL_GR,2026-09-27T17:58:57.344071+00:00,2025-12,2026-04,4,573660,516713,638217,473991,701013
474,Severozápad,region,CZ04,tourism_nights,no,POOL_GR,2026-09-27T17:58:57.344071+00:00,2025-12,2026-05,5,687590,618644,766866,566053,843690
474,Severozápad,region,CZ04,tourism_nights,no,POOL_GR,2026-09-27T17:58:57.344071+00:00,2025-12,2026-06,6,653185,587219,728718,536539,803432
474,Severozápad,region,CZ04,tourism_nights,no,POOL_GR,2026-09-27T17:58:57.344071+00:00,2025-12,2026-07,7,820944,737072,918719,670597,1012814
474,Severozápad,region,CZ04,tourism_nights,no,POOL_GR,2026-09-27T17:58:57.344071+00:00,2025-12,2026-08,8,871706,782240,974707,710145,1078484
474,Severozápad,region,CZ04,tourism_nights,no,POOL_GR,2026-09-27T17:58:57.344071+00:00,2025-12,2026-09,9,677095,606714,758187,551265,839298
474,Severozápad,region,CZ04,tourism_nights,no,POOL_GR,2026-09-27T17:58:57.344071+00:00,2025-12,2026-10,10,675411,604516,757648,550666,844443
474,Severozápad,region,CZ04,tourism_nights,no,POOL_GR,2026-09-27T17:58:57.344071+00:00,2025-12,2026-11,11,521272,465777,585122,423164,651394
474,Severozápad,region,CZ04,tourism_nights,no,POOL_GR,2026-09-27T17:58:57.344071+00:00,2025-12,2026-12,12,474304,423623,533317,384351,594864
413,Severozapaden,region,BG31,tourism_nights,no,POOL_GR,2026-09-27T17:58:57.344071+00:00,2025-12,2026-01,1,41864,38021,46204,34745,50598
413,Severozapaden,region,BG31,tourism_nights,no,POOL_GR,2026-09-27T17:58:57.344071+00:00,2025-12,2026-02,2,43039,38940,47654,35780,52164
413,Severozapaden,region,BG31,tourism_nights,no,POOL_GR,2026-09-27T17:58:57.344071+00:00,2025-12,2026-03,3,55150,49783,61283,45603,67337
413,Severozapaden,region,BG31,tourism_nights,no,POOL_GR,2026-09-27T17:58:57.344071+00:00,2025-12,2026-04,4,61888,55744,68852,51135,75627
413,Severozapaden,region,BG31,tourism_nights,no,POOL_GR,2026-09-27T17:58:57.344071+00:00,2025-12,2026-05,5,67637,60855,75435,55681,82992
413,Severozapaden,region,BG31,tourism_nights,no,POOL_GR,2026-09-27T17:58:57.344071+00:00,2025-12,2026-06,6,72775,65425,81190,59779,89515
413,Severozapaden,region,BG31,tourism_nights,no,POOL_GR,2026-09-27T17:58:57.344071+00:00,2025-12,2026-07,7,83698,75147,93666,68370,103260
413,Severozapaden,region,BG31,tourism_nights,no,POOL_GR,2026-09-27T17:58:57.344071+00:00,2025-12,2026-08,8,92632,83125,103577,75464,114605
413,Severozapaden,region,BG31,tourism_nights,no,POOL_GR,2026-09-27T17:58:57.344071+00:00,2025-12,2026-09,9,73375,65748,82163,59739,90953
413,Severozapaden,region,BG31,tourism_nights,no,POOL_GR,2026-09-27T17:58:57.344071+00:00,2025-12,2026-10,10,62663,56085,70293,51089,78345
413,Severozapaden,region,BG31,tourism_nights,no,POOL_GR,2026-09-27T17:58:57.344071+00:00,2025-12,2026-11,11,53451,47760,59998,43391,66793
413,Severozapaden,region,BG31,tourism_nights,no,POOL_GR,2026-09-27T17:58:57.344071+00:00,2025-12,2026-12,12,54967,49094,61806,44543,68939
530,Sicilia,region,ITG1,tourism_nights,no,POOL_GR,2026-09-27T17:58:57.344071+00:00,2025-12,2026-01,1,656434,596184,724488,544817,793386
530,Sicilia,region,ITG1,tourism_nights,no,POOL_GR,2026-09-27T17:58:57.344071+00:00,2025-12,2026-02,2,696840,630466,771560,579307,844572
530,Sicilia,region,ITG1,tourism_nights,no,POOL_GR,2026-09-27T17:58:57.344071+00:00,2025-12,2026-03,3,1032095,931662,1146865,853433,1260165
530,Sicilia,region,ITG1,tourism_nights,no,POOL_GR,2026-09-27T17:58:57.344071+00:00,2025-12,2026-04,4,2000299,1801732,2225404,1652765,2444368
530,Sicilia,region,ITG1,tourism_nights,no,POOL_GR,2026-09-27T17:58:57.344071+00:00,2025-12,2026-05,5,2466351,2219048,2750711,2030407,3026277
530,Sicilia,region,ITG1,tourism_nights,no,POOL_GR,2026-09-27T17:58:57.344071+00:00,2025-12,2026-06,6,3072668,2762356,3427986,2523949,3779451
530,Sicilia,region,ITG1,tourism_nights,no,POOL_GR,2026-09-27T17:58:57.344071+00:00,2025-12,2026-07,7,3847716,3454613,4305984,3143052,4746999
530,Sicilia,region,ITG1,tourism_nights,no,POOL_GR,2026-09-27T17:58:57.344071+00:00,2025-12,2026-08,8,4522163,4058040,5056501,3684032,5594870
530,Sicilia,region,ITG1,tourism_nights,no,POOL_GR,2026-09-27T17:58:57.344071+00:00,2025-12,2026-09,9,3257212,2918638,3647310,2651895,4037497
530,Sicilia,region,ITG1,tourism_nights,no,POOL_GR,2026-09-27T17:58:57.344071+00:00,2025-12,2026-10,10,2159347,1932687,2422264,1760527,2699757
530,Sicilia,region,ITG1,tourism_nights,no,POOL_GR,2026-09-27T17:58:57.344071+00:00,2025-12,2026-11,11,777077,694349,872261,630825,971055
530,Sicilia,region,ITG1,tourism_nights,no,POOL_GR,2026-09-27T17:58:57.344071+00:00,2025-12,2026-12,12,592670,529341,666411,480269,743317
457,Sjælland,region,DK02,tourism_nights,no,POOL_GR,2026-09-27T17:58:57.344071+00:00,2025-12,2026-01,1,105727,96023,116688,87750,127785
457,Sjælland,region,DK02,tourism_nights,no,POOL_GR,2026-09-27T17:58:57.344071+00:00,2025-12,2026-02,2,136931,123888,151613,113835,165961
457,Sjælland,region,DK02,tourism_nights,no,POOL_GR,2026-09-27T17:58:57.344071+00:00,2025-12,2026-03,3,142854,128952,158739,118125,174421
457,Sjælland,region,DK02,tourism_nights,no,POOL_GR,2026-09-27T17:58:57.344071+00:00,2025-12,2026-04,4,274319,247088,305190,226658,335218
457,Sjælland,region,DK02,tourism_nights,no,POOL_GR,2026-09-27T17:58:57.344071+00:00,2025-12,2026-05,5,329816,296745,367843,271519,404693
457,Sjælland,region,DK02,tourism_nights,no,POOL_GR,2026-09-27T17:58:57.344071+00:00,2025-12,2026-06,6,388433,349205,433351,319067,477782
457,Sjælland,region,DK02,tourism_nights,no,POOL_GR,2026-09-27T17:58:57.344071+00:00,2025-12,2026-07,7,725284,651185,811666,592456,894796
457,Sjælland,region,DK02,tourism_nights,no,POOL_GR,2026-09-27T17:58:57.344071+00:00,2025-12,2026-08,8,551813,495178,617015,449540,682709
457,Sjælland,region,DK02,tourism_nights,no,POOL_GR,2026-09-27T17:58:57.344071+00:00,2025-12,2026-09,9,265522,237922,297322,216178,329129
457,Sjælland,region,DK02,tourism_nights,no,POOL_GR,2026-09-27T17:58:57.344071+00:00,2025-12,2026-10,10,223632,200158,250861,182329,279600
457,Sjælland,region,DK02,tourism_nights,no,POOL_GR,2026-09-27T17:58:57.344071+00:00,2025-12,2026-11,11,135786,121330,152418,110230,169681
457,Sjælland,region,DK02,tourism_nights,no,POOL_GR,2026-09-27T17:58:57.344071+00:00,2025-12,2026-12,12,113229,101130,127317,91755,142010
583,Sjeverna Hrvatska,region,HR06,tourism_nights,no,POOL_GR,2026-09-27T17:58:57.344071+00:00,2025-12,2026-01,1,80534,73142,88883,66840,97336
583,Sjeverna Hrvatska,region,HR06,tourism_nights,no,POOL_GR,2026-09-27T17:58:57.344071+00:00,2025-12,2026-02,2,73702,66682,81605,61271,89327
583,Sjeverna Hrvatska,region,HR06,tourism_nights,no,POOL_GR,2026-09-27T17:58:57.344071+00:00,2025-12,2026-03,3,70224,63391,78033,58068,85742
583,Sjeverna Hrvatska,region,HR06,tourism_nights,no,POOL_GR,2026-09-27T17:58:57.344071+00:00,2025-12,2026-04,4,94693,85293,105349,78241,115715
583,Sjeverna Hrvatska,region,HR06,tourism_nights,no,POOL_GR,2026-09-27T17:58:57.344071+00:00,2025-12,2026-05,5,117194,105443,130706,96479,143800
583,Sjeverna Hrvatska,region,HR06,tourism_nights,no,POOL_GR,2026-09-27T17:58:57.344071+00:00,2025-12,2026-06,6,128434,115463,143286,105498,157977
583,Sjeverna Hrvatska,region,HR06,tourism_nights,no,POOL_GR,2026-09-27T17:58:57.344071+00:00,2025-12,2026-07,7,171130,153646,191511,139789,211126
583,Sjeverna Hrvatska,region,HR06,tourism_nights,no,POOL_GR,2026-09-27T17:58:57.344071+00:00,2025-12,2026-08,8,213165,191287,238353,173657,263730
583,Sjeverna Hrvatska,region,HR06,tourism_nights,no,POOL_GR,2026-09-27T17:58:57.344071+00:00,2025-12,2026-09,9,119977,107505,134345,97680,148718
583,Sjeverna Hrvatska,region,HR06,tourism_nights,no,POOL_GR,2026-09-27T17:58:57.344071+00:00,2025-12,2026-10,10,104718,93726,117468,85377,130925
583,Sjeverna Hrvatska,region,HR06,tourism_nights,no,POOL_GR,2026-09-27T17:58:57.344071+00:00,2025-12,2026-11,11,90294,80681,101354,73300,112833
583,Sjeverna Hrvatska,region,HR06,tourism_nights,no,POOL_GR,2026-09-27T17:58:57.344071+00:00,2025-12,2026-12,12,93149,83196,104739,75483,116826
589,Śląskie,region,PL22,tourism_nights,no,POOL_GR,2026-09-27T17:58:57.344071+00:00,2025-12,2026-01,1,505264,458889,557645,419351,610677
589,Śląskie,region,PL22,tourism_nights,no,POOL_GR,2026-09-27T17:58:57.344071+00:00,2025-12,2026-02,2,592202,535795,655702,492318,717751
589,Śląskie,region,PL22,tourism_nights,no,POOL_GR,2026-09-27T17:58:57.344071+00:00,2025-12,2026-03,3,465531,420230,517299,384945,568403
589,Śląskie,region,PL22,tourism_nights,no,POOL_GR,2026-09-27T17:58:57.344071+00:00,2025-12,2026-04,4,470331,423642,523261,388616,574746
589,Śląskie,region,PL22,tourism_nights,no,POOL_GR,2026-09-27T17:58:57.344071+00:00,2025-12,2026-05,5,589244,530160,657182,485091,723018
589,Śląskie,region,PL22,tourism_nights,no,POOL_GR,2026-09-27T17:58:57.344071+00:00,2025-12,2026-06,6,625687,562498,698041,513952,769609
589,Śląskie,region,PL22,tourism_nights,no,POOL_GR,2026-09-27T17:58:57.344071+00:00,2025-12,2026-07,7,682505,612776,763792,557512,842018
589,Śląskie,region,PL22,tourism_nights,no,POOL_GR,2026-09-27T17:58:57.344071+00:00,2025-12,2026-08,8,803408,720952,898339,654506,993986
589,Śląskie,region,PL22,tourism_nights,no,POOL_GR,2026-09-27T17:58:57.344071+00:00,2025-12,2026-09,9,622509,557802,697064,506823,771635
589,Śląskie,region,PL22,tourism_nights,no,POOL_GR,2026-09-27T17:58:57.344071+00:00,2025-12,2026-10,10,590754,528744,662683,481645,738599
589,Śląskie,region,PL22,tourism_nights,no,POOL_GR,2026-09-27T17:58:57.344071+00:00,2025-12,2026-11,11,518129,462969,581595,420613,647468
589,Śląskie,region,PL22,tourism_nights,no,POOL_GR,2026-09-27T17:58:57.344071+00:00,2025-12,2026-12,12,499761,446360,561942,404980,626791
349,Slovakia,country,SK,tourism_nights,yes,POOL_GR_WG,2026-09-27T17:58:57.344071+00:00,2026-06,2026-07,1,1953622,1818936,2100770,1690053,2234456
349,Slovakia,country,SK,tourism_nights,yes,POOL_GR_WG,2026-09-27T17:58:57.344071+00:00,2026-06,2026-08,2,2212648,2062637,2387348,1931573,2532602
349,Slovakia,country,SK,tourism_nights,yes,POOL_GR_WG,2026-09-27T17:58:57.344071+00:00,2026-06,2026-09,3,1372495,1275688,1490445,1197659,1569805
349,Slovakia,country,SK,tourism_nights,yes,POOL_GR_WG,2026-09-27T17:58:57.344071+00:00,2026-06,2026-10,4,1314043,1220800,1425003,1141429,1504443
349,Slovakia,country,SK,tourism_nights,yes,POOL_GR_WG,2026-09-27T17:58:57.344071+00:00,2026-06,2026-11,5,1103383,1024085,1199046,960641,1265386
349,Slovakia,country,SK,tourism_nights,yes,POOL_GR_WG,2026-09-27T17:58:57.344071+00:00,2026-06,2026-12,6,1040812,964948,1129864,900136,1193076
349,Slovakia,country,SK,tourism_nights,yes,POOL_GR_WG,2026-09-27T17:58:57.344071+00:00,2026-06,2027-01,7,1155557,1070043,1256456,1001041,1326297
349,Slovakia,country,SK,tourism_nights,yes,POOL_GR_WG,2026-09-27T17:58:57.344071+00:00,2026-06,2027-02,8,1335454,1234933,1451613,1151776,1535837
349,Slovakia,country,SK,tourism_nights,yes,POOL_GR_WG,2026-09-27T17:58:57.344071+00:00,2026-06,2027-03,9,1070687,990306,1163469,926574,1229036
349,Slovakia,country,SK,tourism_nights,yes,POOL_GR_WG,2026-09-27T17:58:57.344071+00:00,2026-06,2027-04,10,1131057,1044150,1234129,977379,1303840
349,Slovakia,country,SK,tourism_nights,yes,POOL_GR_WG,2026-09-27T17:58:57.344071+00:00,2026-06,2027-05,11,1392674,1285784,1516850,1199657,1601607
349,Slovakia,country,SK,tourism_nights,yes,POOL_GR_WG,2026-09-27T17:58:57.344071+00:00,2026-06,2027-06,12,1484854,1371262,1622388,1277275,1722161
351,Slovenia,country,SI,tourism_nights,yes,POOL_GR_WG,2026-09-27T17:58:57.344071+00:00,2026-07,2026-08,1,3501638,3260230,3765384,3029221,4005000
351,Slovenia,country,SI,tourism_nights,yes,POOL_GR_WG,2026-09-27T17:58:57.344071+00:00,2026-07,2026-09,2,1850355,1724906,1996449,1615302,2117920
351,Slovenia,country,SI,tourism_nights,yes,POOL_GR_WG,2026-09-27T17:58:57.344071+00:00,2026-07,2026-10,3,1278093,1187945,1387930,1115283,1461832
351,Slovenia,country,SI,tourism_nights,yes,POOL_GR_WG,2026-09-27T17:58:57.344071+00:00,2026-07,2026-11,4,761252,707235,825534,661253,871555
351,Slovenia,country,SI,tourism_nights,yes,POOL_GR_WG,2026-09-27T17:58:57.344071+00:00,2026-07,2026-12,5,912526,846944,991641,794475,1046506
351,Slovenia,country,SI,tourism_nights,yes,POOL_GR_WG,2026-09-27T17:58:57.344071+00:00,2026-07,2027-01,6,905602,839593,983085,783201,1038086
351,Slovenia,country,SI,tourism_nights,yes,POOL_GR_WG,2026-09-27T17:58:57.344071+00:00,2026-07,2027-02,7,861914,798130,937173,746662,989266
351,Slovenia,country,SI,tourism_nights,yes,POOL_GR_WG,2026-09-27T17:58:57.344071+00:00,2026-07,2027-03,8,864903,799801,940133,745945,994681
351,Slovenia,country,SI,tourism_nights,yes,POOL_GR_WG,2026-09-27T17:58:57.344071+00:00,2026-07,2027-04,9,1208347,1117631,1313058,1045705,1387055
351,Slovenia,country,SI,tourism_nights,yes,POOL_GR_WG,2026-09-27T17:58:57.344071+00:00,2026-07,2027-05,10,1648214,1521570,1798414,1424270,1899999
351,Slovenia,country,SI,tourism_nights,yes,POOL_GR_WG,2026-09-27T17:58:57.344071+00:00,2026-07,2027-06,11,2075377,1916088,2260426,1787741,2386732
351,Slovenia,country,SI,tourism_nights,yes,POOL_GR_WG,2026-09-27T17:58:57.344071+00:00,2026-07,2027-07,12,3374603,3116445,3687175,2902843,3913929
621,Småland med öarna,region,SE21,tourism_nights,no,POOL_GR,2026-09-27T17:58:57.344071+00:00,2025-12,2026-01,1,165902,150675,183101,137693,200514
621,Småland med öarna,region,SE21,tourism_nights,no,POOL_GR,2026-09-27T17:58:57.344071+00:00,2025-12,2026-02,2,182227,164870,201766,151492,220860
621,Småland med öarna,region,SE21,tourism_nights,no,POOL_GR,2026-09-27T17:58:57.344071+00:00,2025-12,2026-03,3,206332,186254,229276,170615,251927
621,Småland med öarna,region,SE21,tourism_nights,no,POOL_GR,2026-09-27T17:58:57.344071+00:00,2025-12,2026-04,4,284744,256477,316787,235272,347957
621,Småland med öarna,region,SE21,tourism_nights,no,POOL_GR,2026-09-27T17:58:57.344071+00:00,2025-12,2026-05,5,563045,506588,627961,463523,690870
621,Småland med öarna,region,SE21,tourism_nights,no,POOL_GR,2026-09-27T17:58:57.344071+00:00,2025-12,2026-06,6,982659,883419,1096292,807175,1208692
621,Småland med öarna,region,SE21,tourism_nights,no,POOL_GR,2026-09-27T17:58:57.344071+00:00,2025-12,2026-07,7,2127132,1909813,2380476,1737572,2624282
621,Småland med öarna,region,SE21,tourism_nights,no,POOL_GR,2026-09-27T17:58:57.344071+00:00,2025-12,2026-08,8,1216567,1091707,1360316,991090,1505150
621,Småland med öarna,region,SE21,tourism_nights,no,POOL_GR,2026-09-27T17:58:57.344071+00:00,2025-12,2026-09,9,440517,394727,493275,358652,546045
621,Småland med öarna,region,SE21,tourism_nights,no,POOL_GR,2026-09-27T17:58:57.344071+00:00,2025-12,2026-10,10,290775,260254,326180,237071,363546
621,Småland med öarna,region,SE21,tourism_nights,no,POOL_GR,2026-09-27T17:58:57.344071+00:00,2025-12,2026-11,11,217831,194641,244513,176833,272207
621,Småland med öarna,region,SE21,tourism_nights,no,POOL_GR,2026-09-27T17:58:57.344071+00:00,2025-12,2026-12,12,178701,159606,200935,144810,224124
516,Sostinės regionas,region,LT01,tourism_nights,no,POOL_GR,2026-09-27T17:58:57.344071+00:00,2025-12,2026-01,1,172124,156326,189968,142857,208034
516,Sostinės regionas,region,LT01,tourism_nights,no,POOL_GR,2026-09-27T17:58:57.344071+00:00,2025-12,2026-02,2,208486,188627,230841,173321,252685
516,Sostinės regionas,region,LT01,tourism_nights,no,POOL_GR,2026-09-27T17:58:57.344071+00:00,2025-12,2026-03,3,247300,223235,274800,204490,301947
516,Sostinės regionas,region,LT01,tourism_nights,no,POOL_GR,2026-09-27T17:58:57.344071+00:00,2025-12,2026-04,4,245863,221457,273532,203147,300445
516,Sostinės regionas,region,LT01,tourism_nights,no,POOL_GR,2026-09-27T17:58:57.344071+00:00,2025-12,2026-05,5,300383,270263,335015,247288,368577
516,Sostinės regionas,region,LT01,tourism_nights,no,POOL_GR,2026-09-27T17:58:57.344071+00:00,2025-12,2026-06,6,311634,280162,347671,255982,383317
516,Sostinės regionas,region,LT01,tourism_nights,no,POOL_GR,2026-09-27T17:58:57.344071+00:00,2025-12,2026-07,7,370887,332995,415060,302963,457570
516,Sostinės regionas,region,LT01,tourism_nights,no,POOL_GR,2026-09-27T17:58:57.344071+00:00,2025-12,2026-08,8,376003,337412,420431,306315,465195
516,Sostinės regionas,region,LT01,tourism_nights,no,POOL_GR,2026-09-27T17:58:57.344071+00:00,2025-12,2026-09,9,305744,273963,342361,248925,378987
516,Sostinės regionas,region,LT01,tourism_nights,no,POOL_GR,2026-09-27T17:58:57.344071+00:00,2025-12,2026-10,10,269631,241329,302461,219832,337111
516,Sostinės regionas,region,LT01,tourism_nights,no,POOL_GR,2026-09-27T17:58:57.344071+00:00,2025-12,2026-11,11,235040,210018,263831,190804,293712
516,Sostinės regionas,region,LT01,tourism_nights,no,POOL_GR,2026-09-27T17:58:57.344071+00:00,2025-12,2026-12,12,258475,230856,290635,209455,324175
580,Southern,region,IE05,tourism_nights,no,POOL_GR,2026-09-27T17:58:57.344071+00:00,2025-12,2026-01,1,604320,548853,666970,501564,730398
580,Southern,region,IE05,tourism_nights,no,POOL_GR,2026-09-27T17:58:57.344071+00:00,2025-12,2026-02,2,561951,508425,622207,467170,681087
580,Southern,region,IE05,tourism_nights,no,POOL_GR,2026-09-27T17:58:57.344071+00:00,2025-12,2026-03,3,420093,379213,466807,347372,512924
580,Southern,region,IE05,tourism_nights,no,POOL_GR,2026-09-27T17:58:57.344071+00:00,2025-12,2026-04,4,1760316,1585572,1958415,1454477,2151109
580,Southern,region,IE05,tourism_nights,no,POOL_GR,2026-09-27T17:58:57.344071+00:00,2025-12,2026-05,5,1979253,1780791,2207452,1629406,2428594
580,Southern,region,IE05,tourism_nights,no,POOL_GR,2026-09-27T17:58:57.344071+00:00,2025-12,2026-06,6,1984938,1784477,2214473,1630467,2441518
580,Southern,region,IE05,tourism_nights,no,POOL_GR,2026-09-27T17:58:57.344071+00:00,2025-12,2026-07,7,2377466,2134572,2660625,1942061,2933124
580,Southern,region,IE05,tourism_nights,no,POOL_GR,2026-09-27T17:58:57.344071+00:00,2025-12,2026-08,8,4160580,3733567,4652193,3389464,5147516
580,Southern,region,IE05,tourism_nights,no,POOL_GR,2026-09-27T17:58:57.344071+00:00,2025-12,2026-09,9,995784,892276,1115044,810729,1234330
580,Southern,region,IE05,tourism_nights,no,POOL_GR,2026-09-27T17:58:57.344071+00:00,2025-12,2026-10,10,1301461,1164851,1459924,1061088,1627172
580,Southern,region,IE05,tourism_nights,no,POOL_GR,2026-09-27T17:58:57.344071+00:00,2025-12,2026-11,11,1161237,1037611,1303477,942683,1451111
580,Southern,region,IE05,tourism_nights,no,POOL_GR,2026-09-27T17:58:57.344071+00:00,2025-12,2026-12,12,1121877,1002001,1261463,909111,1407039
305,Spain,country,ES,tourism_nights,yes,POOL_GR_WG,2026-09-27T17:58:57.344071+00:00,2026-06,2026-07,1,68217130,63514154,73355307,59013758,78023372
305,Spain,country,ES,tourism_nights,yes,POOL_GR_WG,2026-09-27T17:58:57.344071+00:00,2026-06,2026-08,2,76557280,71366918,82601856,66832139,87627645
305,Spain,country,ES,tourism_nights,yes,POOL_GR_WG,2026-09-27T17:58:57.344071+00:00,2026-06,2026-09,3,56066696,52112113,60884974,48924622,64126832
305,Spain,country,ES,tourism_nights,yes,POOL_GR_WG,2026-09-27T17:58:57.344071+00:00,2026-06,2026-10,4,46608261,43301006,50543934,40485752,53361634
305,Spain,country,ES,tourism_nights,yes,POOL_GR_WG,2026-09-27T17:58:57.344071+00:00,2026-06,2026-11,5,28435033,26391458,30900337,24756464,32609975
305,Spain,country,ES,tourism_nights,yes,POOL_GR_WG,2026-09-27T17:58:57.344071+00:00,2026-06,2026-12,6,26728703,24780460,29015609,23116052,30638946
305,Spain,country,ES,tourism_nights,yes,POOL_GR_WG,2026-09-27T17:58:57.344071+00:00,2026-06,2027-01,7,24834318,22996516,27002748,21513577,28503718
305,Spain,country,ES,tourism_nights,yes,POOL_GR_WG,2026-09-27T17:58:57.344071+00:00,2026-06,2027-02,8,26154574,24185892,28429535,22557286,30079046
305,Spain,country,ES,tourism_nights,yes,POOL_GR_WG,2026-09-27T17:58:57.344071+00:00,2026-06,2027-03,9,32707137,30251677,35541416,28304810,37544338
305,Spain,country,ES,tourism_nights,yes,POOL_GR_WG,2026-09-27T17:58:57.344071+00:00,2026-06,2027-04,10,41425303,38242305,45200347,35796809,47753529
305,Spain,country,ES,tourism_nights,yes,POOL_GR_WG,2026-09-27T17:58:57.344071+00:00,2026-06,2027-05,11,50305468,46444438,54790892,43333393,57852455
305,Spain,country,ES,tourism_nights,yes,POOL_GR_WG,2026-09-27T17:58:57.344071+00:00,2026-06,2027-06,12,55804972,51535878,60973881,48003591,64723661
414,Steiermark,region,AT22,tourism_nights,no,POOL_GR,2026-09-27T17:58:57.344071+00:00,2025-12,2026-01,1,1109281,1007467,1224282,920664,1340710
414,Steiermark,region,AT22,tourism_nights,no,POOL_GR,2026-09-27T17:58:57.344071+00:00,2025-12,2026-02,2,1195479,1081609,1323666,993843,1448925
414,Steiermark,region,AT22,tourism_nights,no,POOL_GR,2026-09-27T17:58:57.344071+00:00,2025-12,2026-03,3,842234,760276,935891,696438,1028349
414,Steiermark,region,AT22,tourism_nights,no,POOL_GR,2026-09-27T17:58:57.344071+00:00,2025-12,2026-04,4,651904,587190,725266,538641,796627
414,Steiermark,region,AT22,tourism_nights,no,POOL_GR,2026-09-27T17:58:57.344071+00:00,2025-12,2026-05,5,821912,739498,916675,676633,1008507
414,Steiermark,region,AT22,tourism_nights,no,POOL_GR,2026-09-27T17:58:57.344071+00:00,2025-12,2026-06,6,1209039,1086936,1348850,993128,1487144
414,Steiermark,region,AT22,tourism_nights,no,POOL_GR,2026-09-27T17:58:57.344071+00:00,2025-12,2026-07,7,1402031,1258792,1569015,1145265,1729712
414,Steiermark,region,AT22,tourism_nights,no,POOL_GR,2026-09-27T17:58:57.344071+00:00,2025-12,2026-08,8,1691481,1517879,1891346,1377984,2092719
414,Steiermark,region,AT22,tourism_nights,no,POOL_GR,2026-09-27T17:58:57.344071+00:00,2025-12,2026-09,9,1050936,941695,1176800,855631,1302694
414,Steiermark,region,AT22,tourism_nights,no,POOL_GR,2026-09-27T17:58:57.344071+00:00,2025-12,2026-10,10,884579,791728,992283,721202,1105959
414,Steiermark,region,AT22,tourism_nights,no,POOL_GR,2026-09-27T17:58:57.344071+00:00,2025-12,2026-11,11,537719,480473,603584,436516,671947
414,Steiermark,region,AT22,tourism_nights,no,POOL_GR,2026-09-27T17:58:57.344071+00:00,2025-12,2026-12,12,977071,872668,1098640,791768,1225426
441,Sterea Elláda,region,EL64,tourism_nights,no,POOL_GR,2026-09-27T17:58:57.344071+00:00,2025-12,2026-01,1,99300,90186,109594,82415,120017
441,Sterea Elláda,region,EL64,tourism_nights,no,POOL_GR,2026-09-27T17:58:57.344071+00:00,2025-12,2026-02,2,92085,83314,101959,76554,111608
441,Sterea Elláda,region,EL64,tourism_nights,no,POOL_GR,2026-09-27T17:58:57.344071+00:00,2025-12,2026-03,3,128217,115740,142475,106022,156550
441,Sterea Elláda,region,EL64,tourism_nights,no,POOL_GR,2026-09-27T17:58:57.344071+00:00,2025-12,2026-04,4,195220,175841,217190,161303,238560
441,Sterea Elláda,region,EL64,tourism_nights,no,POOL_GR,2026-09-27T17:58:57.344071+00:00,2025-12,2026-05,5,224241,201757,250096,184605,275150
441,Sterea Elláda,region,EL64,tourism_nights,no,POOL_GR,2026-09-27T17:58:57.344071+00:00,2025-12,2026-06,6,405982,364981,452929,333481,499367
441,Sterea Elláda,region,EL64,tourism_nights,no,POOL_GR,2026-09-27T17:58:57.344071+00:00,2025-12,2026-07,7,607392,545337,679733,496155,749351
441,Sterea Elláda,region,EL64,tourism_nights,no,POOL_GR,2026-09-27T17:58:57.344071+00:00,2025-12,2026-08,8,840892,754589,940251,685042,1040361
441,Sterea Elláda,region,EL64,tourism_nights,no,POOL_GR,2026-09-27T17:58:57.344071+00:00,2025-12,2026-09,9,436164,390826,488400,355107,540649
441,Sterea Elláda,region,EL64,tourism_nights,no,POOL_GR,2026-09-27T17:58:57.344071+00:00,2025-12,2026-10,10,179008,160218,200804,145946,223808
441,Sterea Elláda,region,EL64,tourism_nights,no,POOL_GR,2026-09-27T17:58:57.344071+00:00,2025-12,2026-11,11,90083,80493,101118,73129,112570
441,Sterea Elláda,region,EL64,tourism_nights,no,POOL_GR,2026-09-27T17:58:57.344071+00:00,2025-12,2026-12,12,103358,92314,116218,83756,129630
619,Stockholm,region,SE11,tourism_nights,no,POOL_GR,2026-09-27T17:58:57.344071+00:00,2025-12,2026-01,1,906677,823459,1000674,752510,1095837
619,Stockholm,region,SE11,tourism_nights,no,POOL_GR,2026-09-27T17:58:57.344071+00:00,2025-12,2026-02,2,954139,863257,1056447,793208,1156419
619,Stockholm,region,SE11,tourism_nights,no,POOL_GR,2026-09-27T17:58:57.344071+00:00,2025-12,2026-03,3,1175496,1061108,1306212,972010,1435254
619,Stockholm,region,SE11,tourism_nights,no,POOL_GR,2026-09-27T17:58:57.344071+00:00,2025-12,2026-04,4,1168259,1052288,1299730,965285,1427614
619,Stockholm,region,SE11,tourism_nights,no,POOL_GR,2026-09-27T17:58:57.344071+00:00,2025-12,2026-05,5,1513576,1361808,1688085,1246041,1857197
619,Stockholm,region,SE11,tourism_nights,no,POOL_GR,2026-09-27T17:58:57.344071+00:00,2025-12,2026-06,6,1559466,1401974,1739800,1280975,1918178
619,Stockholm,region,SE11,tourism_nights,no,POOL_GR,2026-09-27T17:58:57.344071+00:00,2025-12,2026-07,7,1877896,1686040,2101555,1533981,2316795
619,Stockholm,region,SE11,tourism_nights,no,POOL_GR,2026-09-27T17:58:57.344071+00:00,2025-12,2026-08,8,1882222,1689044,2104625,1533374,2328706
619,Stockholm,region,SE11,tourism_nights,no,POOL_GR,2026-09-27T17:58:57.344071+00:00,2025-12,2026-09,9,1423024,1275106,1593451,1158570,1763918
619,Stockholm,region,SE11,tourism_nights,no,POOL_GR,2026-09-27T17:58:57.344071+00:00,2025-12,2026-10,10,1446645,1294795,1622785,1179457,1808690
619,Stockholm,region,SE11,tourism_nights,no,POOL_GR,2026-09-27T17:58:57.344071+00:00,2025-12,2026-11,11,1236205,1104598,1387628,1003541,1544792
619,Stockholm,region,SE11,tourism_nights,no,POOL_GR,2026-09-27T17:58:57.344071+00:00,2025-12,2026-12,12,1158000,1034264,1302080,938384,1452344
603,Stredné Slovensko,region,SK03,tourism_nights,no,POOL_GR,2026-09-27T17:58:57.344071+00:00,2025-12,2026-01,1,477952,434084,527502,396683,577667
603,Stredné Slovensko,region,SK03,tourism_nights,no,POOL_GR,2026-09-27T17:58:57.344071+00:00,2025-12,2026-02,2,574177,519486,635744,477333,695905
603,Stredné Slovensko,region,SK03,tourism_nights,no,POOL_GR,2026-09-27T17:58:57.344071+00:00,2025-12,2026-03,3,382016,344842,424496,315886,466433
603,Stredné Slovensko,region,SK03,tourism_nights,no,POOL_GR,2026-09-27T17:58:57.344071+00:00,2025-12,2026-04,4,325221,292937,361820,268717,397421
603,Stredné Slovensko,region,SK03,tourism_nights,no,POOL_GR,2026-09-27T17:58:57.344071+00:00,2025-12,2026-05,5,429611,386533,479143,353674,527144
603,Stredné Slovensko,region,SK03,tourism_nights,no,POOL_GR,2026-09-27T17:58:57.344071+00:00,2025-12,2026-06,6,463105,416335,516657,380403,569629
603,Stredné Slovensko,region,SK03,tourism_nights,no,POOL_GR,2026-09-27T17:58:57.344071+00:00,2025-12,2026-07,7,650158,583734,727592,531089,802112
603,Stredné Slovensko,region,SK03,tourism_nights,no,POOL_GR,2026-09-27T17:58:57.344071+00:00,2025-12,2026-08,8,792969,711584,886666,646001,981070
603,Stredné Slovensko,region,SK03,tourism_nights,no,POOL_GR,2026-09-27T17:58:57.344071+00:00,2025-12,2026-09,9,426244,381938,477293,347031,528353
603,Stredné Slovensko,region,SK03,tourism_nights,no,POOL_GR,2026-09-27T17:58:57.344071+00:00,2025-12,2026-10,10,417374,373564,468193,340288,521829
603,Stredné Slovensko,region,SK03,tourism_nights,no,POOL_GR,2026-09-27T17:58:57.344071+00:00,2025-12,2026-11,11,357256,319222,401016,290017,446436
603,Stredné Slovensko,region,SK03,tourism_nights,no,POOL_GR,2026-09-27T17:58:57.344071+00:00,2025-12,2026-12,12,371850,332116,418116,301328,466367
466,Střední Čechy,region,CZ02,tourism_nights,no,POOL_GR,2026-09-27T17:58:57.344071+00:00,2025-12,2026-01,1,120167,109138,132625,99734,145237
466,Střední Čechy,region,CZ02,tourism_nights,no,POOL_GR,2026-09-27T17:58:57.344071+00:00,2025-12,2026-02,2,127824,115648,141530,106264,154923
466,Střední Čechy,region,CZ02,tourism_nights,no,POOL_GR,2026-09-27T17:58:57.344071+00:00,2025-12,2026-03,3,163275,147386,181431,135011,199355
466,Střední Čechy,region,CZ02,tourism_nights,no,POOL_GR,2026-09-27T17:58:57.344071+00:00,2025-12,2026-04,4,223880,201655,249074,184983,273581
466,Střední Čechy,region,CZ02,tourism_nights,no,POOL_GR,2026-09-27T17:58:57.344071+00:00,2025-12,2026-05,5,313592,282148,349748,258163,384786
466,Střední Čechy,region,CZ02,tourism_nights,no,POOL_GR,2026-09-27T17:58:57.344071+00:00,2025-12,2026-06,6,318951,286740,355834,261993,392317
466,Střední Čechy,region,CZ02,tourism_nights,no,POOL_GR,2026-09-27T17:58:57.344071+00:00,2025-12,2026-07,7,557876,500880,624319,455707,688261
466,Střední Čechy,region,CZ02,tourism_nights,no,POOL_GR,2026-09-27T17:58:57.344071+00:00,2025-12,2026-08,8,558627,501293,624634,455091,691139
466,Střední Čechy,region,CZ02,tourism_nights,no,POOL_GR,2026-09-27T17:58:57.344071+00:00,2025-12,2026-09,9,311161,278817,348427,253335,385702
466,Střední Čechy,region,CZ02,tourism_nights,no,POOL_GR,2026-09-27T17:58:57.344071+00:00,2025-12,2026-10,10,223470,200014,250680,182197,279397
466,Střední Čechy,region,CZ02,tourism_nights,no,POOL_GR,2026-09-27T17:58:57.344071+00:00,2025-12,2026-11,11,183100,163607,205528,148639,228806
466,Střední Čechy,region,CZ02,tourism_nights,no,POOL_GR,2026-09-27T17:58:57.344071+00:00,2025-12,2026-12,12,150229,134177,168921,121738,188415
496,Střední Morava,region,CZ07,tourism_nights,no,POOL_GR,2026-09-27T17:58:57.344071+00:00,2025-12,2026-01,1,233193,211790,257369,193542,281844
496,Střední Morava,region,CZ07,tourism_nights,no,POOL_GR,2026-09-27T17:58:57.344071+00:00,2025-12,2026-02,2,306536,277339,339405,254834,371523
496,Střední Morava,region,CZ07,tourism_nights,no,POOL_GR,2026-09-27T17:58:57.344071+00:00,2025-12,2026-03,3,280789,253465,312013,232183,342837
496,Střední Morava,region,CZ07,tourism_nights,no,POOL_GR,2026-09-27T17:58:57.344071+00:00,2025-12,2026-04,4,337816,304282,375832,279124,412812
496,Střední Morava,region,CZ07,tourism_nights,no,POOL_GR,2026-09-27T17:58:57.344071+00:00,2025-12,2026-05,5,461510,415234,514721,379935,566285
496,Střední Morava,region,CZ07,tourism_nights,no,POOL_GR,2026-09-27T17:58:57.344071+00:00,2025-12,2026-06,6,461208,414631,514542,378846,567297
496,Střední Morava,region,CZ07,tourism_nights,no,POOL_GR,2026-09-27T17:58:57.344071+00:00,2025-12,2026-07,7,657964,590743,736329,537466,811743
496,Střední Morava,region,CZ07,tourism_nights,no,POOL_GR,2026-09-27T17:58:57.344071+00:00,2025-12,2026-08,8,693429,622260,775364,564909,857918
496,Střední Morava,region,CZ07,tourism_nights,no,POOL_GR,2026-09-27T17:58:57.344071+00:00,2025-12,2026-09,9,438803,393191,491356,357256,543921
496,Střední Morava,region,CZ07,tourism_nights,no,POOL_GR,2026-09-27T17:58:57.344071+00:00,2025-12,2026-10,10,365493,327128,409994,297988,456963
496,Střední Morava,region,CZ07,tourism_nights,no,POOL_GR,2026-09-27T17:58:57.344071+00:00,2025-12,2026-11,11,295546,264082,331748,239922,369322
496,Střední Morava,region,CZ07,tourism_nights,no,POOL_GR,2026-09-27T17:58:57.344071+00:00,2025-12,2026-12,12,210425,187941,236607,170518,263912
500,Stuttgart,region,DE11,tourism_nights,no,POOL_GR,2026-09-27T17:58:57.344071+00:00,2025-12,2026-01,1,802216,728586,885383,665811,969582
500,Stuttgart,region,DE11,tourism_nights,no,POOL_GR,2026-09-27T17:58:57.344071+00:00,2025-12,2026-02,2,860008,778092,952224,714954,1042333
500,Stuttgart,region,DE11,tourism_nights,no,POOL_GR,2026-09-27T17:58:57.344071+00:00,2025-12,2026-03,3,1030055,929820,1144598,851746,1257674
500,Stuttgart,region,DE11,tourism_nights,no,POOL_GR,2026-09-27T17:58:57.344071+00:00,2025-12,2026-04,4,1054186,949539,1172820,871031,1288217
500,Stuttgart,region,DE11,tourism_nights,no,POOL_GR,2026-09-27T17:58:57.344071+00:00,2025-12,2026-05,5,1231253,1107795,1373212,1013621,1510780
500,Stuttgart,region,DE11,tourism_nights,no,POOL_GR,2026-09-27T17:58:57.344071+00:00,2025-12,2026-06,6,1196499,1075663,1334860,982827,1471721
500,Stuttgart,region,DE11,tourism_nights,no,POOL_GR,2026-09-27T17:58:57.344071+00:00,2025-12,2026-07,7,1347433,1209772,1507913,1100666,1662353
500,Stuttgart,region,DE11,tourism_nights,no,POOL_GR,2026-09-27T17:58:57.344071+00:00,2025-12,2026-08,8,1204708,1081065,1347056,981429,1490478
500,Stuttgart,region,DE11,tourism_nights,no,POOL_GR,2026-09-27T17:58:57.344071+00:00,2025-12,2026-09,9,1178744,1056218,1319915,959687,1461119
500,Stuttgart,region,DE11,tourism_nights,no,POOL_GR,2026-09-27T17:58:57.344071+00:00,2025-12,2026-10,10,1278851,1144614,1434560,1042654,1598903
500,Stuttgart,region,DE11,tourism_nights,no,POOL_GR,2026-09-27T17:58:57.344071+00:00,2025-12,2026-11,11,1044002,932857,1171882,847512,1304611
500,Stuttgart,region,DE11,tourism_nights,no,POOL_GR,2026-09-27T17:58:57.344071+00:00,2025-12,2026-12,12,949104,847690,1067194,769106,1190351
604,Sud-Est,region,RO22,tourism_nights,no,POOL_GR,2026-09-27T17:58:57.344071+00:00,2025-12,2026-01,1,87601,79561,96683,72706,105877
604,Sud-Est,region,RO22,tourism_nights,no,POOL_GR,2026-09-27T17:58:57.344071+00:00,2025-12,2026-02,2,96724,87511,107095,80410,117229
604,Sud-Est,region,RO22,tourism_nights,no,POOL_GR,2026-09-27T17:58:57.344071+00:00,2025-12,2026-03,3,112151,101237,124622,92737,136934
604,Sud-Est,region,RO22,tourism_nights,no,POOL_GR,2026-09-27T17:58:57.344071+00:00,2025-12,2026-04,4,128624,115856,143099,106277,157179
604,Sud-Est,region,RO22,tourism_nights,no,POOL_GR,2026-09-27T17:58:57.344071+00:00,2025-12,2026-05,5,236739,213001,264034,194894,290485
604,Sud-Est,region,RO22,tourism_nights,no,POOL_GR,2026-09-27T17:58:57.344071+00:00,2025-12,2026-06,6,776603,698173,866408,637917,955239
604,Sud-Est,region,RO22,tourism_nights,no,POOL_GR,2026-09-27T17:58:57.344071+00:00,2025-12,2026-07,7,2006467,1801476,2245440,1639006,2475416
604,Sud-Est,region,RO22,tourism_nights,no,POOL_GR,2026-09-27T17:58:57.344071+00:00,2025-12,2026-08,8,2356334,2114496,2634757,1919614,2915282
604,Sud-Est,region,RO22,tourism_nights,no,POOL_GR,2026-09-27T17:58:57.344071+00:00,2025-12,2026-09,9,563323,504768,630789,458636,698271
604,Sud-Est,region,RO22,tourism_nights,no,POOL_GR,2026-09-27T17:58:57.344071+00:00,2025-12,2026-10,10,170158,152297,190876,138730,212742
604,Sud-Est,region,RO22,tourism_nights,no,POOL_GR,2026-09-27T17:58:57.344071+00:00,2025-12,2026-11,11,129981,116143,145902,105517,162427
604,Sud-Est,region,RO22,tourism_nights,no,POOL_GR,2026-09-27T17:58:57.344071+00:00,2025-12,2026-12,12,91989,82160,103435,74544,115372
606,Sud-Muntenia,region,RO31,tourism_nights,no,POOL_GR,2026-09-27T17:58:57.344071+00:00,2025-12,2026-01,1,145338,131998,160405,120625,175659
606,Sud-Muntenia,region,RO31,tourism_nights,no,POOL_GR,2026-09-27T17:58:57.344071+00:00,2025-12,2026-02,2,123688,111907,136951,102826,149911
606,Sud-Muntenia,region,RO31,tourism_nights,no,POOL_GR,2026-09-27T17:58:57.344071+00:00,2025-12,2026-03,3,141306,127555,157019,116845,172531
606,Sud-Muntenia,region,RO31,tourism_nights,no,POOL_GR,2026-09-27T17:58:57.344071+00:00,2025-12,2026-04,4,147130,132524,163687,121567,179792
606,Sud-Muntenia,region,RO31,tourism_nights,no,POOL_GR,2026-09-27T17:58:57.344071+00:00,2025-12,2026-05,5,154946,139410,172811,127558,190123
606,Sud-Muntenia,region,RO31,tourism_nights,no,POOL_GR,2026-09-27T17:58:57.344071+00:00,2025-12,2026-06,6,167422,150514,186782,137524,205933
606,Sud-Muntenia,region,RO31,tourism_nights,no,POOL_GR,2026-09-27T17:58:57.344071+00:00,2025-12,2026-07,7,232417,208672,260098,189853,286737
606,Sud-Muntenia,region,RO31,tourism_nights,no,POOL_GR,2026-09-27T17:58:57.344071+00:00,2025-12,2026-08,8,246298,221020,275401,200650,304723
606,Sud-Muntenia,region,RO31,tourism_nights,no,POOL_GR,2026-09-27T17:58:57.344071+00:00,2025-12,2026-09,9,192137,172165,215148,156431,238165
606,Sud-Muntenia,region,RO31,tourism_nights,no,POOL_GR,2026-09-27T17:58:57.344071+00:00,2025-12,2026-10,10,186950,167326,209713,152421,233737
606,Sud-Muntenia,region,RO31,tourism_nights,no,POOL_GR,2026-09-27T17:58:57.344071+00:00,2025-12,2026-11,11,147568,131858,165643,119794,184404
606,Sud-Muntenia,region,RO31,tourism_nights,no,POOL_GR,2026-09-27T17:58:57.344071+00:00,2025-12,2026-12,12,138753,123927,156017,112439,174022
610,Sud-Vest Oltenia,region,RO41,tourism_nights,no,POOL_GR,2026-09-27T17:58:57.344071+00:00,2025-12,2026-01,1,133651,121384,147507,110925,161534
610,Sud-Vest Oltenia,region,RO41,tourism_nights,no,POOL_GR,2026-09-27T17:58:57.344071+00:00,2025-12,2026-02,2,131023,118543,145072,108924,158800
610,Sud-Vest Oltenia,region,RO41,tourism_nights,no,POOL_GR,2026-09-27T17:58:57.344071+00:00,2025-12,2026-03,3,130847,118115,145398,108197,159762
610,Sud-Vest Oltenia,region,RO41,tourism_nights,no,POOL_GR,2026-09-27T17:58:57.344071+00:00,2025-12,2026-04,4,137627,123965,153115,113716,168180
610,Sud-Vest Oltenia,region,RO41,tourism_nights,no,POOL_GR,2026-09-27T17:58:57.344071+00:00,2025-12,2026-05,5,191195,172024,213239,157400,234601
610,Sud-Vest Oltenia,region,RO41,tourism_nights,no,POOL_GR,2026-09-27T17:58:57.344071+00:00,2025-12,2026-06,6,211979,190571,236492,174124,260739
610,Sud-Vest Oltenia,region,RO41,tourism_nights,no,POOL_GR,2026-09-27T17:58:57.344071+00:00,2025-12,2026-07,7,265376,238263,296982,216775,327399
610,Sud-Vest Oltenia,region,RO41,tourism_nights,no,POOL_GR,2026-09-27T17:58:57.344071+00:00,2025-12,2026-08,8,301047,270149,336618,245251,372458
610,Sud-Vest Oltenia,region,RO41,tourism_nights,no,POOL_GR,2026-09-27T17:58:57.344071+00:00,2025-12,2026-09,9,233044,208820,260954,189735,288871
610,Sud-Vest Oltenia,region,RO41,tourism_nights,no,POOL_GR,2026-09-27T17:58:57.344071+00:00,2025-12,2026-10,10,211041,188889,236737,172063,263857
610,Sud-Vest Oltenia,region,RO41,tourism_nights,no,POOL_GR,2026-09-27T17:58:57.344071+00:00,2025-12,2026-11,11,178786,159752,200686,145137,223416
610,Sud-Vest Oltenia,region,RO41,tourism_nights,no,POOL_GR,2026-09-27T17:58:57.344071+00:00,2025-12,2026-12,12,137436,122751,154536,111371,172370
337,Sweden,country,SE,tourism_nights,yes,POOL_GR_WG,2026-09-27T17:58:57.344071+00:00,2026-06,2026-07,1,13377321,12455072,14384913,11572548,15300317
337,Sweden,country,SE,tourism_nights,yes,POOL_GR_WG,2026-09-27T17:58:57.344071+00:00,2026-06,2026-08,2,9094755,8478157,9812831,7939440,10409879
337,Sweden,country,SE,tourism_nights,yes,POOL_GR_WG,2026-09-27T17:58:57.344071+00:00,2026-06,2026-09,3,5076729,4718649,5513014,4430028,5806558
337,Sweden,country,SE,tourism_nights,yes,POOL_GR_WG,2026-09-27T17:58:57.344071+00:00,2026-06,2026-10,4,4498129,4178948,4877958,3907250,5149892
337,Sweden,country,SE,tourism_nights,yes,POOL_GR_WG,2026-09-27T17:58:57.344071+00:00,2026-06,2026-11,5,3718276,3451050,4040649,3237252,4264208
337,Sweden,country,SE,tourism_nights,yes,POOL_GR_WG,2026-09-27T17:58:57.344071+00:00,2026-06,2026-12,6,3632879,3368080,3943708,3141859,4164347
337,Sweden,country,SE,tourism_nights,yes,POOL_GR_WG,2026-09-27T17:58:57.344071+00:00,2026-06,2027-01,7,3307417,3062660,3596207,2865163,3796105
337,Sweden,country,SE,tourism_nights,yes,POOL_GR_WG,2026-09-27T17:58:57.344071+00:00,2026-06,2027-02,8,3643796,3369524,3960739,3142630,4190545
337,Sweden,country,SE,tourism_nights,yes,POOL_GR_WG,2026-09-27T17:58:57.344071+00:00,2026-06,2027-03,9,4017605,3715987,4365756,3476842,4611786
337,Sweden,country,SE,tourism_nights,yes,POOL_GR_WG,2026-09-27T17:58:57.344071+00:00,2026-06,2027-04,10,4331468,3998651,4726190,3742948,4993153
337,Sweden,country,SE,tourism_nights,yes,POOL_GR_WG,2026-09-27T17:58:57.344071+00:00,2026-06,2027-05,11,5989729,5530007,6523796,5159584,6888327
337,Sweden,country,SE,tourism_nights,yes,POOL_GR_WG,2026-09-27T17:58:57.344071+00:00,2026-06,2027-06,12,7670945,7084115,8381462,6598568,8896906
588,Świętokrzyskie,region,PL72,tourism_nights,no,POOL_GR,2026-09-27T17:58:57.344071+00:00,2025-12,2026-01,1,129034,117190,142411,107093,155954
588,Świętokrzyskie,region,PL72,tourism_nights,no,POOL_GR,2026-09-27T17:58:57.344071+00:00,2025-12,2026-02,2,141148,127704,156283,117341,171072
588,Świętokrzyskie,region,PL72,tourism_nights,no,POOL_GR,2026-09-27T17:58:57.344071+00:00,2025-12,2026-03,3,154797,139734,172011,128001,189004
588,Świętokrzyskie,region,PL72,tourism_nights,no,POOL_GR,2026-09-27T17:58:57.344071+00:00,2025-12,2026-04,4,148167,133459,164841,122424,181060
588,Świętokrzyskie,region,PL72,tourism_nights,no,POOL_GR,2026-09-27T17:58:57.344071+00:00,2025-12,2026-05,5,195453,175854,217987,160905,239825
588,Świętokrzyskie,region,PL72,tourism_nights,no,POOL_GR,2026-09-27T17:58:57.344071+00:00,2025-12,2026-06,6,197629,177670,220482,162336,243088
588,Świętokrzyskie,region,PL72,tourism_nights,no,POOL_GR,2026-09-27T17:58:57.344071+00:00,2025-12,2026-07,7,232921,209124,260662,190264,287359
588,Świętokrzyskie,region,PL72,tourism_nights,no,POOL_GR,2026-09-27T17:58:57.344071+00:00,2025-12,2026-08,8,257578,231142,288013,209838,318678
588,Świętokrzyskie,region,PL72,tourism_nights,no,POOL_GR,2026-09-27T17:58:57.344071+00:00,2025-12,2026-09,9,198048,177462,221767,161243,245491
588,Świętokrzyskie,region,PL72,tourism_nights,no,POOL_GR,2026-09-27T17:58:57.344071+00:00,2025-12,2026-10,10,175742,157295,197140,143283,219724
588,Świętokrzyskie,region,PL72,tourism_nights,no,POOL_GR,2026-09-27T17:58:57.344071+00:00,2025-12,2026-11,11,163311,145925,183315,132575,204078
588,Świętokrzyskie,region,PL72,tourism_nights,no,POOL_GR,2026-09-27T17:58:57.344071+00:00,2025-12,2026-12,12,139365,124474,156705,112934,174789
462,Syddanmark,region,DK03,tourism_nights,no,POOL_GR,2026-09-27T17:58:57.344071+00:00,2025-12,2026-01,1,332798,302252,367299,276210,402229
462,Syddanmark,region,DK03,tourism_nights,no,POOL_GR,2026-09-27T17:58:57.344071+00:00,2025-12,2026-02,2,379313,343183,419985,315336,459729
462,Syddanmark,region,DK03,tourism_nights,no,POOL_GR,2026-09-27T17:58:57.344071+00:00,2025-12,2026-03,3,446908,403419,496605,369545,545665
462,Syddanmark,region,DK03,tourism_nights,no,POOL_GR,2026-09-27T17:58:57.344071+00:00,2025-12,2026-04,4,918099,826960,1021418,758588,1121918
462,Syddanmark,region,DK03,tourism_nights,no,POOL_GR,2026-09-27T17:58:57.344071+00:00,2025-12,2026-05,5,1064825,958054,1187594,876610,1306567
462,Syddanmark,region,DK03,tourism_nights,no,POOL_GR,2026-09-27T17:58:57.344071+00:00,2025-12,2026-06,6,1257238,1130268,1402622,1032719,1546431
462,Syddanmark,region,DK03,tourism_nights,no,POOL_GR,2026-09-27T17:58:57.344071+00:00,2025-12,2026-07,7,2319385,2082424,2595626,1894617,2861468
462,Syddanmark,region,DK03,tourism_nights,no,POOL_GR,2026-09-27T17:58:57.344071+00:00,2025-12,2026-08,8,1958908,1757859,2190372,1595846,2423582
462,Syddanmark,region,DK03,tourism_nights,no,POOL_GR,2026-09-27T17:58:57.344071+00:00,2025-12,2026-09,9,970103,869264,1086286,789820,1202497
462,Syddanmark,region,DK03,tourism_nights,no,POOL_GR,2026-09-27T17:58:57.344071+00:00,2025-12,2026-10,10,869988,778668,975915,709306,1087715
462,Syddanmark,region,DK03,tourism_nights,no,POOL_GR,2026-09-27T17:58:57.344071+00:00,2025-12,2026-11,11,489433,437328,549384,397318,611608
462,Syddanmark,region,DK03,tourism_nights,no,POOL_GR,2026-09-27T17:58:57.344071+00:00,2025-12,2026-12,12,424548,379184,477371,344032,532461
605,Sydsverige,region,SE22,tourism_nights,no,POOL_GR,2026-09-27T17:58:57.344071+00:00,2025-12,2026-01,1,313113,284375,345574,259873,378438
605,Sydsverige,region,SE22,tourism_nights,no,POOL_GR,2026-09-27T17:58:57.344071+00:00,2025-12,2026-02,2,372923,337402,412910,310024,451984
605,Sydsverige,region,SE22,tourism_nights,no,POOL_GR,2026-09-27T17:58:57.344071+00:00,2025-12,2026-03,3,379741,342788,421969,314006,463655
605,Sydsverige,region,SE22,tourism_nights,no,POOL_GR,2026-09-27T17:58:57.344071+00:00,2025-12,2026-04,4,533007,480096,592989,440402,651335
605,Sydsverige,region,SE22,tourism_nights,no,POOL_GR,2026-09-27T17:58:57.344071+00:00,2025-12,2026-05,5,733307,659778,817854,603690,899787
605,Sydsverige,region,SE22,tourism_nights,no,POOL_GR,2026-09-27T17:58:57.344071+00:00,2025-12,2026-06,6,910904,818911,1016239,748234,1120432
605,Sydsverige,region,SE22,tourism_nights,no,POOL_GR,2026-09-27T17:58:57.344071+00:00,2025-12,2026-07,7,1614732,1449762,1807048,1319012,1992125
605,Sydsverige,region,SE22,tourism_nights,no,POOL_GR,2026-09-27T17:58:57.344071+00:00,2025-12,2026-08,8,1208347,1084330,1351125,984394,1494980
605,Sydsverige,region,SE22,tourism_nights,no,POOL_GR,2026-09-27T17:58:57.344071+00:00,2025-12,2026-09,9,628781,563422,704086,511929,779409
605,Sydsverige,region,SE22,tourism_nights,no,POOL_GR,2026-09-27T17:58:57.344071+00:00,2025-12,2026-10,10,497813,445559,558426,405870,622398
605,Sydsverige,region,SE22,tourism_nights,no,POOL_GR,2026-09-27T17:58:57.344071+00:00,2025-12,2026-11,11,419499,374839,470883,340546,524216
605,Sydsverige,region,SE22,tourism_nights,no,POOL_GR,2026-09-27T17:58:57.344071+00:00,2025-12,2026-12,12,373603,333682,420087,302748,468566
458,Thessalia,region,EL61,tourism_nights,no,POOL_GR,2026-09-27T17:58:57.344071+00:00,2025-12,2026-01,1,114999,104444,126921,95445,138991
458,Thessalia,region,EL61,tourism_nights,no,POOL_GR,2026-09-27T17:58:57.344071+00:00,2025-12,2026-02,2,103050,93234,114099,85669,124897
458,Thessalia,region,EL61,tourism_nights,no,POOL_GR,2026-09-27T17:58:57.344071+00:00,2025-12,2026-03,3,172248,155486,191402,142430,210310
458,Thessalia,region,EL61,tourism_nights,no,POOL_GR,2026-09-27T17:58:57.344071+00:00,2025-12,2026-04,4,214455,193167,238589,177196,262065
458,Thessalia,region,EL61,tourism_nights,no,POOL_GR,2026-09-27T17:58:57.344071+00:00,2025-12,2026-05,5,334706,301145,373297,275545,410693
458,Thessalia,region,EL61,tourism_nights,no,POOL_GR,2026-09-27T17:58:57.344071+00:00,2025-12,2026-06,6,610030,548422,680572,501090,750350
458,Thessalia,region,EL61,tourism_nights,no,POOL_GR,2026-09-27T17:58:57.344071+00:00,2025-12,2026-07,7,939954,843923,1051904,767812,1159639
458,Thessalia,region,EL61,tourism_nights,no,POOL_GR,2026-09-27T17:58:57.344071+00:00,2025-12,2026-08,8,1064032,954827,1189758,866826,1316432
458,Thessalia,region,EL61,tourism_nights,no,POOL_GR,2026-09-27T17:58:57.344071+00:00,2025-12,2026-09,9,579278,519065,648655,471626,718048
458,Thessalia,region,EL61,tourism_nights,no,POOL_GR,2026-09-27T17:58:57.344071+00:00,2025-12,2026-10,10,176712,158164,198229,144075,220937
458,Thessalia,region,EL61,tourism_nights,no,POOL_GR,2026-09-27T17:58:57.344071+00:00,2025-12,2026-11,11,106281,94966,119299,86278,132811
458,Thessalia,region,EL61,tourism_nights,no,POOL_GR,2026-09-27T17:58:57.344071+00:00,2025-12,2026-12,12,193429,172760,217495,156745,242595
450,Thüringen,region,DEG0,tourism_nights,no,POOL_GR,2026-09-27T17:58:57.344071+00:00,2025-12,2026-01,1,405385,368178,447412,336455,489961
450,Thüringen,region,DEG0,tourism_nights,no,POOL_GR,2026-09-27T17:58:57.344071+00:00,2025-12,2026-02,2,416270,376620,460905,346059,504520
450,Thüringen,region,DEG0,tourism_nights,no,POOL_GR,2026-09-27T17:58:57.344071+00:00,2025-12,2026-03,3,514396,464340,571597,425351,628066
450,Thüringen,region,DEG0,tourism_nights,no,POOL_GR,2026-09-27T17:58:57.344071+00:00,2025-12,2026-04,4,656818,591617,730734,542702,802633
450,Thüringen,region,DEG0,tourism_nights,no,POOL_GR,2026-09-27T17:58:57.344071+00:00,2025-12,2026-05,5,847398,762429,945100,697615,1039780
450,Thüringen,region,DEG0,tourism_nights,no,POOL_GR,2026-09-27T17:58:57.344071+00:00,2025-12,2026-06,6,838645,753950,935625,688879,1031552
450,Thüringen,region,DEG0,tourism_nights,no,POOL_GR,2026-09-27T17:58:57.344071+00:00,2025-12,2026-07,7,863024,774853,965811,704971,1064729
450,Thüringen,region,DEG0,tourism_nights,no,POOL_GR,2026-09-27T17:58:57.344071+00:00,2025-12,2026-08,8,1021749,916884,1142479,832379,1264119
450,Thüringen,region,DEG0,tourism_nights,no,POOL_GR,2026-09-27T17:58:57.344071+00:00,2025-12,2026-09,9,813078,728562,910456,661976,1007856
450,Thüringen,region,DEG0,tourism_nights,no,POOL_GR,2026-09-27T17:58:57.344071+00:00,2025-12,2026-10,10,798130,714353,895308,650720,997874
450,Thüringen,region,DEG0,tourism_nights,no,POOL_GR,2026-09-27T17:58:57.344071+00:00,2025-12,2026-11,11,554404,495382,622313,450061,692797
450,Thüringen,region,DEG0,tourism_nights,no,POOL_GR,2026-09-27T17:58:57.344071+00:00,2025-12,2026-12,12,564834,504480,635112,457713,708406
375,Tirol,region,AT33,tourism_nights,no,POOL_GR,2026-09-27T17:58:57.344071+00:00,2025-12,2026-01,1,5271979,4788097,5818534,4375554,6371869
375,Tirol,region,AT33,tourism_nights,no,POOL_GR,2026-09-27T17:58:57.344071+00:00,2025-12,2026-02,2,5503113,4978940,6093193,4574928,6669793
375,Tirol,region,AT33,tourism_nights,no,POOL_GR,2026-09-27T17:58:57.344071+00:00,2025-12,2026-03,3,4105397,3705899,4561921,3394725,5012596
375,Tirol,region,AT33,tourism_nights,no,POOL_GR,2026-09-27T17:58:57.344071+00:00,2025-12,2026-04,4,1972472,1776667,2194446,1629773,2410364
375,Tirol,region,AT33,tourism_nights,no,POOL_GR,2026-09-27T17:58:57.344071+00:00,2025-12,2026-05,5,1476421,1328379,1646646,1215453,1811606
375,Tirol,region,AT33,tourism_nights,no,POOL_GR,2026-09-27T17:58:57.344071+00:00,2025-12,2026-06,6,3114011,2799524,3474110,2557909,3830304
375,Tirol,region,AT33,tourism_nights,no,POOL_GR,2026-09-27T17:58:57.344071+00:00,2025-12,2026-07,7,4580591,4112613,5126144,3741708,5651160
375,Tirol,region,AT33,tourism_nights,no,POOL_GR,2026-09-27T17:58:57.344071+00:00,2025-12,2026-08,8,5366826,4816012,6000969,4372146,6639896
375,Tirol,region,AT33,tourism_nights,no,POOL_GR,2026-09-27T17:58:57.344071+00:00,2025-12,2026-09,9,3062601,2744256,3429392,2493450,3796266
375,Tirol,region,AT33,tourism_nights,no,POOL_GR,2026-09-27T17:58:57.344071+00:00,2025-12,2026-10,10,2089433,1870112,2343838,1703526,2612346
375,Tirol,region,AT33,tourism_nights,no,POOL_GR,2026-09-27T17:58:57.344071+00:00,2025-12,2026-11,11,1069052,955241,1200001,867848,1335915
375,Tirol,region,AT33,tourism_nights,no,POOL_GR,2026-09-27T17:58:57.344071+00:00,2025-12,2026-12,12,4047711,3615200,4551334,3280058,5076571
553,Toscana,region,ITI1,tourism_nights,no,POOL_GR,2026-09-27T17:58:57.344071+00:00,2025-12,2026-01,1,1593576,1447312,1758785,1322611,1926043
553,Toscana,region,ITI1,tourism_nights,no,POOL_GR,2026-09-27T17:58:57.344071+00:00,2025-12,2026-02,2,1549689,1402081,1715857,1288310,1878229
553,Toscana,region,ITI1,tourism_nights,no,POOL_GR,2026-09-27T17:58:57.344071+00:00,2025-12,2026-03,3,2303320,2079183,2559451,1904600,2812301
553,Toscana,region,ITI1,tourism_nights,no,POOL_GR,2026-09-27T17:58:57.344071+00:00,2025-12,2026-04,4,4184350,3768974,4655239,3457357,5113281
553,Toscana,region,ITI1,tourism_nights,no,POOL_GR,2026-09-27T17:58:57.344071+00:00,2025-12,2026-05,5,5410834,4868285,6034680,4454432,6639234
553,Toscana,region,ITI1,tourism_nights,no,POOL_GR,2026-09-27T17:58:57.344071+00:00,2025-12,2026-06,6,7657151,6883847,8542610,6289731,9418466
553,Toscana,region,ITI1,tourism_nights,no,POOL_GR,2026-09-27T17:58:57.344071+00:00,2025-12,2026-07,7,10078971,9049250,11279387,8233124,12434613
553,Toscana,region,ITI1,tourism_nights,no,POOL_GR,2026-09-27T17:58:57.344071+00:00,2025-12,2026-08,8,11062606,9927216,12369761,9012277,13686778
553,Toscana,region,ITI1,tourism_nights,no,POOL_GR,2026-09-27T17:58:57.344071+00:00,2025-12,2026-09,9,6849596,6137609,7669934,5576674,8490459
553,Toscana,region,ITI1,tourism_nights,no,POOL_GR,2026-09-27T17:58:57.344071+00:00,2025-12,2026-10,10,4074416,3646738,4570508,3321894,5094102
553,Toscana,region,ITI1,tourism_nights,no,POOL_GR,2026-09-27T17:58:57.344071+00:00,2025-12,2026-11,11,1905081,1702265,2138435,1546530,2380637
553,Toscana,region,ITI1,tourism_nights,no,POOL_GR,2026-09-27T17:58:57.344071+00:00,2025-12,2026-12,12,1831648,1635930,2059544,1484274,2297222
456,Trier,region,DEB2,tourism_nights,no,POOL_GR,2026-09-27T17:58:57.344071+00:00,2025-12,2026-01,1,181281,164642,200074,150456,219101
456,Trier,region,DEB2,tourism_nights,no,POOL_GR,2026-09-27T17:58:57.344071+00:00,2025-12,2026-02,2,205510,185936,227547,170848,249079
456,Trier,region,DEB2,tourism_nights,no,POOL_GR,2026-09-27T17:58:57.344071+00:00,2025-12,2026-03,3,305915,276146,339933,252959,373515
456,Trier,region,DEB2,tourism_nights,no,POOL_GR,2026-09-27T17:58:57.344071+00:00,2025-12,2026-04,4,579090,521605,644259,478478,707649
456,Trier,region,DEB2,tourism_nights,no,POOL_GR,2026-09-27T17:58:57.344071+00:00,2025-12,2026-05,5,653361,587848,728691,537875,801691
456,Trier,region,DEB2,tourism_nights,no,POOL_GR,2026-09-27T17:58:57.344071+00:00,2025-12,2026-06,6,726265,652919,810249,596568,893322
456,Trier,region,DEB2,tourism_nights,no,POOL_GR,2026-09-27T17:58:57.344071+00:00,2025-12,2026-07,7,812594,729575,909374,663776,1002512
456,Trier,region,DEB2,tourism_nights,no,POOL_GR,2026-09-27T17:58:57.344071+00:00,2025-12,2026-08,8,920830,826323,1029636,750165,1139262
456,Trier,region,DEB2,tourism_nights,no,POOL_GR,2026-09-27T17:58:57.344071+00:00,2025-12,2026-09,9,666217,596966,746006,542408,825813
456,Trier,region,DEB2,tourism_nights,no,POOL_GR,2026-09-27T17:58:57.344071+00:00,2025-12,2026-10,10,644049,576446,722467,525097,805233
456,Trier,region,DEB2,tourism_nights,no,POOL_GR,2026-09-27T17:58:57.344071+00:00,2025-12,2026-11,11,300325,268352,337112,243801,375294
456,Trier,region,DEB2,tourism_nights,no,POOL_GR,2026-09-27T17:58:57.344071+00:00,2025-12,2026-12,12,316357,282554,355719,256360,396770
383,Tübingen,region,DE14,tourism_nights,no,POOL_GR,2026-09-27T17:58:57.344071+00:00,2025-12,2026-01,1,424238,385300,468220,352103,512747
383,Tübingen,region,DE14,tourism_nights,no,POOL_GR,2026-09-27T17:58:57.344071+00:00,2025-12,2026-02,2,438921,397114,485985,364890,531974
383,Tübingen,region,DE14,tourism_nights,no,POOL_GR,2026-09-27T17:58:57.344071+00:00,2025-12,2026-03,3,567022,511845,630076,468867,692321
383,Tübingen,region,DE14,tourism_nights,no,POOL_GR,2026-09-27T17:58:57.344071+00:00,2025-12,2026-04,4,812833,732144,904305,671610,993283
383,Tübingen,region,DE14,tourism_nights,no,POOL_GR,2026-09-27T17:58:57.344071+00:00,2025-12,2026-05,5,960917,864565,1071707,791068,1179070
383,Tübingen,region,DE14,tourism_nights,no,POOL_GR,2026-09-27T17:58:57.344071+00:00,2025-12,2026-06,6,1080206,971115,1205119,887302,1328677
383,Tübingen,region,DE14,tourism_nights,no,POOL_GR,2026-09-27T17:58:57.344071+00:00,2025-12,2026-07,7,1164365,1045408,1303043,951125,1436499
383,Tübingen,region,DE14,tourism_nights,no,POOL_GR,2026-09-27T17:58:57.344071+00:00,2025-12,2026-08,8,1293692,1160916,1446554,1053921,1600570
383,Tübingen,region,DE14,tourism_nights,no,POOL_GR,2026-09-27T17:58:57.344071+00:00,2025-12,2026-09,9,992300,889154,1111142,807892,1230011
383,Tübingen,region,DE14,tourism_nights,no,POOL_GR,2026-09-27T17:58:57.344071+00:00,2025-12,2026-10,10,846694,757820,949786,690314,1058593
383,Tübingen,region,DE14,tourism_nights,no,POOL_GR,2026-09-27T17:58:57.344071+00:00,2025-12,2026-11,11,547748,489434,614842,444657,684479
383,Tübingen,region,DE14,tourism_nights,no,POOL_GR,2026-09-27T17:58:57.344071+00:00,2025-12,2026-12,12,513844,458938,577777,416393,644454
562,Umbria,region,ITI2,tourism_nights,no,POOL_GR,2026-09-27T17:58:57.344071+00:00,2025-12,2026-01,1,350546,318372,386888,290941,423681
562,Umbria,region,ITI2,tourism_nights,no,POOL_GR,2026-09-27T17:58:57.344071+00:00,2025-12,2026-02,2,274459,248317,303888,228167,332645
562,Umbria,region,ITI2,tourism_nights,no,POOL_GR,2026-09-27T17:58:57.344071+00:00,2025-12,2026-03,3,410242,370321,455861,339226,500896
562,Umbria,region,ITI2,tourism_nights,no,POOL_GR,2026-09-27T17:58:57.344071+00:00,2025-12,2026-04,4,702342,632621,781380,580316,858262
562,Umbria,region,ITI2,tourism_nights,no,POOL_GR,2026-09-27T17:58:57.344071+00:00,2025-12,2026-05,5,816807,734905,910981,672431,1002243
562,Umbria,region,ITI2,tourism_nights,no,POOL_GR,2026-09-27T17:58:57.344071+00:00,2025-12,2026-06,6,828335,744680,924122,680410,1018870
562,Umbria,region,ITI2,tourism_nights,no,POOL_GR,2026-09-27T17:58:57.344071+00:00,2025-12,2026-07,7,1047002,940035,1171701,855256,1291706
562,Umbria,region,ITI2,tourism_nights,no,POOL_GR,2026-09-27T17:58:57.344071+00:00,2025-12,2026-08,8,1331051,1194441,1488327,1084356,1646791
562,Umbria,region,ITI2,tourism_nights,no,POOL_GR,2026-09-27T17:58:57.344071+00:00,2025-12,2026-09,9,896309,803141,1003654,729739,1111025
562,Umbria,region,ITI2,tourism_nights,no,POOL_GR,2026-09-27T17:58:57.344071+00:00,2025-12,2026-10,10,697145,623968,782027,568386,871616
562,Umbria,region,ITI2,tourism_nights,no,POOL_GR,2026-09-27T17:58:57.344071+00:00,2025-12,2026-11,11,448119,400412,503010,363780,559981
562,Umbria,region,ITI2,tourism_nights,no,POOL_GR,2026-09-27T17:58:57.344071+00:00,2025-12,2026-12,12,463529,414000,521202,375620,581350
473,Unterfranken,region,DE26,tourism_nights,no,POOL_GR,2026-09-27T17:58:57.344071+00:00,2025-12,2026-01,1,252915,229701,279135,209910,305680
473,Unterfranken,region,DE26,tourism_nights,no,POOL_GR,2026-09-27T17:58:57.344071+00:00,2025-12,2026-02,2,286188,258928,316875,237918,346861
473,Unterfranken,region,DE26,tourism_nights,no,POOL_GR,2026-09-27T17:58:57.344071+00:00,2025-12,2026-03,3,360822,325710,400946,298361,440556
473,Unterfranken,region,DE26,tourism_nights,no,POOL_GR,2026-09-27T17:58:57.344071+00:00,2025-12,2026-04,4,459222,413636,510901,379436,561170
473,Unterfranken,region,DE26,tourism_nights,no,POOL_GR,2026-09-27T17:58:57.344071+00:00,2025-12,2026-05,5,602102,541729,671522,495676,738795
473,Unterfranken,region,DE26,tourism_nights,no,POOL_GR,2026-09-27T17:58:57.344071+00:00,2025-12,2026-06,6,624394,561336,696598,512889,768019
473,Unterfranken,region,DE26,tourism_nights,no,POOL_GR,2026-09-27T17:58:57.344071+00:00,2025-12,2026-07,7,660062,592626,738676,539179,814330
473,Unterfranken,region,DE26,tourism_nights,no,POOL_GR,2026-09-27T17:58:57.344071+00:00,2025-12,2026-08,8,674156,604965,753814,549209,834073
473,Unterfranken,region,DE26,tourism_nights,no,POOL_GR,2026-09-27T17:58:57.344071+00:00,2025-12,2026-09,9,602981,540304,675197,490924,747429
473,Unterfranken,region,DE26,tourism_nights,no,POOL_GR,2026-09-27T17:58:57.344071+00:00,2025-12,2026-10,10,555130,496860,622721,452600,694060
473,Unterfranken,region,DE26,tourism_nights,no,POOL_GR,2026-09-27T17:58:57.344071+00:00,2025-12,2026-11,11,382055,341382,428853,310149,477426
473,Unterfranken,region,DE26,tourism_nights,no,POOL_GR,2026-09-27T17:58:57.344071+00:00,2025-12,2026-12,12,342549,305947,385170,277584,429619
540,Utrecht,region,NL35,tourism_nights,no,POOL_GR,2026-09-27T17:58:57.344071+00:00,2025-12,2026-01,1,239789,217781,264649,199017,289817
540,Utrecht,region,NL35,tourism_nights,no,POOL_GR,2026-09-27T17:58:57.344071+00:00,2025-12,2026-02,2,238345,215642,263902,198144,288875
540,Utrecht,region,NL35,tourism_nights,no,POOL_GR,2026-09-27T17:58:57.344071+00:00,2025-12,2026-03,3,301015,271723,334488,248907,367532
540,Utrecht,region,NL35,tourism_nights,no,POOL_GR,2026-09-27T17:58:57.344071+00:00,2025-12,2026-04,4,431221,388414,479749,356300,526953
540,Utrecht,region,NL35,tourism_nights,no,POOL_GR,2026-09-27T17:58:57.344071+00:00,2025-12,2026-05,5,485309,436647,541263,399527,595487
540,Utrecht,region,NL35,tourism_nights,no,POOL_GR,2026-09-27T17:58:57.344071+00:00,2025-12,2026-06,6,525097,472067,585819,431325,645882
540,Utrecht,region,NL35,tourism_nights,no,POOL_GR,2026-09-27T17:58:57.344071+00:00,2025-12,2026-07,7,536997,482135,600954,438652,662504
540,Utrecht,region,NL35,tourism_nights,no,POOL_GR,2026-09-27T17:58:57.344071+00:00,2025-12,2026-08,8,627703,563280,701873,511366,776601
540,Utrecht,region,NL35,tourism_nights,no,POOL_GR,2026-09-27T17:58:57.344071+00:00,2025-12,2026-09,9,414680,371575,464344,337616,514019
540,Utrecht,region,NL35,tourism_nights,no,POOL_GR,2026-09-27T17:58:57.344071+00:00,2025-12,2026-10,10,398386,356568,446892,324806,498088
540,Utrecht,region,NL35,tourism_nights,no,POOL_GR,2026-09-27T17:58:57.344071+00:00,2025-12,2026-11,11,310697,277620,348754,252221,388254
540,Utrecht,region,NL35,tourism_nights,no,POOL_GR,2026-09-27T17:58:57.344071+00:00,2025-12,2026-12,12,281186,251141,316172,227859,352659
535,Valle d’Aosta/Vallée d’Aoste,region,ITC2,tourism_nights,no,POOL_GR,2026-09-27T17:58:57.344071+00:00,2025-12,2026-01,1,531352,482583,586439,441004,642208
535,Valle d’Aosta/Vallée d’Aoste,region,ITC2,tourism_nights,no,POOL_GR,2026-09-27T17:58:57.344071+00:00,2025-12,2026-02,2,561971,508443,622229,467186,681110
535,Valle d’Aosta/Vallée d’Aoste,region,ITC2,tourism_nights,no,POOL_GR,2026-09-27T17:58:57.344071+00:00,2025-12,2026-03,3,463324,418238,514846,383120,565708
535,Valle d’Aosta/Vallée d’Aoste,region,ITC2,tourism_nights,no,POOL_GR,2026-09-27T17:58:57.344071+00:00,2025-12,2026-04,4,224593,202298,249868,185572,274453
535,Valle d’Aosta/Vallée d’Aoste,region,ITC2,tourism_nights,no,POOL_GR,2026-09-27T17:58:57.344071+00:00,2025-12,2026-05,5,128995,116061,143868,106195,158281
535,Valle d’Aosta/Vallée d’Aoste,region,ITC2,tourism_nights,no,POOL_GR,2026-09-27T17:58:57.344071+00:00,2025-12,2026-06,6,298845,268664,333403,245477,367586
535,Valle d’Aosta/Vallée d’Aoste,region,ITC2,tourism_nights,no,POOL_GR,2026-09-27T17:58:57.344071+00:00,2025-12,2026-07,7,779096,699500,871887,636414,961185
535,Valle d’Aosta/Vallée d’Aoste,region,ITC2,tourism_nights,no,POOL_GR,2026-09-27T17:58:57.344071+00:00,2025-12,2026-08,8,904369,811550,1011229,736754,1118895
535,Valle d’Aosta/Vallée d’Aoste,region,ITC2,tourism_nights,no,POOL_GR,2026-09-27T17:58:57.344071+00:00,2025-12,2026-09,9,250644,224591,280662,204065,310687
535,Valle d’Aosta/Vallée d’Aoste,region,ITC2,tourism_nights,no,POOL_GR,2026-09-27T17:58:57.344071+00:00,2025-12,2026-10,10,99647,89187,111779,81242,124585
535,Valle d’Aosta/Vallée d’Aoste,region,ITC2,tourism_nights,no,POOL_GR,2026-09-27T17:58:57.344071+00:00,2025-12,2026-11,11,97001,86674,108883,78745,121215
535,Valle d’Aosta/Vallée d’Aoste,region,ITC2,tourism_nights,no,POOL_GR,2026-09-27T17:58:57.344071+00:00,2025-12,2026-12,12,435246,388739,489400,352701,545878
617,Västsverige,region,SE23,tourism_nights,no,POOL_GR,2026-09-27T17:58:57.344071+00:00,2025-12,2026-01,1,600360,545257,662600,498277,725613
617,Västsverige,region,SE23,tourism_nights,no,POOL_GR,2026-09-27T17:58:57.344071+00:00,2025-12,2026-02,2,636900,576235,705192,529477,771925
617,Västsverige,region,SE23,tourism_nights,no,POOL_GR,2026-09-27T17:58:57.344071+00:00,2025-12,2026-03,3,690366,623186,767136,570859,842921
617,Västsverige,region,SE23,tourism_nights,no,POOL_GR,2026-09-27T17:58:57.344071+00:00,2025-12,2026-04,4,984736,886982,1095554,813647,1203349
617,Västsverige,region,SE23,tourism_nights,no,POOL_GR,2026-09-27T17:58:57.344071+00:00,2025-12,2026-05,5,1340513,1206099,1495069,1103568,1644845
617,Västsverige,region,SE23,tourism_nights,no,POOL_GR,2026-09-27T17:58:57.344071+00:00,2025-12,2026-06,6,1627340,1462993,1815522,1336728,2001664
617,Västsverige,region,SE23,tourism_nights,no,POOL_GR,2026-09-27T17:58:57.344071+00:00,2025-12,2026-07,7,3390190,3043831,3793966,2769316,4182541
617,Västsverige,region,SE23,tourism_nights,no,POOL_GR,2026-09-27T17:58:57.344071+00:00,2025-12,2026-08,8,2090751,1876171,2337794,1703254,2586700
617,Västsverige,region,SE23,tourism_nights,no,POOL_GR,2026-09-27T17:58:57.344071+00:00,2025-12,2026-09,9,1097037,983005,1228423,893165,1359839
617,Västsverige,region,SE23,tourism_nights,no,POOL_GR,2026-09-27T17:58:57.344071+00:00,2025-12,2026-10,10,965782,864407,1083374,787408,1207484
617,Västsverige,region,SE23,tourism_nights,no,POOL_GR,2026-09-27T17:58:57.344071+00:00,2025-12,2026-11,11,753295,673099,845566,611519,941336
617,Västsverige,region,SE23,tourism_nights,no,POOL_GR,2026-09-27T17:58:57.344071+00:00,2025-12,2026-12,12,696884,622419,783591,564719,874020
522,Veneto,region,ITH3,tourism_nights,no,POOL_GR,2026-09-27T17:58:57.344071+00:00,2025-12,2026-01,1,2161206,1962843,2385262,1793724,2612098
522,Veneto,region,ITH3,tourism_nights,no,POOL_GR,2026-09-27T17:58:57.344071+00:00,2025-12,2026-02,2,2295233,2076611,2541342,1908106,2781830
522,Veneto,region,ITH3,tourism_nights,no,POOL_GR,2026-09-27T17:58:57.344071+00:00,2025-12,2026-03,3,2787251,2516022,3097196,2304759,3403169
522,Veneto,region,ITH3,tourism_nights,no,POOL_GR,2026-09-27T17:58:57.344071+00:00,2025-12,2026-04,4,4887507,4402330,5437527,4038347,5972541
522,Veneto,region,ITH3,tourism_nights,no,POOL_GR,2026-09-27T17:58:57.344071+00:00,2025-12,2026-05,5,6353721,5716628,7086278,5230657,7796181
522,Veneto,region,ITH3,tourism_nights,no,POOL_GR,2026-09-27T17:58:57.344071+00:00,2025-12,2026-06,6,10918864,9816157,12181502,8968966,13430447
522,Veneto,region,ITH3,tourism_nights,no,POOL_GR,2026-09-27T17:58:57.344071+00:00,2025-12,2026-07,7,13888051,12469174,15542133,11344615,17133946
522,Veneto,region,ITH3,tourism_nights,no,POOL_GR,2026-09-27T17:58:57.344071+00:00,2025-12,2026-08,8,14618288,13117967,16345581,11908954,18085907
522,Veneto,region,ITH3,tourism_nights,no,POOL_GR,2026-09-27T17:58:57.344071+00:00,2025-12,2026-09,9,8981461,8047875,10057121,7312355,11133025
522,Veneto,region,ITH3,tourism_nights,no,POOL_GR,2026-09-27T17:58:57.344071+00:00,2025-12,2026-10,10,4543496,4066580,5096701,3704336,5680576
522,Veneto,region,ITH3,tourism_nights,no,POOL_GR,2026-09-27T17:58:57.344071+00:00,2025-12,2026-11,11,2303313,2058101,2585446,1869811,2878277
522,Veneto,region,ITH3,tourism_nights,no,POOL_GR,2026-09-27T17:58:57.344071+00:00,2025-12,2026-12,12,2509429,2241289,2821657,2033513,3147284
613,Vest,region,RO42,tourism_nights,no,POOL_GR,2026-09-27T17:58:57.344071+00:00,2025-12,2026-01,1,110876,100699,122371,92023,134008
613,Vest,region,RO42,tourism_nights,no,POOL_GR,2026-09-27T17:58:57.344071+00:00,2025-12,2026-02,2,110876,100315,122765,92175,134383
613,Vest,region,RO42,tourism_nights,no,POOL_GR,2026-09-27T17:58:57.344071+00:00,2025-12,2026-03,3,121720,109875,135255,100649,148617
613,Vest,region,RO42,tourism_nights,no,POOL_GR,2026-09-27T17:58:57.344071+00:00,2025-12,2026-04,4,137543,123889,153021,113646,168077
613,Vest,region,RO42,tourism_nights,no,POOL_GR,2026-09-27T17:58:57.344071+00:00,2025-12,2026-05,5,201100,180936,224286,165554,246755
613,Vest,region,RO42,tourism_nights,no,POOL_GR,2026-09-27T17:58:57.344071+00:00,2025-12,2026-06,6,197647,177686,220503,162351,243110
613,Vest,region,RO42,tourism_nights,no,POOL_GR,2026-09-27T17:58:57.344071+00:00,2025-12,2026-07,7,225556,202512,252420,184248,278272
613,Vest,region,RO42,tourism_nights,no,POOL_GR,2026-09-27T17:58:57.344071+00:00,2025-12,2026-08,8,259876,233205,290583,211711,321522
613,Vest,region,RO42,tourism_nights,no,POOL_GR,2026-09-27T17:58:57.344071+00:00,2025-12,2026-09,9,205835,184440,230487,167583,255144
613,Vest,region,RO42,tourism_nights,no,POOL_GR,2026-09-27T17:58:57.344071+00:00,2025-12,2026-10,10,190662,170649,213876,155448,238378
613,Vest,region,RO42,tourism_nights,no,POOL_GR,2026-09-27T17:58:57.344071+00:00,2025-12,2026-11,11,146075,130524,163968,118583,182539
613,Vest,region,RO42,tourism_nights,no,POOL_GR,2026-09-27T17:58:57.344071+00:00,2025-12,2026-12,12,129522,115682,145637,104958,162444
479,Vidurio ir vakarų Lietuvos regionas ,region,LT02,tourism_nights,no,POOL_GR,2026-09-27T17:58:57.344071+00:00,2025-12,2026-01,1,415565,377423,458647,344904,502264
479,Vidurio ir vakarų Lietuvos regionas ,region,LT02,tourism_nights,no,POOL_GR,2026-09-27T17:58:57.344071+00:00,2025-12,2026-02,2,459643,415862,508929,382117,557089
479,Vidurio ir vakarų Lietuvos regionas ,region,LT02,tourism_nights,no,POOL_GR,2026-09-27T17:58:57.344071+00:00,2025-12,2026-03,3,495388,447182,550476,409633,604858
479,Vidurio ir vakarų Lietuvos regionas ,region,LT02,tourism_nights,no,POOL_GR,2026-09-27T17:58:57.344071+00:00,2025-12,2026-04,4,413825,372745,460395,341927,505695
479,Vidurio ir vakarų Lietuvos regionas ,region,LT02,tourism_nights,no,POOL_GR,2026-09-27T17:58:57.344071+00:00,2025-12,2026-05,5,532596,479192,594002,438456,653509
479,Vidurio ir vakarų Lietuvos regionas ,region,LT02,tourism_nights,no,POOL_GR,2026-09-27T17:58:57.344071+00:00,2025-12,2026-06,6,694292,624175,774579,570305,853995
479,Vidurio ir vakarų Lietuvos regionas ,region,LT02,tourism_nights,no,POOL_GR,2026-09-27T17:58:57.344071+00:00,2025-12,2026-07,7,973284,873848,1089203,795038,1200758
479,Vidurio ir vakarų Lietuvos regionas ,region,LT02,tourism_nights,no,POOL_GR,2026-09-27T17:58:57.344071+00:00,2025-12,2026-08,8,930817,835284,1040802,758300,1151617
479,Vidurio ir vakarų Lietuvos regionas ,region,LT02,tourism_nights,no,POOL_GR,2026-09-27T17:58:57.344071+00:00,2025-12,2026-09,9,493765,442440,552901,402004,612050
479,Vidurio ir vakarų Lietuvos regionas ,region,LT02,tourism_nights,no,POOL_GR,2026-09-27T17:58:57.344071+00:00,2025-12,2026-10,10,399529,357591,448174,325738,499517
479,Vidurio ir vakarų Lietuvos regionas ,region,LT02,tourism_nights,no,POOL_GR,2026-09-27T17:58:57.344071+00:00,2025-12,2026-11,11,403787,360800,453247,327791,504583
479,Vidurio ir vakarų Lietuvos regionas ,region,LT02,tourism_nights,no,POOL_GR,2026-09-27T17:58:57.344071+00:00,2025-12,2026-12,12,397808,355301,447304,322363,498924
376,Vorarlberg,region,AT34,tourism_nights,no,POOL_GR,2026-09-27T17:58:57.344071+00:00,2025-12,2026-01,1,999682,907927,1103321,829700,1208245
376,Vorarlberg,region,AT34,tourism_nights,no,POOL_GR,2026-09-27T17:58:57.344071+00:00,2025-12,2026-02,2,1062307,961122,1176215,883133,1287520
376,Vorarlberg,region,AT34,tourism_nights,no,POOL_GR,2026-09-27T17:58:57.344071+00:00,2025-12,2026-03,3,840180,758422,933609,694739,1025841
376,Vorarlberg,region,AT34,tourism_nights,no,POOL_GR,2026-09-27T17:58:57.344071+00:00,2025-12,2026-04,4,352014,317070,391628,290855,430162
376,Vorarlberg,region,AT34,tourism_nights,no,POOL_GR,2026-09-27T17:58:57.344071+00:00,2025-12,2026-05,5,341589,307338,380973,281211,419139
376,Vorarlberg,region,AT34,tourism_nights,no,POOL_GR,2026-09-27T17:58:57.344071+00:00,2025-12,2026-06,6,611876,550082,682632,502607,752621
376,Vorarlberg,region,AT34,tourism_nights,no,POOL_GR,2026-09-27T17:58:57.344071+00:00,2025-12,2026-07,7,809004,726352,905358,660845,998084
376,Vorarlberg,region,AT34,tourism_nights,no,POOL_GR,2026-09-27T17:58:57.344071+00:00,2025-12,2026-08,8,995196,893056,1112788,810748,1231268
376,Vorarlberg,region,AT34,tourism_nights,no,POOL_GR,2026-09-27T17:58:57.344071+00:00,2025-12,2026-09,9,614527,550649,688125,500324,761740
376,Vorarlberg,region,AT34,tourism_nights,no,POOL_GR,2026-09-27T17:58:57.344071+00:00,2025-12,2026-10,10,476671,426637,534710,388633,595966
376,Vorarlberg,region,AT34,tourism_nights,no,POOL_GR,2026-09-27T17:58:57.344071+00:00,2025-12,2026-11,11,168059,150167,188644,136429,210010
376,Vorarlberg,region,AT34,tourism_nights,no,POOL_GR,2026-09-27T17:58:57.344071+00:00,2025-12,2026-12,12,703912,628697,791494,570414,882834
436,Voreio Aigaio,region,EL41,tourism_nights,no,POOL_GR,2026-09-27T17:58:57.344071+00:00,2025-12,2026-01,1,20736,18832,22885,17210,25062
436,Voreio Aigaio,region,EL41,tourism_nights,no,POOL_GR,2026-09-27T17:58:57.344071+00:00,2025-12,2026-02,2,21613,19554,23930,17967,26194
436,Voreio Aigaio,region,EL41,tourism_nights,no,POOL_GR,2026-09-27T17:58:57.344071+00:00,2025-12,2026-03,3,31024,28005,34474,25654,37880
436,Voreio Aigaio,region,EL41,tourism_nights,no,POOL_GR,2026-09-27T17:58:57.344071+00:00,2025-12,2026-04,4,72047,64895,80155,59530,88042
436,Voreio Aigaio,region,EL41,tourism_nights,no,POOL_GR,2026-09-27T17:58:57.344071+00:00,2025-12,2026-05,5,257931,232068,287669,212340,316488
436,Voreio Aigaio,region,EL41,tourism_nights,no,POOL_GR,2026-09-27T17:58:57.344071+00:00,2025-12,2026-06,6,525209,472167,585943,431416,646018
436,Voreio Aigaio,region,EL41,tourism_nights,no,POOL_GR,2026-09-27T17:58:57.344071+00:00,2025-12,2026-07,7,727712,653365,814384,594440,897792
436,Voreio Aigaio,region,EL41,tourism_nights,no,POOL_GR,2026-09-27T17:58:57.344071+00:00,2025-12,2026-08,8,823702,739163,921030,671038,1019093
436,Voreio Aigaio,region,EL41,tourism_nights,no,POOL_GR,2026-09-27T17:58:57.344071+00:00,2025-12,2026-09,9,558418,500372,625296,454642,692190
436,Voreio Aigaio,region,EL41,tourism_nights,no,POOL_GR,2026-09-27T17:58:57.344071+00:00,2025-12,2026-10,10,136413,122094,153022,111218,170553
436,Voreio Aigaio,region,EL41,tourism_nights,no,POOL_GR,2026-09-27T17:58:57.344071+00:00,2025-12,2026-11,11,35178,31433,39487,28557,43959
436,Voreio Aigaio,region,EL41,tourism_nights,no,POOL_GR,2026-09-27T17:58:57.344071+00:00,2025-12,2026-12,12,29606,26442,33289,23991,37131
597,Východné Slovensko,region,SK04,tourism_nights,no,POOL_GR,2026-09-27T17:58:57.344071+00:00,2025-12,2026-01,1,283971,257907,313411,235686,343216
597,Východné Slovensko,region,SK04,tourism_nights,no,POOL_GR,2026-09-27T17:58:57.344071+00:00,2025-12,2026-02,2,323449,292640,358131,268894,392021
597,Východné Slovensko,region,SK04,tourism_nights,no,POOL_GR,2026-09-27T17:58:57.344071+00:00,2025-12,2026-03,3,241296,217815,268128,199526,294616
597,Východné Slovensko,region,SK04,tourism_nights,no,POOL_GR,2026-09-27T17:58:57.344071+00:00,2025-12,2026-04,4,229285,206524,255088,189449,280187
597,Východné Slovensko,region,SK04,tourism_nights,no,POOL_GR,2026-09-27T17:58:57.344071+00:00,2025-12,2026-05,5,320144,288043,357056,263557,392825
597,Východné Slovensko,region,SK04,tourism_nights,no,POOL_GR,2026-09-27T17:58:57.344071+00:00,2025-12,2026-06,6,374870,337011,418219,307925,461098
597,Východné Slovensko,region,SK04,tourism_nights,no,POOL_GR,2026-09-27T17:58:57.344071+00:00,2025-12,2026-07,7,490101,440029,548472,400344,604646
597,Východné Slovensko,region,SK04,tourism_nights,no,POOL_GR,2026-09-27T17:58:57.344071+00:00,2025-12,2026-08,8,568605,510248,635792,463221,703485
597,Východné Slovensko,region,SK04,tourism_nights,no,POOL_GR,2026-09-27T17:58:57.344071+00:00,2025-12,2026-09,9,369875,331428,414172,301137,458480
597,Východné Slovensko,region,SK04,tourism_nights,no,POOL_GR,2026-09-27T17:58:57.344071+00:00,2025-12,2026-10,10,347215,310769,389491,283086,434111
597,Východné Slovensko,region,SK04,tourism_nights,no,POOL_GR,2026-09-27T17:58:57.344071+00:00,2025-12,2026-11,11,262742,234770,294925,213292,328329
597,Východné Slovensko,region,SK04,tourism_nights,no,POOL_GR,2026-09-27T17:58:57.344071+00:00,2025-12,2026-12,12,264780,236487,297724,214564,332082
599,Vzhodna Slovenija,region,SI03,tourism_nights,no,POOL_GR,2026-09-27T17:58:57.344071+00:00,2025-12,2026-01,1,369910,335959,408260,307012,447085
599,Vzhodna Slovenija,region,SI03,tourism_nights,no,POOL_GR,2026-09-27T17:58:57.344071+00:00,2025-12,2026-02,2,369982,334741,409654,307579,448420
599,Vzhodna Slovenija,region,SI03,tourism_nights,no,POOL_GR,2026-09-27T17:58:57.344071+00:00,2025-12,2026-03,3,336210,303493,373596,278010,410504
599,Vzhodna Slovenija,region,SI03,tourism_nights,no,POOL_GR,2026-09-27T17:58:57.344071+00:00,2025-12,2026-04,4,371492,334614,413298,306948,453963
599,Vzhodna Slovenija,region,SI03,tourism_nights,no,POOL_GR,2026-09-27T17:58:57.344071+00:00,2025-12,2026-05,5,444995,400375,496301,366339,546021
599,Vzhodna Slovenija,region,SI03,tourism_nights,no,POOL_GR,2026-09-27T17:58:57.344071+00:00,2025-12,2026-06,6,522876,470070,583341,429501,643149
599,Vzhodna Slovenija,region,SI03,tourism_nights,no,POOL_GR,2026-09-27T17:58:57.344071+00:00,2025-12,2026-07,7,744736,668650,833435,608346,918794
599,Vzhodna Slovenija,region,SI03,tourism_nights,no,POOL_GR,2026-09-27T17:58:57.344071+00:00,2025-12,2026-08,8,879066,788845,982937,716141,1087591
599,Vzhodna Slovenija,region,SI03,tourism_nights,no,POOL_GR,2026-09-27T17:58:57.344071+00:00,2025-12,2026-09,9,452969,405885,507219,368790,561481
599,Vzhodna Slovenija,region,SI03,tourism_nights,no,POOL_GR,2026-09-27T17:58:57.344071+00:00,2025-12,2026-10,10,433060,387603,485789,353076,541440
599,Vzhodna Slovenija,region,SI03,tourism_nights,no,POOL_GR,2026-09-27T17:58:57.344071+00:00,2025-12,2026-11,11,340264,304039,381943,276224,425202
599,Vzhodna Slovenija,region,SI03,tourism_nights,no,POOL_GR,2026-09-27T17:58:57.344071+00:00,2025-12,2026-12,12,360201,321712,405017,291888,451758
547,Warmińsko-mazurskie,region,PL62,tourism_nights,no,POOL_GR,2026-09-27T17:58:57.344071+00:00,2025-12,2026-01,1,141526,128536,156198,117462,171053
547,Warmińsko-mazurskie,region,PL62,tourism_nights,no,POOL_GR,2026-09-27T17:58:57.344071+00:00,2025-12,2026-02,2,210525,190472,233099,175017,255157
547,Warmińsko-mazurskie,region,PL62,tourism_nights,no,POOL_GR,2026-09-27T17:58:57.344071+00:00,2025-12,2026-03,3,150676,136014,167432,124593,183972
547,Warmińsko-mazurskie,region,PL62,tourism_nights,no,POOL_GR,2026-09-27T17:58:57.344071+00:00,2025-12,2026-04,4,177662,160025,197655,146795,217103
547,Warmińsko-mazurskie,region,PL62,tourism_nights,no,POOL_GR,2026-09-27T17:58:57.344071+00:00,2025-12,2026-05,5,290081,260994,323526,238807,355937
547,Warmińsko-mazurskie,region,PL62,tourism_nights,no,POOL_GR,2026-09-27T17:58:57.344071+00:00,2025-12,2026-06,6,422587,379910,471454,347121,519792
547,Warmińsko-mazurskie,region,PL62,tourism_nights,no,POOL_GR,2026-09-27T17:58:57.344071+00:00,2025-12,2026-07,7,733853,658878,821255,599456,905367
547,Warmińsko-mazurskie,region,PL62,tourism_nights,no,POOL_GR,2026-09-27T17:58:57.344071+00:00,2025-12,2026-08,8,752758,675500,841704,613243,931321
547,Warmińsko-mazurskie,region,PL62,tourism_nights,no,POOL_GR,2026-09-27T17:58:57.344071+00:00,2025-12,2026-09,9,323472,289848,362212,263358,400961
547,Warmińsko-mazurskie,region,PL62,tourism_nights,no,POOL_GR,2026-09-27T17:58:57.344071+00:00,2025-12,2026-10,10,205946,184328,231021,167908,257487
547,Warmińsko-mazurskie,region,PL62,tourism_nights,no,POOL_GR,2026-09-27T17:58:57.344071+00:00,2025-12,2026-11,11,189733,169534,212973,154024,237095
547,Warmińsko-mazurskie,region,PL62,tourism_nights,no,POOL_GR,2026-09-27T17:58:57.344071+00:00,2025-12,2026-12,12,166285,148517,186975,134749,208552
594,Warszawski stołeczny,region,PL91,tourism_nights,no,POOL_GR,2026-09-27T17:58:57.344071+00:00,2025-12,2026-01,1,708994,643919,782496,588439,856910
594,Warszawski stołeczny,region,PL91,tourism_nights,no,POOL_GR,2026-09-27T17:58:57.344071+00:00,2025-12,2026-02,2,675665,611308,748114,561704,818908
594,Warszawski stołeczny,region,PL91,tourism_nights,no,POOL_GR,2026-09-27T17:58:57.344071+00:00,2025-12,2026-03,3,808943,730224,898898,668909,987700
594,Warszawski stołeczny,region,PL91,tourism_nights,no,POOL_GR,2026-09-27T17:58:57.344071+00:00,2025-12,2026-04,4,803431,723675,893845,663842,981793
594,Warszawski stołeczny,region,PL91,tourism_nights,no,POOL_GR,2026-09-27T17:58:57.344071+00:00,2025-12,2026-05,5,976136,878258,1088680,803597,1197744
594,Warszawski stołeczny,region,PL91,tourism_nights,no,POOL_GR,2026-09-27T17:58:57.344071+00:00,2025-12,2026-06,6,1009474,907526,1126208,829201,1241675
594,Warszawski stołeczny,region,PL91,tourism_nights,no,POOL_GR,2026-09-27T17:58:57.344071+00:00,2025-12,2026-07,7,994666,893045,1113131,812504,1227137
594,Warszawski stołeczny,region,PL91,tourism_nights,no,POOL_GR,2026-09-27T17:58:57.344071+00:00,2025-12,2026-08,8,1064280,955050,1190035,867028,1316739
594,Warszawski stołeczny,region,PL91,tourism_nights,no,POOL_GR,2026-09-27T17:58:57.344071+00:00,2025-12,2026-09,9,1025175,918612,1147954,834657,1270761
594,Warszawski stołeczny,region,PL91,tourism_nights,no,POOL_GR,2026-09-27T17:58:57.344071+00:00,2025-12,2026-10,10,1011895,905679,1135100,825003,1265137
594,Warszawski stołeczny,region,PL91,tourism_nights,no,POOL_GR,2026-09-27T17:58:57.344071+00:00,2025-12,2026-11,11,965251,862490,1083485,783583,1206202
594,Warszawski stołeczny,region,PL91,tourism_nights,no,POOL_GR,2026-09-27T17:58:57.344071+00:00,2025-12,2026-12,12,912870,815327,1026451,739743,1144906
481,Weser-Ems,region,DE94,tourism_nights,no,POOL_GR,2026-09-27T17:58:57.344071+00:00,2025-12,2026-01,1,523689,475623,577981,434643,632946
481,Weser-Ems,region,DE94,tourism_nights,no,POOL_GR,2026-09-27T17:58:57.344071+00:00,2025-12,2026-02,2,581785,526370,644168,483658,705125
481,Weser-Ems,region,DE94,tourism_nights,no,POOL_GR,2026-09-27T17:58:57.344071+00:00,2025-12,2026-03,3,942647,850918,1047470,779469,1150951
481,Weser-Ems,region,DE94,tourism_nights,no,POOL_GR,2026-09-27T17:58:57.344071+00:00,2025-12,2026-04,4,1669181,1503483,1857024,1379176,2039741
481,Weser-Ems,region,DE94,tourism_nights,no,POOL_GR,2026-09-27T17:58:57.344071+00:00,2025-12,2026-05,5,1981607,1782910,2210078,1631344,2431483
481,Weser-Ems,region,DE94,tourism_nights,no,POOL_GR,2026-09-27T17:58:57.344071+00:00,2025-12,2026-06,6,2217582,1993627,2474020,1821565,2727676
481,Weser-Ems,region,DE94,tourism_nights,no,POOL_GR,2026-09-27T17:58:57.344071+00:00,2025-12,2026-07,7,2573499,2310576,2880005,2102192,3174973
481,Weser-Ems,region,DE94,tourism_nights,no,POOL_GR,2026-09-27T17:58:57.344071+00:00,2025-12,2026-08,8,2826985,2536842,3161020,2303035,3497576
481,Weser-Ems,region,DE94,tourism_nights,no,POOL_GR,2026-09-27T17:58:57.344071+00:00,2025-12,2026-09,9,2008133,1799396,2248636,1634943,2489194
481,Weser-Ems,region,DE94,tourism_nights,no,POOL_GR,2026-09-27T17:58:57.344071+00:00,2025-12,2026-10,10,1702705,1523977,1910022,1388224,2128833
481,Weser-Ems,region,DE94,tourism_nights,no,POOL_GR,2026-09-27T17:58:57.344071+00:00,2025-12,2026-11,11,757594,676940,850391,615009,946708
481,Weser-Ems,region,DE94,tourism_nights,no,POOL_GR,2026-09-27T17:58:57.344071+00:00,2025-12,2026-12,12,722513,645310,812410,585488,906164
592,Wielkopolskie,region,PL41,tourism_nights,no,POOL_GR,2026-09-27T17:58:57.344071+00:00,2025-12,2026-01,1,227703,206804,251310,188986,275209
592,Wielkopolskie,region,PL41,tourism_nights,no,POOL_GR,2026-09-27T17:58:57.344071+00:00,2025-12,2026-02,2,253661,229499,280860,210877,307438
592,Wielkopolskie,region,PL41,tourism_nights,no,POOL_GR,2026-09-27T17:58:57.344071+00:00,2025-12,2026-03,3,279469,252274,310546,231091,341225
592,Wielkopolskie,region,PL41,tourism_nights,no,POOL_GR,2026-09-27T17:58:57.344071+00:00,2025-12,2026-04,4,285761,257394,317919,236113,349200
592,Wielkopolskie,region,PL41,tourism_nights,no,POOL_GR,2026-09-27T17:58:57.344071+00:00,2025-12,2026-05,5,374737,337162,417943,308500,459812
592,Wielkopolskie,region,PL41,tourism_nights,no,POOL_GR,2026-09-27T17:58:57.344071+00:00,2025-12,2026-06,6,426279,383228,475573,350153,524332
592,Wielkopolskie,region,PL41,tourism_nights,no,POOL_GR,2026-09-27T17:58:57.344071+00:00,2025-12,2026-07,7,546260,490451,611320,446218,673931
592,Wielkopolskie,region,PL41,tourism_nights,no,POOL_GR,2026-09-27T17:58:57.344071+00:00,2025-12,2026-08,8,579714,520216,648212,472270,717228
592,Wielkopolskie,region,PL41,tourism_nights,no,POOL_GR,2026-09-27T17:58:57.344071+00:00,2025-12,2026-09,9,381907,342209,427646,310934,473395
592,Wielkopolskie,region,PL41,tourism_nights,no,POOL_GR,2026-09-27T17:58:57.344071+00:00,2025-12,2026-10,10,341891,306004,383519,278745,427454
592,Wielkopolskie,region,PL41,tourism_nights,no,POOL_GR,2026-09-27T17:58:57.344071+00:00,2025-12,2026-11,11,305479,272958,342897,247985,381734
592,Wielkopolskie,region,PL41,tourism_nights,no,POOL_GR,2026-09-27T17:58:57.344071+00:00,2025-12,2026-12,12,269623,240813,303170,218489,338157
409,Wien,region,AT13,tourism_nights,no,POOL_GR,2026-09-27T17:58:57.344071+00:00,2025-12,2026-01,1,1159387,1052974,1279582,962250,1401269
409,Wien,region,AT13,tourism_nights,no,POOL_GR,2026-09-27T17:58:57.344071+00:00,2025-12,2026-02,2,1138502,1030060,1260580,946476,1379869
409,Wien,region,AT13,tourism_nights,no,POOL_GR,2026-09-27T17:58:57.344071+00:00,2025-12,2026-03,3,1381402,1246977,1535015,1142272,1686660
409,Wien,region,AT13,tourism_nights,no,POOL_GR,2026-09-27T17:58:57.344071+00:00,2025-12,2026-04,4,1814525,1634399,2018724,1499267,2217352
409,Wien,region,AT13,tourism_nights,no,POOL_GR,2026-09-27T17:58:57.344071+00:00,2025-12,2026-05,5,1790645,1611096,1997099,1474136,2197168
409,Wien,region,AT13,tourism_nights,no,POOL_GR,2026-09-27T17:58:57.344071+00:00,2025-12,2026-06,6,1717736,1544260,1916372,1410982,2112854
409,Wien,region,AT13,tourism_nights,no,POOL_GR,2026-09-27T17:58:57.344071+00:00,2025-12,2026-07,7,1807327,1622681,2022582,1476336,2229733
409,Wien,region,AT13,tourism_nights,no,POOL_GR,2026-09-27T17:58:57.344071+00:00,2025-12,2026-08,8,1925840,1728185,2153397,1568907,2382670
409,Wien,region,AT13,tourism_nights,no,POOL_GR,2026-09-27T17:58:57.344071+00:00,2025-12,2026-09,9,1768569,1584734,1980381,1439900,2192241
409,Wien,region,AT13,tourism_nights,no,POOL_GR,2026-09-27T17:58:57.344071+00:00,2025-12,2026-10,10,1875711,1678823,2104093,1529277,2345136
409,Wien,region,AT13,tourism_nights,no,POOL_GR,2026-09-27T17:58:57.344071+00:00,2025-12,2026-11,11,1710332,1528250,1919831,1388434,2137274
409,Wien,region,AT13,tourism_nights,no,POOL_GR,2026-09-27T17:58:57.344071+00:00,2025-12,2026-12,12,2177243,1944597,2448139,1764326,2730661
382,Yugoiztochen,region,BG34,tourism_nights,no,POOL_GR,2026-09-27T17:58:57.344071+00:00,2025-12,2026-01,1,91393,83004,100868,75853,110460
382,Yugoiztochen,region,BG34,tourism_nights,no,POOL_GR,2026-09-27T17:58:57.344071+00:00,2025-12,2026-02,2,90049,81472,99704,74861,109140
382,Yugoiztochen,region,BG34,tourism_nights,no,POOL_GR,2026-09-27T17:58:57.344071+00:00,2025-12,2026-03,3,108420,97870,120476,89652,132378
382,Yugoiztochen,region,BG34,tourism_nights,no,POOL_GR,2026-09-27T17:58:57.344071+00:00,2025-12,2026-04,4,120275,108335,133810,99378,146976
382,Yugoiztochen,region,BG34,tourism_nights,no,POOL_GR,2026-09-27T17:58:57.344071+00:00,2025-12,2026-05,5,414413,372859,462193,341162,508495
382,Yugoiztochen,region,BG34,tourism_nights,no,POOL_GR,2026-09-27T17:58:57.344071+00:00,2025-12,2026-06,6,1919336,1725500,2141285,1576580,2360826
382,Yugoiztochen,region,BG34,tourism_nights,no,POOL_GR,2026-09-27T17:58:57.344071+00:00,2025-12,2026-07,7,3291416,2955148,3683428,2688631,4060681
382,Yugoiztochen,region,BG34,tourism_nights,no,POOL_GR,2026-09-27T17:58:57.344071+00:00,2025-12,2026-08,8,3350656,3006767,3746568,2729650,4145468
382,Yugoiztochen,region,BG34,tourism_nights,no,POOL_GR,2026-09-27T17:58:57.344071+00:00,2025-12,2026-09,9,1436571,1287245,1608621,1169600,1780710
382,Yugoiztochen,region,BG34,tourism_nights,no,POOL_GR,2026-09-27T17:58:57.344071+00:00,2025-12,2026-10,10,146567,131182,164412,119497,183247
382,Yugoiztochen,region,BG34,tourism_nights,no,POOL_GR,2026-09-27T17:58:57.344071+00:00,2025-12,2026-11,11,119905,107140,134592,97338,149836
382,Yugoiztochen,region,BG34,tourism_nights,no,POOL_GR,2026-09-27T17:58:57.344071+00:00,2025-12,2026-12,12,106716,95313,119994,86478,133842
399,Yugozapaden,region,BG41,tourism_nights,no,POOL_GR,2026-09-27T17:58:57.344071+00:00,2025-12,2026-01,1,558859,507565,616797,463833,675454
399,Yugozapaden,region,BG41,tourism_nights,no,POOL_GR,2026-09-27T17:58:57.344071+00:00,2025-12,2026-02,2,566412,512461,627146,470878,686493
399,Yugozapaden,region,BG41,tourism_nights,no,POOL_GR,2026-09-27T17:58:57.344071+00:00,2025-12,2026-03,3,489313,441698,543725,404610,597440
399,Yugozapaden,region,BG41,tourism_nights,no,POOL_GR,2026-09-27T17:58:57.344071+00:00,2025-12,2026-04,4,381832,343928,424802,315492,466599
399,Yugozapaden,region,BG41,tourism_nights,no,POOL_GR,2026-09-27T17:58:57.344071+00:00,2025-12,2026-05,5,387597,348732,432285,319087,475592
399,Yugozapaden,region,BG41,tourism_nights,no,POOL_GR,2026-09-27T17:58:57.344071+00:00,2025-12,2026-06,6,387345,348227,432137,318173,476443
399,Yugozapaden,region,BG41,tourism_nights,no,POOL_GR,2026-09-27T17:58:57.344071+00:00,2025-12,2026-07,7,445299,399805,498335,363748,549374
399,Yugozapaden,region,BG41,tourism_nights,no,POOL_GR,2026-09-27T17:58:57.344071+00:00,2025-12,2026-08,8,535941,480935,599267,436610,663072
399,Yugozapaden,region,BG41,tourism_nights,no,POOL_GR,2026-09-27T17:58:57.344071+00:00,2025-12,2026-09,9,440115,394367,492825,358324,545547
399,Yugozapaden,region,BG41,tourism_nights,no,POOL_GR,2026-09-27T17:58:57.344071+00:00,2025-12,2026-10,10,434386,388790,487276,354158,543098
399,Yugozapaden,region,BG41,tourism_nights,no,POOL_GR,2026-09-27T17:58:57.344071+00:00,2025-12,2026-11,11,397973,355605,446721,323071,497317
399,Yugozapaden,region,BG41,tourism_nights,no,POOL_GR,2026-09-27T17:58:57.344071+00:00,2025-12,2026-12,12,456650,407855,513467,370046,572723
419,Yuzhen tsentralen,region,BG42,tourism_nights,no,POOL_GR,2026-09-27T17:58:57.344071+00:00,2025-12,2026-01,1,372507,338317,411125,309167,450223
419,Yuzhen tsentralen,region,BG42,tourism_nights,no,POOL_GR,2026-09-27T17:58:57.344071+00:00,2025-12,2026-02,2,384127,347539,425316,319338,465564
419,Yuzhen tsentralen,region,BG42,tourism_nights,no,POOL_GR,2026-09-27T17:58:57.344071+00:00,2025-12,2026-03,3,346335,312633,384848,286382,422867
419,Yuzhen tsentralen,region,BG42,tourism_nights,no,POOL_GR,2026-09-27T17:58:57.344071+00:00,2025-12,2026-04,4,300124,270331,333899,247980,366752
419,Yuzhen tsentralen,region,BG42,tourism_nights,no,POOL_GR,2026-09-27T17:58:57.344071+00:00,2025-12,2026-05,5,307877,277006,343374,253458,377774
419,Yuzhen tsentralen,region,BG42,tourism_nights,no,POOL_GR,2026-09-27T17:58:57.344071+00:00,2025-12,2026-06,6,319866,287562,356854,262744,393442
419,Yuzhen tsentralen,region,BG42,tourism_nights,no,POOL_GR,2026-09-27T17:58:57.344071+00:00,2025-12,2026-07,7,395863,355419,443010,323365,488383
419,Yuzhen tsentralen,region,BG42,tourism_nights,no,POOL_GR,2026-09-27T17:58:57.344071+00:00,2025-12,2026-08,8,481987,432519,538938,392656,596319
419,Yuzhen tsentralen,region,BG42,tourism_nights,no,POOL_GR,2026-09-27T17:58:57.344071+00:00,2025-12,2026-09,9,344559,308744,385825,280527,427100
419,Yuzhen tsentralen,region,BG42,tourism_nights,no,POOL_GR,2026-09-27T17:58:57.344071+00:00,2025-12,2026-10,10,313018,280162,351131,255206,391356
419,Yuzhen tsentralen,region,BG42,tourism_nights,no,POOL_GR,2026-09-27T17:58:57.344071+00:00,2025-12,2026-11,11,309405,276466,347305,251173,386641
419,Yuzhen tsentralen,region,BG42,tourism_nights,no,POOL_GR,2026-09-27T17:58:57.344071+00:00,2025-12,2026-12,12,335110,299302,376805,271556,420289
595,Zachodniopomorskie,region,PL42,tourism_nights,no,POOL_GR,2026-09-27T17:58:57.344071+00:00,2025-12,2026-01,1,736277,668698,812608,611083,889886
595,Zachodniopomorskie,region,PL42,tourism_nights,no,POOL_GR,2026-09-27T17:58:57.344071+00:00,2025-12,2026-02,2,916842,829513,1015152,762203,1111216
595,Zachodniopomorskie,region,PL42,tourism_nights,no,POOL_GR,2026-09-27T17:58:57.344071+00:00,2025-12,2026-03,3,882868,796956,981044,730038,1077961
595,Zachodniopomorskie,region,PL42,tourism_nights,no,POOL_GR,2026-09-27T17:58:57.344071+00:00,2025-12,2026-04,4,1071477,965113,1192057,885318,1309347
595,Zachodniopomorskie,region,PL42,tourism_nights,no,POOL_GR,2026-09-27T17:58:57.344071+00:00,2025-12,2026-05,5,1467489,1320342,1636684,1208100,1800647
595,Zachodniopomorskie,region,PL42,tourism_nights,no,POOL_GR,2026-09-27T17:58:57.344071+00:00,2025-12,2026-06,6,1987664,1786928,2217514,1632705,2444871
595,Zachodniopomorskie,region,PL42,tourism_nights,no,POOL_GR,2026-09-27T17:58:57.344071+00:00,2025-12,2026-07,7,3051469,2739715,3414902,2492628,3764654
595,Zachodniopomorskie,region,PL42,tourism_nights,no,POOL_GR,2026-09-27T17:58:57.344071+00:00,2025-12,2026-08,8,3079500,2763442,3443373,2508750,3809992
595,Zachodniopomorskie,region,PL42,tourism_nights,no,POOL_GR,2026-09-27T17:58:57.344071+00:00,2025-12,2026-09,9,1703900,1526787,1907967,1387249,2112080
595,Zachodniopomorskie,region,PL42,tourism_nights,no,POOL_GR,2026-09-27T17:58:57.344071+00:00,2025-12,2026-10,10,1186630,1062074,1331112,967466,1483603
595,Zachodniopomorskie,region,PL42,tourism_nights,no,POOL_GR,2026-09-27T17:58:57.344071+00:00,2025-12,2026-11,11,913213,815992,1025073,741339,1141174
595,Zachodniopomorskie,region,PL42,tourism_nights,no,POOL_GR,2026-09-27T17:58:57.344071+00:00,2025-12,2026-12,12,803485,717630,903456,651103,1007717
600,Zahodna Slovenija,region,SI04,tourism_nights,no,POOL_GR,2026-09-27T17:58:57.344071+00:00,2025-12,2026-01,1,438169,397952,483594,363664,529583
600,Zahodna Slovenija,region,SI04,tourism_nights,no,POOL_GR,2026-09-27T17:58:57.344071+00:00,2025-12,2026-02,2,447074,404490,495012,371668,541855
600,Zahodna Slovenija,region,SI04,tourism_nights,no,POOL_GR,2026-09-27T17:58:57.344071+00:00,2025-12,2026-03,3,453176,409077,503570,374728,553317
600,Zahodna Slovenija,region,SI04,tourism_nights,no,POOL_GR,2026-09-27T17:58:57.344071+00:00,2025-12,2026-04,4,802250,722612,892532,662866,980351
600,Zahodna Slovenija,region,SI04,tourism_nights,no,POOL_GR,2026-09-27T17:58:57.344071+00:00,2025-12,2026-05,5,1032654,929109,1151715,850126,1267094
600,Zahodna Slovenija,region,SI04,tourism_nights,no,POOL_GR,2026-09-27T17:58:57.344071+00:00,2025-12,2026-06,6,1508433,1356094,1682865,1239056,1855406
600,Zahodna Slovenija,region,SI04,tourism_nights,no,POOL_GR,2026-09-27T17:58:57.344071+00:00,2025-12,2026-07,7,2333954,2095505,2611930,1906517,2879442
600,Zahodna Slovenija,region,SI04,tourism_nights,no,POOL_GR,2026-09-27T17:58:57.344071+00:00,2025-12,2026-08,8,2564874,2301633,2867939,2089504,3173290
600,Zahodna Slovenija,region,SI04,tourism_nights,no,POOL_GR,2026-09-27T17:58:57.344071+00:00,2025-12,2026-09,9,1375230,1232280,1539933,1119658,1704675
600,Zahodna Slovenija,region,SI04,tourism_nights,no,POOL_GR,2026-09-27T17:58:57.344071+00:00,2025-12,2026-10,10,833135,745683,934575,679259,1041640
600,Zahodna Slovenija,region,SI04,tourism_nights,no,POOL_GR,2026-09-27T17:58:57.344071+00:00,2025-12,2026-11,11,414595,370457,465378,336565,518088
600,Zahodna Slovenija,region,SI04,tourism_nights,no,POOL_GR,2026-09-27T17:58:57.344071+00:00,2025-12,2026-12,12,543891,485774,611563,440741,682139
602,Západné Slovensko,region,SK02,tourism_nights,no,POOL_GR,2026-09-27T17:58:57.344071+00:00,2025-12,2026-01,1,134536,122188,148484,111660,162604
602,Západné Slovensko,region,SK02,tourism_nights,no,POOL_GR,2026-09-27T17:58:57.344071+00:00,2025-12,2026-02,2,191937,173655,212518,159564,232629
602,Západné Slovensko,region,SK02,tourism_nights,no,POOL_GR,2026-09-27T17:58:57.344071+00:00,2025-12,2026-03,3,223357,201622,248194,184692,272714
602,Západné Slovensko,region,SK02,tourism_nights,no,POOL_GR,2026-09-27T17:58:57.344071+00:00,2025-12,2026-04,4,254382,229130,283009,210186,310855
602,Západné Slovensko,region,SK02,tourism_nights,no,POOL_GR,2026-09-27T17:58:57.344071+00:00,2025-12,2026-05,5,331727,298465,369974,273092,407038
602,Západné Slovensko,region,SK02,tourism_nights,no,POOL_GR,2026-09-27T17:58:57.344071+00:00,2025-12,2026-06,6,365482,328572,407746,300214,449551
602,Západné Slovensko,region,SK02,tourism_nights,no,POOL_GR,2026-09-27T17:58:57.344071+00:00,2025-12,2026-07,7,480652,431546,537898,392626,592989
602,Západné Slovensko,region,SK02,tourism_nights,no,POOL_GR,2026-09-27T17:58:57.344071+00:00,2025-12,2026-08,8,508290,456122,568349,414084,628861
602,Západné Slovensko,region,SK02,tourism_nights,no,POOL_GR,2026-09-27T17:58:57.344071+00:00,2025-12,2026-09,9,321955,288489,360514,262124,399082
602,Západné Slovensko,region,SK02,tourism_nights,no,POOL_GR,2026-09-27T17:58:57.344071+00:00,2025-12,2026-10,10,294637,263710,330511,240219,368374
602,Západné Slovensko,region,SK02,tourism_nights,no,POOL_GR,2026-09-27T17:58:57.344071+00:00,2025-12,2026-11,11,250994,224273,281738,203755,313648
602,Západné Slovensko,region,SK02,tourism_nights,no,POOL_GR,2026-09-27T17:58:57.344071+00:00,2025-12,2026-12,12,145079,129577,163130,117564,181955
536,Zeeland,region,NL34,tourism_nights,no,POOL_GR,2026-09-27T17:58:57.344071+00:00,2025-12,2026-01,1,321789,292254,355149,267073,388923
536,Zeeland,region,NL34,tourism_nights,no,POOL_GR,2026-09-27T17:58:57.344071+00:00,2025-12,2026-02,2,277278,250867,307009,230511,336062
536,Zeeland,region,NL34,tourism_nights,no,POOL_GR,2026-09-27T17:58:57.344071+00:00,2025-12,2026-03,3,538647,486231,598545,445403,657675
536,Zeeland,region,NL34,tourism_nights,no,POOL_GR,2026-09-27T17:58:57.344071+00:00,2025-12,2026-04,4,1179470,1062386,1312203,974548,1441314
536,Zeeland,region,NL34,tourism_nights,no,POOL_GR,2026-09-27T17:58:57.344071+00:00,2025-12,2026-05,5,1121618,1009153,1250936,923365,1376255
536,Zeeland,region,NL34,tourism_nights,no,POOL_GR,2026-09-27T17:58:57.344071+00:00,2025-12,2026-06,6,1663435,1495443,1855791,1366377,2046062
536,Zeeland,region,NL34,tourism_nights,no,POOL_GR,2026-09-27T17:58:57.344071+00:00,2025-12,2026-07,7,1724114,1547969,1929458,1408362,2127071
536,Zeeland,region,NL34,tourism_nights,no,POOL_GR,2026-09-27T17:58:57.344071+00:00,2025-12,2026-08,8,2358997,2116886,2637736,1921784,2918577
536,Zeeland,region,NL34,tourism_nights,no,POOL_GR,2026-09-27T17:58:57.344071+00:00,2025-12,2026-09,9,1248924,1119104,1398501,1016825,1548111
536,Zeeland,region,NL34,tourism_nights,no,POOL_GR,2026-09-27T17:58:57.344071+00:00,2025-12,2026-10,10,1217639,1089827,1365896,992747,1522372
536,Zeeland,region,NL34,tourism_nights,no,POOL_GR,2026-09-27T17:58:57.344071+00:00,2025-12,2026-11,11,363292,324615,407791,294917,453978
536,Zeeland,region,NL34,tourism_nights,no,POOL_GR,2026-09-27T17:58:57.344071+00:00,2025-12,2026-12,12,352877,315171,396783,285954,442572
549,Zuid-Holland,region,NL36,tourism_nights,no,POOL_GR,2026-09-27T17:58:57.344071+00:00,2025-12,2026-01,1,878277,797665,969329,728939,1061511
549,Zuid-Holland,region,NL36,tourism_nights,no,POOL_GR,2026-09-27T17:58:57.344071+00:00,2025-12,2026-02,2,863662,781398,956269,717992,1046761
549,Zuid-Holland,region,NL36,tourism_nights,no,POOL_GR,2026-09-27T17:58:57.344071+00:00,2025-12,2026-03,3,1157971,1045289,1286739,957519,1413856
549,Zuid-Holland,region,NL36,tourism_nights,no,POOL_GR,2026-09-27T17:58:57.344071+00:00,2025-12,2026-04,4,1669394,1503676,1857261,1379352,2040002
549,Zuid-Holland,region,NL36,tourism_nights,no,POOL_GR,2026-09-27T17:58:57.344071+00:00,2025-12,2026-05,5,1581011,1422482,1763295,1301557,1939942
549,Zuid-Holland,region,NL36,tourism_nights,no,POOL_GR,2026-09-27T17:58:57.344071+00:00,2025-12,2026-06,6,1821085,1637172,2031672,1495874,2239975
549,Zuid-Holland,region,NL36,tourism_nights,no,POOL_GR,2026-09-27T17:58:57.344071+00:00,2025-12,2026-07,7,1833835,1646481,2052247,1497990,2262437
549,Zuid-Holland,region,NL36,tourism_nights,no,POOL_GR,2026-09-27T17:58:57.344071+00:00,2025-12,2026-08,8,2254959,2023526,2521405,1837028,2789860
549,Zuid-Holland,region,NL36,tourism_nights,no,POOL_GR,2026-09-27T17:58:57.344071+00:00,2025-12,2026-09,9,1552658,1391266,1738611,1264114,1924607
549,Zuid-Holland,region,NL36,tourism_nights,no,POOL_GR,2026-09-27T17:58:57.344071+00:00,2025-12,2026-10,10,1520322,1360739,1705433,1239527,1900807
549,Zuid-Holland,region,NL36,tourism_nights,no,POOL_GR,2026-09-27T17:58:57.344071+00:00,2025-12,2026-11,11,1011549,903859,1135454,821168,1264057
549,Zuid-Holland,region,NL36,tourism_nights,no,POOL_GR,2026-09-27T17:58:57.344071+00:00,2025-12,2026-12,12,965886,862678,1086063,782705,1211398
279,Balaton,destination,HU23,tourism_nights,no,POOL_GR,2026-09-27T17:59:51.990321+00:00,2026-06,2026-07,1,2249490,2043024,2482699,1866997,2718801
279,Balaton,destination,HU23,tourism_nights,no,POOL_GR,2026-09-27T17:59:51.990321+00:00,2026-06,2026-08,2,2347571,2123964,2599292,1951617,2845264
279,Balaton,destination,HU23,tourism_nights,no,POOL_GR,2026-09-27T17:59:51.990321+00:00,2026-06,2026-09,3,687974,621027,764477,568881,840001
279,Balaton,destination,HU23,tourism_nights,no,POOL_GR,2026-09-27T17:59:51.990321+00:00,2026-06,2026-10,4,484816,436689,539375,400583,592446
279,Balaton,destination,HU23,tourism_nights,no,POOL_GR,2026-09-27T17:59:51.990321+00:00,2026-06,2026-11,5,334488,300949,373053,275365,410426
279,Balaton,destination,HU23,tourism_nights,no,POOL_GR,2026-09-27T17:59:51.990321+00:00,2026-06,2026-12,6,324356,291599,361864,266432,398965
279,Balaton,destination,HU23,tourism_nights,no,POOL_GR,2026-09-27T17:59:51.990321+00:00,2026-06,2027-01,7,266016,238838,297698,217298,328188
279,Balaton,destination,HU23,tourism_nights,no,POOL_GR,2026-09-27T17:59:51.990321+00:00,2026-06,2027-02,8,290239,260451,324534,236447,359088
279,Balaton,destination,HU23,tourism_nights,no,POOL_GR,2026-09-27T17:59:51.990321+00:00,2026-06,2027-03,9,320332,287034,358696,260801,397069
279,Balaton,destination,HU23,tourism_nights,no,POOL_GR,2026-09-27T17:59:51.990321+00:00,2026-06,2027-04,10,457681,409640,513407,373150,572223
279,Balaton,destination,HU23,tourism_nights,no,POOL_GR,2026-09-27T17:59:51.990321+00:00,2026-06,2027-05,11,649036,579940,728537,526883,811052
279,Balaton,destination,HU23,tourism_nights,no,POOL_GR,2026-09-27T17:59:51.990321+00:00,2026-06,2027-06,12,1067241,953203,1200029,864837,1338516
61,Budapest,destination,HU11,tourism_nights,no,POOL_GR,2026-09-27T17:59:51.990321+00:00,2026-06,2026-07,1,1606872,1459387,1773459,1333646,1942113
61,Budapest,destination,HU11,tourism_nights,no,POOL_GR,2026-09-27T17:59:51.990321+00:00,2026-06,2026-08,2,1889700,1709706,2092326,1570973,2290324
61,Budapest,destination,HU11,tourism_nights,no,POOL_GR,2026-09-27T17:59:51.990321+00:00,2026-06,2026-09,3,1602606,1446656,1780817,1325184,1956746
61,Budapest,destination,HU11,tourism_nights,no,POOL_GR,2026-09-27T17:59:51.990321+00:00,2026-06,2026-10,4,1699391,1530695,1890634,1404137,2076658
61,Budapest,destination,HU11,tourism_nights,no,POOL_GR,2026-09-27T17:59:51.990321+00:00,2026-06,2026-11,5,1542475,1387809,1720315,1269832,1892657
61,Budapest,destination,HU11,tourism_nights,no,POOL_GR,2026-09-27T17:59:51.990321+00:00,2026-06,2026-12,6,1840123,1654287,2052912,1511513,2263393
61,Budapest,destination,HU11,tourism_nights,no,POOL_GR,2026-09-27T17:59:51.990321+00:00,2026-06,2027-01,7,1152286,1034562,1289524,941258,1421597
61,Budapest,destination,HU11,tourism_nights,no,POOL_GR,2026-09-27T17:59:51.990321+00:00,2026-06,2027-02,8,1149553,1031571,1285384,936497,1422240
61,Budapest,destination,HU11,tourism_nights,no,POOL_GR,2026-09-27T17:59:51.990321+00:00,2026-06,2027-03,9,1305468,1169770,1461817,1062861,1618201
61,Budapest,destination,HU11,tourism_nights,no,POOL_GR,2026-09-27T17:59:51.990321+00:00,2026-06,2027-04,10,1459037,1305886,1636686,1189560,1824183
61,Budapest,destination,HU11,tourism_nights,no,POOL_GR,2026-09-27T17:59:51.990321+00:00,2026-06,2027-05,11,1576545,1408705,1769656,1279827,1970090
61,Budapest,destination,HU11,tourism_nights,no,POOL_GR,2026-09-27T17:59:51.990321+00:00,2026-06,2027-06,12,1543158,1378266,1735160,1250496,1935403
280,Debrecen,destination,HU32,tourism_nights,no,POOL_GR,2026-09-27T17:59:51.990321+00:00,2026-06,2026-07,1,390988,355101,431522,324506,472559
280,Debrecen,destination,HU32,tourism_nights,no,POOL_GR,2026-09-27T17:59:51.990321+00:00,2026-06,2026-08,2,459367,415612,508623,381887,556754
280,Debrecen,destination,HU32,tourism_nights,no,POOL_GR,2026-09-27T17:59:51.990321+00:00,2026-06,2026-09,3,180325,162777,200377,149109,220172
280,Debrecen,destination,HU32,tourism_nights,no,POOL_GR,2026-09-27T17:59:51.990321+00:00,2026-06,2026-10,4,159581,143739,177539,131855,195008
280,Debrecen,destination,HU32,tourism_nights,no,POOL_GR,2026-09-27T17:59:51.990321+00:00,2026-06,2026-11,5,138008,124170,153920,113614,169339
280,Debrecen,destination,HU32,tourism_nights,no,POOL_GR,2026-09-27T17:59:51.990321+00:00,2026-06,2026-12,6,124807,112203,139239,102519,153515
280,Debrecen,destination,HU32,tourism_nights,no,POOL_GR,2026-09-27T17:59:51.990321+00:00,2026-06,2027-01,7,113189,101625,126670,92460,139644
280,Debrecen,destination,HU32,tourism_nights,no,POOL_GR,2026-09-27T17:59:51.990321+00:00,2026-06,2027-02,8,122143,109608,136576,99506,151117
280,Debrecen,destination,HU32,tourism_nights,no,POOL_GR,2026-09-27T17:59:51.990321+00:00,2026-06,2027-03,9,126496,113347,141645,102988,156798
280,Debrecen,destination,HU32,tourism_nights,no,POOL_GR,2026-09-27T17:59:51.990321+00:00,2026-06,2027-04,10,145426,130161,163133,118567,181821
280,Debrecen,destination,HU32,tourism_nights,no,POOL_GR,2026-09-27T17:59:51.990321+00:00,2026-06,2027-05,11,183399,163874,205863,148882,229180
280,Debrecen,destination,HU32,tourism_nights,no,POOL_GR,2026-09-27T17:59:51.990321+00:00,2026-06,2027-06,12,221739,198045,249328,179686,278101
